target,kepid,tce_plnt_num,label,period,epoch,duration_hours,original_label
KIC_1162345,1162345,2,0,0.83185,132.227,2.392,AFP
KIC_1162345,1162345,3,0,0.831833,131.919,2.181,AFP
KIC_757450,757450,1,1,8.88492,134.452,2.078,PC
KIC_892667,892667,1,0,2.26211,132.171,7.509,NTP
KIC_892772,892772,1,0,5.0926,133.451,3.399,AFP
KIC_1026957,1026957,1,0,21.7613,144.779,1.277,AFP
KIC_1160891,1160891,1,0,0.940463,132.4,3.354,AFP
KIC_1160891,1160891,2,0,0.940463,131.66,3.332,AFP
KIC_1160891,1160891,3,0,0.94052,132.025,3.188,AFP
KIC_1162150,1162150,2,0,0.778568,131.662,1.399,AFP
KIC_1162150,1162150,1,0,0.778574,131.98,1.361,AFP
KIC_1161345,1161345,1,1,4.28758,133.434,1.113,PC
KIC_1162345,1162345,1,0,0.831777,131.698,2.349,AFP
KIC_1292087,1292087,1,0,0.547626,131.888,1.408,NTP
KIC_1573174,1573174,2,0,0.748347,131.886,2.897,AFP
KIC_1574792,1574792,1,0,1.39175,131.572,3.33,NTP
KIC_1575690,1575690,1,0,1.1262,132.441,1.632,AFP
KIC_1575873,1575873,1,0,0.629008,131.551,1.421,AFP
KIC_1865567,1865567,1,0,0.674634,131.702,2.16,NTP
KIC_1865567,1865567,2,0,1.34942,132.595,3.159,AFP
KIC_1865567,1865567,3,0,1.34947,131.992,2.005,AFP
KIC_2019227,2019227,1,0,2.98032,132.415,8.03,NTP
KIC_2019477,2019477,1,1,27.2481,131.912,10.76,PC
KIC_2167600,2167600,1,0,1.69146,132.463,2.232,NTP
KIC_2167600,2167600,2,0,3.38294,131.639,4.822,AFP
KIC_2167600,2167600,3,0,3.38292,133.417,7.093,AFP
KIC_2306740,2306740,2,0,10.3069,133.432,7.5,AFP
KIC_2306740,2306740,3,0,10.307,138.748,18.64,AFP
KIC_2307199,2307199,1,0,13.4472,132.83,2.33,AFP
KIC_2439211,2439211,2,0,0.499972,131.62,1.385,AFP
KIC_2439243,2439243,1,1,26.0204,154.527,4.737,PC
KIC_2554853,2554853,1,0,3.51468,132.251,4.885,AFP
KIC_2554853,2554853,2,0,3.51349,133.85,7.943,AFP
KIC_2554867,2554867,2,0,0.723891,132.122,2.489,AFP
KIC_2578072,2578072,1,0,0.968246,132.411,6.848,AFP
KIC_2578077,2578077,1,0,1.87905,133.276,5.695,AFP
KIC_2578077,2578077,2,0,1.87845,132.8,4.979,AFP
KIC_2693092,2693092,2,0,39.8415,141.997,7.328,AFP
KIC_2693097,2693097,1,0,1.41352,132.125,4.822,NTP
KIC_2693097,2693097,2,0,4.24047,132.84,7.312,NTP
KIC_2693097,2693097,3,0,2.82707,132.827,8.768,NTP
KIC_2714932,2714932,1,0,1.93658,133.363,6.319,AFP
KIC_2714932,2714932,2,0,1.93652,132.486,6.076,AFP
KIC_2714947,2714947,1,0,0.968245,132.456,5.362,AFP
KIC_2714954,2714954,1,0,0.968155,132.518,1.23,AFP
KIC_2722074,2722074,1,0,1.93859,131.79,7.168,NTP
KIC_2854698,2854698,1,1,8.18736,138.061,3.019,PC
KIC_2854698,2854698,2,1,76.051,161.706,6.691,PC
KIC_2854914,2854914,1,1,25.9341,149.761,4.779,PC
KIC_2854914,2854914,2,1,83.4463,158.682,6.621,PC
KIC_2987660,2987660,2,0,0.904939,132.327,5.193,NTP
KIC_2988145,2988145,1,0,1.23358,132.362,4.5,AFP
KIC_2988145,2988145,2,0,1.23355,131.563,4.36,AFP
KIC_2992648,2992648,2,0,3.23279,133.681,5.294,AFP
KIC_2992648,2992648,3,0,3.23213,132.619,6.282,AFP
KIC_2855603,2855603,2,0,0.758263,131.955,2.344,AFP
KIC_2856756,2856756,1,0,0.641049,131.645,1.891,AFP
KIC_2857323,2857323,2,0,0.548762,131.962,1.342,AFP
KIC_2857607,2857607,1,1,41.8668,147.006,5.656,PC
KIC_2857722,2857722,1,0,0.630084,132.139,1.11,AFP
KIC_2857722,2857722,2,0,0.630087,131.709,0.8888,AFP
KIC_2860114,2860114,1,0,0.941598,132.037,0.9807,AFP
KIC_2860594,2860594,1,0,5.49994,132.816,10.08,AFP
KIC_2860594,2860594,3,0,5.50026,136.528,15.24,AFP
KIC_2860594,2860594,4,0,5.50012,134.535,15.0,AFP
KIC_2307199,2307199,2,0,13.4457,133.221,21.53,AFP
KIC_2860851,2860851,1,0,1.19676,132.024,1.656,AFP
KIC_2860851,2860851,2,0,1.19686,132.548,1.8,AFP
KIC_2439798,2439798,1,0,459.313,260.216,2.587,NTP
KIC_2969628,2969628,2,0,1.97363,131.957,1.905,AFP
KIC_2969628,2969628,3,0,1.97363,132.653,1.789,AFP
KIC_2969638,2969638,1,0,1.97361,131.935,3.286,AFP
KIC_2554867,2554867,3,0,0.72386,131.837,2.967,AFP
KIC_2970804,2970804,1,0,0.686988,131.667,1.301,AFP
KIC_2971415,2971415,2,0,7.35389,136.198,15.45,AFP
KIC_2693450,2693450,1,0,0.847716,131.731,3.172,AFP
KIC_2974858,2974858,1,0,0.996298,131.835,3.803,NTP
KIC_2975770,2975770,1,1,71.5254,191.691,5.972,PC
KIC_2714955,2714955,1,0,0.982769,132.08,5.315,NTP
KIC_2985398,2985398,1,0,0.582576,131.682,1.251,AFP
KIC_2985398,2985398,2,0,0.581897,132.026,0.6458,AFP
KIC_2985587,2985587,1,1,3.37572,134.213,1.293,PC
KIC_2985767,2985767,1,1,14.0797,139.958,1.44,PC
KIC_2988768,2988768,1,0,459.312,260.216,3.797,NTP
KIC_2989404,2989404,1,1,3.55382,134.644,3.036,PC
KIC_1294670,1294670,1,0,0.593624,131.759,1.855,AFP
KIC_1294670,1294670,2,0,0.593647,132.05,2.318,AFP
KIC_1576115,1576115,2,0,1.81441,132.603,3.315,AFP
KIC_1867630,1867630,1,0,1.38953,131.995,6.144,NTP
KIC_2019477,2019477,2,1,20.5715,149.246,14.5,PC
KIC_2019477,2019477,4,0,3.02213,134.327,9.04,NTP
KIC_2167890,2167890,1,0,2.64829,133.038,2.649,AFP
KIC_2167890,2167890,2,0,2.64828,131.718,1.916,AFP
KIC_2307206,2307206,1,0,204.029,253.54,10.5,AFP
KIC_2307206,2307206,2,0,204.033,152.963,11.69,AFP
KIC_2307415,2307415,1,1,4.61264,132.782,3.075,PC
KIC_2307415,2307415,2,1,13.1216,133.394,3.504,PC
KIC_2440757,2440757,1,0,2.86751,131.696,0.9959,AFP
KIC_2440757,2440757,2,0,2.8675,133.132,0.7864,AFP
KIC_2441151,2441151,1,0,2.19199,132.22,2.273,AFP
KIC_2441161,2441161,1,0,2.19202,132.212,3.017,AFP
KIC_2556650,2556650,1,1,2.85236,132.043,0.8872,PC
KIC_2578404,2578404,1,0,0.872278,132.028,4.317,AFP
KIC_2578404,2578404,2,0,0.872247,132.266,3.171,AFP
KIC_2578811,2578811,1,0,6.20972,135.254,2.768,NTP
KIC_2578891,2578891,1,0,2.32728,132.235,3.182,NTP
KIC_2693450,2693450,2,0,0.847666,132.188,2.875,AFP
KIC_2693736,2693736,1,1,12.124,134.956,3.307,PC
KIC_2694337,2694337,1,0,0.812927,131.928,2.177,AFP
KIC_2694337,2694337,2,0,0.812865,132.269,6.151,AFP
KIC_2715053,2715053,1,0,0.968256,131.505,4.51,AFP
KIC_2715113,2715113,1,0,0.968253,132.441,5.039,AFP
KIC_2715119,2715119,1,0,0.968286,132.454,3.561,AFP
KIC_2715135,2715135,1,1,5.74772,133.298,1.884,PC
KIC_2830919,2830919,1,0,1.54039,132.005,1.876,AFP
KIC_2831055,2831055,1,1,2.20925,131.901,2.607,PC
KIC_2854948,2854948,1,0,0.974299,132.386,0.9358,NTP
KIC_2854953,2854953,2,0,1.7248,133.144,3.716,NTP
KIC_1295289,1295289,1,0,459.319,260.207,3.95,NTP
KIC_1295546,1295546,1,0,1.96443,133.301,3.723,AFP
KIC_1295546,1295546,2,0,1.96449,132.233,11.41,AFP
KIC_1296164,1296164,1,0,1.96786,132.225,0.5097,AFP
KIC_1576115,1576115,3,0,1.81438,133.205,3.492,AFP
KIC_1576115,1576115,4,0,1.8143,132.012,6.0,AFP
KIC_1576144,1576144,1,0,2.68671,132.152,1.867,AFP
KIC_1869607,1869607,1,0,12.0604,135.979,19.8,AFP
KIC_1869607,1869607,2,0,12.0587,133.893,17.35,AFP
KIC_1870398,1870398,1,1,43.1593,132.029,21.26,PC
KIC_1870849,1870849,1,0,0.53452,131.976,1.501,AFP
KIC_2021440,2021440,1,0,7.81154,136.327,5.339,AFP
KIC_2168333,2168333,2,0,0.629072,131.733,1.164,NTP
KIC_2307533,2307533,1,0,3.76213,134.266,4.358,AFP
KIC_2307533,2307533,3,0,3.76232,135.231,7.347,AFP
KIC_2308603,2308603,1,0,459.313,260.213,6.118,NTP
KIC_2441495,2441495,1,1,12.4934,138.462,2.238,PC
KIC_2441728,2441728,1,0,0.85688,131.969,1.277,AFP
KIC_2557816,2557816,1,1,9.37889,138.938,3.328,PC
KIC_2578901,2578901,1,0,2.32694,132.72,1.916,AFP
KIC_2578901,2578901,2,0,2.32852,131.776,7.23,AFP
KIC_2695030,2695030,1,0,0.678443,131.959,2.102,AFP
KIC_2695030,2695030,2,0,0.678468,131.607,2.496,AFP
KIC_2695110,2695110,1,0,44.1894,165.801,6.733,AFP
KIC_2696703,2696703,1,1,6.09405,133.66,1.81,PC
KIC_2715135,2715135,2,0,0.968314,132.349,6.073,AFP
KIC_2715228,2715228,1,0,0.968208,132.463,3.071,AFP
KIC_2715245,2715245,1,0,1.93654,133.401,5.276,AFP
KIC_2831251,2831251,1,0,5.8131,131.531,3.662,AFP
KIC_2832589,2832589,1,1,10.8497,136.744,3.842,PC
KIC_2832753,2832753,1,0,3.5511,134.926,5.849,AFP
KIC_2832753,2832753,2,0,3.55131,132.289,4.369,AFP
KIC_2856756,2856756,2,0,0.640994,131.862,1.991,AFP
KIC_2856756,2856756,3,0,0.641043,132.078,1.448,AFP
KIC_2857323,2857323,1,0,0.548548,131.906,1.789,AFP
KIC_1296164,1296164,2,0,1.96089,132.352,2.722,AFP
KIC_1296164,1296164,3,0,1.96131,133.129,5.339,AFP
KIC_1429120,1429120,1,0,0.760632,132.258,1.479,AFP
KIC_1576144,1576144,2,0,2.68674,132.362,1.978,AFP
KIC_1870849,1870849,2,0,0.796828,132.073,2.534,AFP
KIC_1870849,1870849,3,0,0.796837,131.769,2.439,AFP
KIC_1870849,1870849,4,0,0.534527,131.605,1.5,AFP
KIC_1871056,1871056,1,1,40.8063,155.721,13.17,PC
KIC_2021440,2021440,2,0,7.81157,131.53,2.908,AFP
KIC_2141783,2141783,1,1,116.52,144.147,3.563,PC
KIC_2282763,2282763,1,0,1.05344,131.592,3.19,NTP
KIC_2282763,2282763,2,0,0.688266,131.723,1.598,NTP
KIC_2282763,2282763,3,0,3.76167,133.821,2.766,NTP
KIC_2308957,2308957,1,0,1.10982,132.165,3.5,NTP
KIC_2309568,2309568,1,0,373.85,430.816,12.18,NTP
KIC_2309568,2309568,2,0,5.47403,132.68,14.51,NTP
KIC_2309579,2309579,1,0,1.04369,132.548,3.327,AFP
KIC_2442084,2442084,1,0,49.7886,175.193,7.398,AFP
KIC_2442084,2442084,2,0,49.7886,134.385,3.776,AFP
KIC_2442118,2442118,1,0,1.22148,132.013,3.905,AFP
KIC_2442118,2442118,2,0,1.22172,132.725,2.669,AFP
KIC_2442359,2442359,1,0,0.552831,131.757,1.176,AFP
KIC_2558163,2558163,1,1,17.5436,138.919,6.894,PC
KIC_2558363,2558363,1,0,0.546234,131.598,1.05,AFP
KIC_2558370,2558370,1,1,0.54625,131.581,1.073,PC
KIC_2579043,2579043,1,1,6.31216,136.936,4.847,PC
KIC_2579147,2579147,1,0,7.35291,134.201,12.5,AFP
KIC_2579147,2579147,2,0,14.7061,144.903,15.51,NTP
KIC_2579147,2579147,3,0,7.35317,132.269,15.04,AFP
KIC_2696938,2696938,1,0,573.587,131.578,10.46,NTP
KIC_2707097,2707097,1,0,0.692797,131.897,0.5059,AFP
KIC_2715282,2715282,1,0,0.968163,132.491,5.249,AFP
KIC_2715398,2715398,1,0,0.968354,132.341,4.116,AFP
KIC_2715487,2715487,1,0,0.700442,131.88,1.615,AFP
KIC_2715487,2715487,2,0,0.700452,132.064,1.709,AFP
KIC_2833554,2833554,1,0,2.08014,133.347,5.775,AFP
KIC_2833554,2833554,2,0,2.08023,132.257,7.487,AFP
KIC_2857722,2857722,3,0,0.630106,131.901,0.717,AFP
KIC_2859299,2859299,1,0,0.643683,131.992,0.9114,AFP
KIC_2859299,2859299,2,0,0.643679,131.68,1.023,AFP
KIC_1429120,1429120,2,0,0.760636,131.907,3.041,AFP
KIC_1429589,1429589,1,1,38.1688,144.468,6.769,PC
KIC_1429653,1429653,1,0,2.33824,133.096,6.703,AFP
KIC_1576558,1576558,1,0,3.79584,134.649,15.38,NTP
KIC_1577039,1577039,1,0,3.07312,132.668,4.649,AFP
KIC_1577039,1577039,2,0,3.07306,133.824,2.368,AFP
KIC_1871056,1871056,2,1,140.103,216.217,17.94,PC
KIC_2141938,2141938,1,0,1.2538,132.448,2.688,AFP
KIC_2141938,2141938,2,0,1.25373,131.946,4.735,AFP
KIC_2142522,2142522,1,1,13.3235,134.037,3.952,PC
KIC_2283124,2283124,1,0,0.611056,132.097,1.468,AFP
KIC_2283124,2283124,2,0,0.611014,131.778,2.067,AFP
KIC_2283362,2283362,1,0,0.673138,131.69,1.07,AFP
KIC_2309579,2309579,2,0,1.04366,131.779,2.109,AFP
KIC_2309585,2309585,1,0,1.83852,132.095,1.5,AFP
KIC_2309587,2309587,1,0,1.83851,132.102,3.109,AFP
KIC_2309719,2309719,1,1,54.3563,164.07,6.378,PC
KIC_2442448,2442448,1,1,76.6135,153.799,9.547,PC
KIC_2443393,2443393,1,1,73.7097,202.806,10.36,PC
KIC_2558488,2558488,1,0,1.28785,132.403,3.514,NTP
KIC_2568971,2568971,1,0,5.08857,134.059,4.612,NTP
KIC_2579814,2579814,1,0,2.79091,133.906,11.37,NTP
KIC_2580872,2580872,1,0,15.9266,145.552,5.0,AFP
KIC_2707479,2707479,2,0,0.950029,132.165,3.034,AFP
KIC_2707479,2707479,3,0,0.95013,131.606,3.5,AFP
KIC_2707916,2707916,1,0,1.89129,132.676,3.549,AFP
KIC_2715695,2715695,1,1,4.0958,131.618,1.726,PC
KIC_2715695,2715695,2,1,7.55877,137.966,1.108,PC
KIC_2716801,2716801,1,1,42.5215,136.134,6.096,PC
KIC_2835657,2835657,1,0,0.761739,131.957,1.458,NTP
KIC_2837111,2837111,1,1,8.73486,135.085,4.357,PC
KIC_2860656,2860656,1,1,4.11492,135.327,3.12,PC
KIC_2860793,2860793,1,0,2.62986,132.074,4.058,AFP
KIC_2860793,2860793,2,0,3.72882,132.441,5.602,NTP
KIC_1429653,1429653,2,0,2.33844,132.286,7.424,AFP
KIC_1430207,1430207,1,0,399.527,490.221,11.73,NTP
KIC_1430590,1430590,1,0,0.693353,131.982,1.909,NTP
KIC_1577039,1577039,3,0,3.07338,131.559,5.531,AFP
KIC_1577039,1577039,4,0,3.07309,133.661,7.645,AFP
KIC_1872821,1872821,1,1,10.2738,134.651,3.125,PC
KIC_1872948,1872948,1,0,1.38606,131.646,3.533,AFP
KIC_1872948,1872948,2,0,1.38635,131.743,5.069,AFP
KIC_2157489,2157489,1,0,1.35724,132.48,3.918,AFP
KIC_2283362,2283362,2,0,0.673128,132.017,1.815,AFP
KIC_2297728,2297728,1,0,1.80016,132.679,5.861,NTP
KIC_2297728,2297728,2,0,0.535446,131.683,1.483,NTP
KIC_2309910,2309910,1,0,1.84362,132.305,4.566,AFP
KIC_2310284,2310284,1,0,1.39938,132.621,4.218,NTP
KIC_2444412,2444412,1,1,14.9112,141.325,3.45,PC
KIC_2445129,2445129,1,0,10.3188,132.04,2.911,AFP
KIC_2568971,2568971,4,0,0.508855,131.942,1.5,NTP
KIC_2569488,2569488,1,0,1.52327,132.335,3.246,AFP
KIC_2569494,2569494,1,0,1.52333,132.312,4.571,AFP
KIC_2569516,2569516,1,0,45.5829,138.675,3.38,AFP
KIC_2580872,2580872,2,0,15.9266,137.042,11.11,AFP
KIC_2580872,2580872,3,0,15.9265,144.648,1.5,AFP
KIC_2581191,2581191,1,0,1.99044,132.712,2.972,AFP
KIC_2707985,2707985,1,0,1.89129,132.686,4.669,AFP
KIC_2708172,2708172,1,0,1.89117,132.758,4.412,AFP
KIC_2716853,2716853,1,1,18.8274,139.709,4.622,PC
KIC_2717158,2717158,1,1,13.2226,144.298,4.037,PC
KIC_2846358,2846358,2,0,2.3922,132.737,7.486,NTP
KIC_2846358,2846358,3,0,1.10611,131.908,3.564,NTP
KIC_2849140,2849140,1,1,11.8233,139.463,8.043,PC
KIC_2860866,2860866,1,1,90.1249,175.979,12.54,PC
KIC_2860930,2860930,1,0,459.269,260.303,2.881,NTP
KIC_1430741,1430741,1,0,1.41664,132.075,4.194,AFP
KIC_1430741,1430741,2,0,1.41676,131.538,4.581,AFP
KIC_1431122,1431122,1,1,4.29894,132.858,2.235,PC
KIC_1717528,1717528,1,0,9.31395,135.775,0.9989,NTP
KIC_1717722,1717722,1,1,4.53703,132.181,1.767,PC
KIC_1717722,1717722,2,1,0.977284,131.716,1.54,PC
KIC_1718189,1718189,1,1,21.8536,144.32,3.496,PC
KIC_1872948,1872948,3,0,1.38581,132.69,5.25,AFP
KIC_1873513,1873513,1,1,3.29038,131.878,1.775,PC
KIC_2157489,2157489,2,0,1.35734,131.758,2.806,AFP
KIC_2158190,2158190,1,0,0.984451,131.564,2.927,NTP
KIC_2158208,2158208,2,0,0.768036,131.521,2.501,AFP
KIC_2297739,2297739,1,0,1.61112,132.641,6.008,NTP
KIC_2297739,2297739,2,0,4.16026,135.34,12.33,NTP
KIC_2297793,2297793,1,0,459.137,260.363,15.58,NTP
KIC_2422539,2422539,1,0,118.244,223.767,9.482,NTP
KIC_2436378,2436378,1,0,8.53161,136.278,2.913,AFP
KIC_2445129,2445129,2,0,10.3186,134.833,3.799,AFP
KIC_2445134,2445134,1,0,8.41201,139.649,5.402,AFP
KIC_2445134,2445134,2,0,8.41201,135.448,5.138,AFP
KIC_2445154,2445154,1,0,8.41217,139.632,4.103,AFP
KIC_2570281,2570281,1,0,14.4713,145.93,11.49,AFP
KIC_2570281,2570281,2,0,14.4712,145.374,28.79,AFP
KIC_2570432,2570432,1,0,1.89145,132.592,5.72,AFP
KIC_2570505,2570505,1,0,1.89126,132.69,4.825,AFP
KIC_2581316,2581316,1,1,217.832,238.82,21.34,PC
KIC_2581316,2581316,2,1,10.5142,134.57,3.77,PC
KIC_2708176,2708176,1,0,1.89129,132.67,4.393,AFP
KIC_2708203,2708203,1,0,1.89125,132.685,2.754,AFP
KIC_2708221,2708221,1,0,1.89116,132.749,4.295,AFP
KIC_2708270,2708270,1,0,1.89126,132.701,3.321,AFP
KIC_2717483,2717483,1,0,0.737176,132.07,2.233,AFP
KIC_2717483,2717483,2,0,0.737207,131.567,2.0,AFP
KIC_2849805,2849805,1,1,3.7491,135.109,1.825,PC
KIC_2969638,2969638,2,0,1.97359,132.489,3.858,AFP
KIC_2969991,2969991,1,0,3.40982,134.645,5.845,AFP
KIC_2969991,2969991,2,0,3.4096,133.167,7.548,AFP
KIC_1431794,1431794,3,0,0.515946,131.955,1.47,NTP
KIC_1718189,1718189,2,1,13.0607,137.635,3.18,PC
KIC_1718189,1718189,3,1,86.7239,195.348,4.742,PC
KIC_1718290,1718290,1,0,0.877347,131.644,1.486,AFP
KIC_1995519,1995519,1,1,19.9402,142.346,3.778,PC
KIC_1995732,1995732,1,0,77.3624,139.096,12.14,AFP
KIC_1995732,1995732,2,0,77.3609,171.323,13.62,AFP
KIC_1996180,1996180,1,1,3.02558,134.368,2.968,PC
KIC_2158208,2158208,3,0,0.76799,131.935,3.074,AFP
KIC_2159700,2159700,1,0,516.139,379.727,7.001,NTP
KIC_2159852,2159852,1,0,1.38532,132.016,3.077,AFP
KIC_2437060,2437060,1,0,3.1871,132.85,6.963,AFP
KIC_2437112,2437112,1,0,18.7983,138.024,4.21,AFP
KIC_2437112,2437112,2,0,9.39923,137.833,3.956,AFP
KIC_2445975,2445975,1,0,3.38886,131.596,2.384,AFP
KIC_2445975,2445975,2,0,3.38932,131.674,2.061,AFP
KIC_2570767,2570767,1,0,1.89121,132.704,4.922,AFP
KIC_2570773,2570773,1,0,1.89136,132.632,3.882,AFP
KIC_2581457,2581457,1,0,2.61751,132.1,4.801,AFP
KIC_2581457,2581457,2,0,2.61682,133.353,9.011,AFP
KIC_2581554,2581554,1,1,47.1484,175.269,3.167,PC
KIC_2708278,2708278,1,0,1.89122,132.718,3.915,AFP
KIC_2708286,2708286,1,0,1.89131,132.66,4.006,AFP
KIC_2708343,2708343,1,0,1.89128,132.681,4.222,AFP
KIC_2718630,2718630,2,0,1.29898,132.631,3.25,AFP
KIC_2718630,2718630,3,0,1.29904,132.102,3.035,AFP
KIC_2718778,2718778,1,1,3.92453,132.398,3.526,PC
KIC_2851100,2851100,1,0,0.890086,132.384,0.9813,AFP
KIC_2851100,2851100,2,0,0.890067,131.944,1.069,AFP
KIC_2852528,2852528,1,0,11.9616,131.895,3.239,AFP
KIC_2852560,2852560,1,0,11.9613,131.913,3.0,AFP
KIC_2852560,2852560,2,0,11.9613,140.456,7.873,AFP
KIC_2970836,2970836,1,0,1.65939,132.443,5.779,AFP
KIC_2970836,2970836,2,0,1.65936,132.951,9.4,AFP
KIC_2971415,2971415,1,0,7.35592,138.691,14.58,AFP
KIC_1432214,1432214,1,0,161.788,214.039,5.299,AFP
KIC_1432214,1432214,2,0,161.778,230.891,7.596,AFP
KIC_1432789,1432789,1,1,9.93142,136.492,5.967,PC
KIC_1432789,1432789,2,1,4.5783,132.305,3.867,PC
KIC_1718290,1718290,2,0,0.877386,131.845,1.589,AFP
KIC_1718290,1718290,3,0,0.877344,132.185,1.045,AFP
KIC_1718594,1718594,1,0,2.71872,132.792,6.884,AFP
KIC_1718594,1718594,2,0,2.71862,131.762,5.966,AFP
KIC_1996180,1996180,2,1,5.42204,133.459,2.817,PC
KIC_1996679,1996679,1,0,145.563,146.059,5.745,AFP
KIC_1996679,1996679,2,0,145.556,275.978,5.969,AFP
KIC_2159852,2159852,2,0,1.38525,132.327,2.187,AFP
KIC_2159852,2159852,3,0,1.38531,131.756,2.111,AFP
KIC_2161536,2161536,1,1,16.8559,138.268,2.372,PC
KIC_2161623,2161623,1,0,2.28355,132.301,3.5,AFP
KIC_2300603,2300603,1,0,3.25022,132.681,3.965,AFP
KIC_2300603,2300603,2,0,3.25184,134.373,5.714,AFP
KIC_2300603,2300603,3,0,3.25145,132.824,6.498,AFP
KIC_2300603,2300603,4,0,3.25154,133.939,12.0,AFP
KIC_2437112,2437112,3,0,3.1874,132.802,6.235,AFP
KIC_2437149,2437149,1,0,18.7987,138.026,6.0,AFP
KIC_2437149,2437149,2,0,18.7986,147.228,5.0,AFP
KIC_2445975,2445975,3,0,3.38859,134.859,1.663,AFP
KIC_2446113,2446113,1,0,6.71724,137.414,2.71,AFP
KIC_2446113,2446113,2,1,23.1377,152.161,3.625,PC
KIC_2446623,2446623,1,0,175.066,179.044,4.526,AFP
KIC_2571075,2571075,1,0,1.89134,132.674,3.143,AFP
KIC_2571238,2571238,1,1,9.28697,135.994,3.369,PC
KIC_2571417,2571417,1,0,3.77813,132.049,8.408,AFP
KIC_2571417,2571417,2,0,3.77795,135.371,15.52,AFP
KIC_2581674,2581674,1,0,0.695242,131.93,1.544,AFP
KIC_2581674,2581674,2,0,0.695246,132.168,2.023,AFP
KIC_2581674,2581674,3,0,0.695219,131.728,2.466,AFP
KIC_2708420,2708420,1,0,1.89125,132.696,3.52,AFP
KIC_2708445,2708445,1,0,1.89121,132.72,3.234,AFP
KIC_2718944,2718944,1,0,0.693213,131.693,1.874,AFP
KIC_2718944,2718944,2,0,0.69317,131.957,1.96,AFP
KIC_2719125,2719125,1,0,1.84493,131.813,3.987,AFP
KIC_2852560,2852560,3,0,23.9225,143.676,15.0,AFP
KIC_2852560,2852560,4,0,23.9225,131.709,15.0,AFP
KIC_2852810,2852810,1,0,4.75461,135.516,14.94,NTP
KIC_2973386,2973386,1,1,31.0207,138.019,1.833,PC
KIC_2973509,2973509,1,0,6.62761,132.547,6.127,AFP
KIC_2973509,2973509,2,0,6.62754,135.431,5.0,AFP
KIC_2973800,2973800,1,0,459.281,260.268,5.312,NTP
KIC_1433399,1433399,1,0,2.12652,133.524,7.24,AFP
KIC_1433399,1433399,2,0,2.12643,132.131,7.438,AFP
KIC_1433399,1433399,3,0,2.12646,132.854,7.05,AFP
KIC_1718594,1718594,3,0,0.922481,131.681,1.122,NTP
KIC_1718958,1718958,1,1,1.41976,132.923,1.525,PC
KIC_1719308,1719308,1,0,36.5714,164.867,15.41,NTP
KIC_1720673,1720673,1,0,572.875,290.528,6.0,NTP
KIC_1996773,1996773,1,0,624.57,341.895,24.5,NTP
KIC_2010191,2010191,1,0,3.43523,132.643,2.733,AFP
KIC_2010414,2010414,1,0,2.55561,132.674,5.603,AFP
KIC_2010414,2010414,2,0,2.55585,133.46,5.425,AFP
KIC_2302548,2302548,1,1,10.3812,133.069,2.783,PC
KIC_2302548,2302548,2,1,24.5708,135.875,2.746,PC
KIC_2437488,2437488,1,0,14.4702,141.803,5.503,AFP
KIC_2437488,2437488,2,0,14.4701,134.581,7.872,AFP
KIC_2437505,2437505,1,0,21.4764,149.262,4.813,AFP
KIC_2447832,2447832,1,0,0.921376,132.153,3.167,AFP
KIC_2447832,2447832,2,0,0.921383,131.684,5.56,AFP
KIC_2571417,2571417,3,0,3.77578,134.134,14.88,AFP
KIC_2571417,2571417,4,0,13.8807,132.059,1.945,NTP
KIC_2583153,2583153,1,0,0.636799,131.577,1.876,AFP
KIC_2583153,2583153,2,0,0.636857,131.853,2.661,AFP
KIC_2708885,2708885,1,0,1.1469,132.283,1.732,AFP
KIC_2710327,2710327,1,0,498.701,181.434,3.682,NTP
KIC_2710406,2710406,1,0,4.25399,132.395,14.88,AFP
KIC_2719125,2719125,2,0,1.845,132.5,6.315,AFP
KIC_2719436,2719436,1,0,0.745257,131.928,1.912,NTP
KIC_2719873,2719873,1,0,17.2793,135.274,5.106,AFP
KIC_2719873,2719873,2,0,17.2793,143.895,4.234,AFP
KIC_2852941,2852941,2,1,2.89496,132.621,3.087,PC
KIC_2853029,2853029,1,1,72.9332,198.113,3.835,PC
KIC_2853093,2853093,1,1,161.528,198.0,3.646,PC
KIC_2853280,2853280,1,0,1.32105,132.002,2.223,AFP
KIC_2975770,2975770,2,1,369.079,298.39,5.357,PC
KIC_2976017,2976017,1,1,3.19942,133.002,1.647,PC
KIC_1433899,1433899,1,0,0.520742,131.698,2.15,NTP
KIC_1433962,1433962,1,0,1.59262,132.336,3.444,AFP
KIC_1721157,1721157,1,1,3.44926,133.386,1.5,PC
KIC_1721361,1721361,1,0,3.02232,133.055,11.8,NTP
KIC_2010414,2010414,3,0,2.55504,132.272,5.947,AFP
KIC_2010414,2010414,4,0,2.55599,131.545,7.808,AFP
KIC_2162635,2162635,2,0,3.30306,133.252,16.56,NTP
KIC_2162904,2162904,1,0,1.53979,132.295,4.257,AFP
KIC_2162904,2162904,2,0,0.64796,131.937,2.128,NTP
KIC_2162904,2162904,3,0,1.53978,131.802,4.637,AFP
KIC_2303304,2303304,1,0,0.555037,132.054,2.032,NTP
KIC_2303365,2303365,1,0,0.520683,131.805,1.122,AFP
KIC_2303365,2303365,2,0,0.520697,132.001,1.223,AFP
KIC_2303365,2303365,3,0,0.520703,131.583,1.5,AFP
KIC_2303903,2303903,1,1,3.70852,134.488,1.605,PC
KIC_2437505,2437505,2,0,21.4767,139.951,7.936,AFP
KIC_2437783,2437783,1,0,7.45345,131.735,4.123,AFP
KIC_2448307,2448307,1,0,1.5993,132.036,4.827,NTP
KIC_2449053,2449053,1,0,0.739747,131.816,2.321,AFP
KIC_2449074,2449074,1,0,4.94406,134.193,3.107,AFP
KIC_2449074,2449074,2,0,4.94409,131.714,2.997,AFP
KIC_2571868,2571868,2,0,0.534613,131.917,1.503,AFP
KIC_2571868,2571868,3,0,0.52569,131.943,1.463,AFP
KIC_2572029,2572029,1,1,6.00611,133.411,3.858,PC
KIC_2573056,2573056,1,0,0.631787,131.91,1.123,AFP
KIC_2710406,2710406,2,0,4.2536,135.292,15.02,AFP
KIC_2710406,2710406,3,0,4.25357,133.929,15.01,AFP
KIC_2710623,2710623,1,0,0.510487,131.629,2.408,AFP
KIC_2719928,2719928,1,0,4.19091,134.813,8.452,NTP
KIC_2719928,2719928,2,0,29.3377,136.738,8.602,NTP
KIC_2719928,2719928,3,0,1.72646,132.319,5.479,NTP
KIC_2853280,2853280,2,0,1.32106,132.664,2.041,AFP
KIC_2853280,2853280,3,0,1.30019,132.291,4.411,AFP
KIC_2985054,2985054,1,0,0.9129,131.543,2.333,NTP
KIC_2985396,2985396,1,0,1.30588,131.721,2.659,AFP
KIC_2985396,2985396,2,0,1.30605,132.342,4.693,AFP
KIC_1433980,1433980,2,0,1.59261,132.547,1.623,AFP
KIC_1433980,1433980,3,0,1.59957,133.063,3.764,AFP
KIC_1434660,1434660,1,0,0.528498,131.791,1.211,AFP
KIC_1434660,1434660,2,0,0.528502,131.573,1.04,AFP
KIC_1724222,1724222,1,0,0.888567,132.114,3.942,AFP
KIC_1724222,1724222,2,0,0.888633,131.667,2.565,AFP
KIC_1724513,1724513,1,0,1.97518,131.637,1.622,AFP
KIC_1724719,1724719,1,1,5.79186,133.351,3.381,PC
KIC_2011424,2011424,1,0,0.521164,131.61,1.312,AFP
KIC_2011424,2011424,2,0,0.521309,131.679,1.95,AFP
KIC_2011424,2011424,3,0,0.521095,131.967,2.0,AFP
KIC_2012722,2012722,1,0,2.32604,131.869,3.008,AFP
KIC_2012722,2012722,2,0,2.32639,133.194,1.918,AFP
KIC_2163326,2163326,1,0,459.252,260.339,3.001,NTP
KIC_2164169,2164169,1,1,32.3125,133.859,6.345,PC
KIC_2304168,2304168,1,0,0.524588,131.991,2.274,AFP
KIC_2304168,2304168,2,0,0.524502,131.975,1.985,AFP
KIC_2304235,2304235,1,0,0.570592,132.054,1.154,AFP
KIC_2304235,2304235,2,0,0.570607,131.855,1.5,AFP
KIC_2437804,2437804,1,0,7.45325,131.754,3.335,AFP
KIC_2438062,2438062,1,0,2.44292,132.022,3.977,AFP
KIC_2449090,2449090,1,0,4.94405,134.192,4.521,AFP
KIC_2449090,2449090,2,0,4.94403,131.723,4.376,AFP
KIC_2449101,2449101,1,0,0.739723,131.829,2.409,AFP
KIC_2574201,2574201,1,0,37.4783,157.317,5.221,AFP
KIC_2574338,2574338,1,1,9.22958,138.444,2.188,PC
KIC_2574543,2574543,1,0,6.70261,134.373,3.107,AFP
KIC_2583777,2583777,1,0,0.958119,132.053,1.333,AFP
KIC_2583777,2583777,2,0,0.958091,131.582,3.0,AFP
KIC_2584163,2584163,1,1,14.5598,135.95,5.521,PC
KIC_2711123,2711123,1,0,2.85889,134.176,1.619,AFP
KIC_2711123,2711123,2,0,2.85892,132.744,1.474,AFP
KIC_2711597,2711597,1,0,0.980399,131.794,1.17,AFP
KIC_2720514,2720514,1,0,1.37126,131.948,1.606,AFP
KIC_2720582,2720582,1,0,0.710484,131.792,1.282,AFP
KIC_2853320,2853320,1,0,5.06537,135.016,9.235,AFP
KIC_2853320,2853320,2,0,5.06548,132.02,5.806,AFP
KIC_2986833,2986833,1,1,0.91218,131.812,1.211,PC
KIC_2987027,2987027,1,1,17.2763,133.839,3.957,PC
KIC_2987433,2987433,1,0,420.929,196.686,17.39,AFP
KIC_1434800,1434800,1,0,3.98649,133.455,7.779,AFP
KIC_1434800,1434800,2,0,3.98679,134.509,7.433,AFP
KIC_1434800,1434800,3,0,1.32887,132.328,4.348,NTP
KIC_1724719,1724719,2,1,10.0991,132.315,3.302,PC
KIC_1724961,1724961,1,0,4.87285,135.638,10.53,NTP
KIC_2013883,2013883,1,0,0.764609,131.688,1.054,NTP
KIC_2014991,2014991,1,0,6.49681,132.17,2.686,AFP
KIC_2015013,2015013,1,0,13.9462,132.07,2.537,AFP
KIC_2164884,2164884,1,0,562.704,335.698,12.85,NTP
KIC_2165002,2165002,1,1,16.5681,146.152,4.166,PC
KIC_2165002,2165002,2,1,47.3331,151.413,2.964,PC
KIC_2304235,2304235,3,0,0.570606,131.667,1.494,AFP
KIC_2304320,2304320,1,1,16.5408,133.952,2.62,PC
KIC_2438070,2438070,1,0,2.44295,132.011,2.665,AFP
KIC_2438249,2438249,1,0,0.536432,131.947,1.937,NTP
KIC_2438264,2438264,1,1,15.9069,146.117,3.983,PC
KIC_2438264,2438264,2,1,4.97346,136.071,1.596,PC
KIC_2449431,2449431,1,1,86.7491,170.292,9.254,PC
KIC_2450944,2450944,1,0,0.554158,131.898,1.5,NTP
KIC_2584879,2584879,1,0,0.598688,131.745,2.198,AFP
KIC_2584879,2584879,2,0,0.598711,132.005,1.916,AFP
KIC_2584908,2584908,1,0,459.316,260.205,3.158,NTP
KIC_2585092,2585092,1,0,6.92895,132.795,11.87,AFP
KIC_2711597,2711597,2,0,0.980427,132.27,1.342,AFP
KIC_2711606,2711606,1,0,0.84118,131.567,3.144,AFP
KIC_2720582,2720582,2,0,0.710492,132.081,2.548,AFP
KIC_2720582,2720582,3,0,0.993082,131.753,3.335,NTP
KIC_2720594,2720594,1,0,3.74589,134.929,8.317,AFP
KIC_2853320,2853320,4,0,5.06529,133.014,2.605,AFP
KIC_2853446,2853446,1,1,7.3729,137.612,1.424,PC
KIC_2853780,2853780,1,1,6.21417,132.249,9.919,PC
KIC_2853828,2853828,1,0,1.07748,131.579,0.8705,AFP
KIC_2989404,2989404,2,1,1.67832,132.698,2.289,PC
KIC_2989706,2989706,1,0,1.25767,132.511,1.095,AFP
KIC_2990873,2990873,1,1,16.2238,136.023,2.591,PC
KIC_1571511,1571511,1,0,14.0225,135.528,8.076,AFP
KIC_1571511,1571511,2,0,14.0225,142.928,4.034,AFP
KIC_1571717,1571717,1,0,0.993022,131.675,2.707,NTP
KIC_1725016,1725016,1,1,7.40734,133.281,3.623,PC
KIC_1725193,1725193,1,0,2.96384,134.119,5.171,AFP
KIC_1849235,1849235,2,0,0.604581,131.88,1.187,AFP
KIC_2016979,2016979,1,0,0.827216,131.63,1.56,AFP
KIC_2016979,2016979,2,0,0.827233,132.032,1.295,AFP
KIC_2018685,2018685,1,0,4.2142,133.829,13.74,NTP
KIC_2165352,2165352,1,0,0.7906,132.079,1.246,AFP
KIC_2166200,2166200,1,0,8.09694,132.647,3.563,AFP
KIC_2166206,2166206,1,0,8.097,132.641,2.35,AFP
KIC_2305255,2305255,1,0,24.5694,155.906,14.23,NTP
KIC_2305311,2305311,1,0,1.40467,131.558,4.219,AFP
KIC_2305543,2305543,1,0,0.681138,131.577,2.407,AFP
KIC_2438490,2438490,1,0,3.31576,131.541,4.084,AFP
KIC_2438490,2438490,2,0,3.31575,133.201,3.688,AFP
KIC_2438502,2438502,1,0,8.36061,138.823,7.549,AFP
KIC_2452289,2452289,1,0,6.03514,133.234,8.892,NTP
KIC_2452440,2452440,1,0,8.09705,138.424,5.763,AFP
KIC_2575964,2575964,1,0,0.655447,131.752,1.814,AFP
KIC_2575964,2575964,2,0,0.655439,132.081,1.573,AFP
KIC_2575964,2575964,3,0,0.567993,131.63,2.0,NTP
KIC_2576107,2576107,1,1,205.583,234.746,6.003,PC
KIC_2576197,2576197,1,0,2.21702,131.793,1.812,AFP
KIC_2585092,2585092,2,0,6.92851,137.178,12.87,AFP
KIC_2585092,2585092,4,0,6.92813,135.911,21.54,AFP
KIC_2692377,2692377,1,1,1.54167,132.003,1.717,PC
KIC_2713049,2713049,1,1,2.53918,131.588,2.382,PC
KIC_2714707,2714707,2,0,0.567962,131.942,0.9872,AFP
KIC_2714707,2714707,3,0,0.567964,131.714,1.5,AFP
KIC_2720594,2720594,2,0,3.7438,133.649,14.41,AFP
KIC_2720828,2720828,1,0,1.71658,131.699,1.043,AFP
KIC_2721030,2721030,1,1,6.10023,135.592,4.666,PC
KIC_2853828,2853828,2,0,346.425,365.161,15.93,NTP
KIC_2853889,2853889,1,0,24.1878,145.841,1.742,AFP
KIC_2854181,2854181,1,1,101.132,210.183,4.341,PC
KIC_2854953,2854953,3,0,87.5994,205.804,11.64,NTP
KIC_2855603,2855603,1,0,0.758232,131.535,2.441,AFP
KIC_1572948,1572948,1,0,3.00329,132.067,1.529,AFP
KIC_1573174,1573174,1,0,0.748305,131.532,2.659,AFP
KIC_1849235,1849235,3,0,0.604589,132.014,1.501,AFP
KIC_1849702,1849702,1,1,39.8312,155.641,2.509,PC
KIC_1865042,1865042,1,1,3.48159,132.99,1.752,PC
KIC_2018685,2018685,2,0,0.552545,131.875,2.342,AFP
KIC_2018685,2018685,3,0,0.552571,131.58,2.0,AFP
KIC_2019076,2019076,1,0,3.56462,131.862,3.81,AFP
KIC_2166218,2166218,1,0,0.698717,131.679,1.846,AFP
KIC_2166218,2166218,2,0,0.698658,132.141,1.53,AFP
KIC_2305866,2305866,1,1,24.107,145.947,10.53,PC
KIC_2305866,2305866,2,1,115.232,176.649,14.5,PC
KIC_2305866,2305866,3,0,1.2809,131.504,1.667,AFP
KIC_2305866,2305866,4,0,1.28083,132.007,1.633,AFP
KIC_2306740,2306740,1,0,10.3071,138.731,4.5,AFP
KIC_2438502,2438502,2,0,8.36056,135.23,6.923,AFP
KIC_2438513,2438513,1,1,12.1842,139.055,2.416,PC
KIC_2438517,2438517,1,0,3.31581,131.523,2.737,AFP
KIC_2439211,2439211,1,0,0.499978,131.867,1.5,AFP
KIC_2452440,2452440,2,0,8.09715,134.366,4.912,AFP
KIC_2452450,2452450,1,0,8.09711,138.418,4.474,AFP
KIC_2452450,2452450,2,0,8.09718,134.365,3.951,AFP
KIC_2452920,2452920,1,0,459.246,260.345,2.43,NTP
KIC_2576224,2576224,1,0,2.21697,131.819,2.208,AFP
KIC_2576692,2576692,1,0,87.8797,194.096,9.0,AFP
KIC_2576692,2576692,2,0,87.8773,142.167,12.0,AFP
KIC_2577952,2577952,1,0,0.968147,132.498,1.877,AFP
KIC_2692377,2692377,2,0,1.54154,131.866,3.357,AFP
KIC_2692377,2692377,3,0,1.54124,132.282,4.232,AFP
KIC_2693092,2693092,1,0,39.8415,168.141,8.847,AFP
KIC_2714807,2714807,1,0,1.4511,132.016,3.943,NTP
KIC_2714887,2714887,1,0,1.93646,132.467,7.039,AFP
KIC_3351945,3351945,3,0,1.07812,131.983,2.929,AFP
KIC_3351945,3351945,4,0,1.07401,131.776,3.0,AFP
KIC_3352122,3352122,1,0,2.20245,131.971,5.803,AFP
KIC_3352122,3352122,2,0,2.20241,133.583,6.981,AFP
KIC_3440840,3440840,2,0,0.566578,131.954,2.113,AFP
KIC_3440978,3440978,1,1,38.1041,161.083,3.645,PC
KIC_3441159,3441159,1,0,0.805282,132.341,1.831,AFP
KIC_3449540,3449540,1,0,1.60599,132.495,2.5,AFP
KIC_3450040,3450040,1,1,1.16694,131.65,1.614,PC
KIC_3453026,3453026,1,0,2.44959,132.692,6.585,AFP
KIC_3534118,3534118,1,0,178.413,218.225,2.934,AFP
KIC_3534192,3534192,1,0,3.73782,133.724,8.644,AFP
KIC_3534192,3534192,2,0,3.73874,131.766,8.352,AFP
KIC_3547014,3547014,1,0,8.37684,132.876,14.14,AFP
KIC_3547014,3547014,2,0,8.37688,137.637,14.72,AFP
KIC_3547014,3547014,3,0,4.188,135.293,14.12,NTP
KIC_3547091,3547091,1,0,3.30558,134.403,2.453,AFP
KIC_3560301,3560301,1,0,4.64973,135.777,12.52,AFP
KIC_3560301,3560301,2,0,4.65019,133.389,11.87,AFP
KIC_3644071,3644071,1,0,358.99,295.865,30.96,AFP
KIC_3644071,3644071,2,0,359.04,274.228,16.18,AFP
KIC_3644116,3644116,1,0,0.859109,132.105,2.688,AFP
KIC_3644116,3644116,2,0,0.859142,131.65,3.708,AFP
KIC_3660006,3660006,2,0,0.944807,131.572,2.385,NTP
KIC_3660392,3660392,1,0,2.65169,133.87,8.636,AFP
KIC_3748250,3748250,2,0,0.560294,131.802,1.313,AFP
KIC_3764714,3764714,2,0,6.63497,134.651,8.189,AFP
KIC_3764879,3764879,1,0,1.30698,131.53,0.9676,AFP
KIC_3765054,3765054,1,0,6.51512,135.758,14.78,NTP
KIC_3103227,3103227,1,1,225.583,272.799,10.89,PC
KIC_3103473,3103473,1,1,1.92005,131.73,1.483,PC
KIC_3109550,3109550,1,1,4.87555,133.284,1.86,PC
KIC_3128325,3128325,1,0,0.979508,132.328,4.606,AFP
KIC_3128325,3128325,2,0,0.979725,132.317,3.318,AFP
KIC_3128552,3128552,1,1,8.67885,133.041,3.727,PC
KIC_3230578,3230578,2,0,6.33765,135.329,1.214,AFP
KIC_3230578,3230578,3,0,6.33695,134.199,13.88,AFP
KIC_3230578,3230578,4,0,6.33703,131.901,13.3,AFP
KIC_3240556,3240556,1,0,0.964452,131.961,1.495,AFP
KIC_3240556,3240556,2,0,0.964458,132.36,1.472,AFP
KIC_3240556,3240556,3,0,0.655656,132.115,1.663,AFP
KIC_3323168,3323168,1,0,0.681908,132.141,2.335,NTP
KIC_3323289,3323289,1,0,33.693,158.868,5.0,AFP
KIC_3323289,3323289,2,0,33.6934,147.32,4.5,AFP
KIC_3340312,3340312,1,0,30.5529,143.354,3.592,AFP
KIC_3340313,3340313,1,0,30.5529,143.349,5.326,AFP
KIC_3340360,3340360,1,0,0.569586,131.919,1.475,AFP
KIC_3353050,3353050,1,1,5.08005,133.789,5.172,PC
KIC_3353454,3353454,1,0,1.68872,132.96,7.088,NTP
KIC_3354846,3354846,1,1,18.5526,135.512,4.182,PC
KIC_3441159,3441159,2,0,0.804976,132.212,2.386,AFP
KIC_3453026,3453026,2,0,2.44938,133.375,4.376,AFP
KIC_3453214,3453214,1,1,19.6203,142.641,2.101,PC
KIC_3453272,3453272,1,0,0.753913,132.011,2.239,AFP
KIC_3539231,3539231,1,1,91.955,183.1,13.52,PC
KIC_3539521,3539521,1,0,3.03784,134.026,8.954,AFP
KIC_3539521,3539521,2,0,6.07823,134.95,10.41,NTP
KIC_3547091,3547091,2,0,3.30558,132.75,1.758,AFP
KIC_3547178,3547178,2,0,5.86479,134.017,17.27,AFP
KIC_3560660,3560660,1,0,0.520157,131.587,1.573,AFP
KIC_3560660,3560660,2,0,0.520171,131.843,1.542,AFP
KIC_3560871,3560871,1,0,0.798092,131.884,2.035,AFP
KIC_3560871,3560871,2,0,0.798111,132.279,2.629,AFP
KIC_3644128,3644128,1,0,0.892261,131.778,2.012,NTP
KIC_3644505,3644505,1,0,119.682,176.131,11.33,AFP
KIC_3644523,3644523,1,0,119.677,176.127,30.43,AFP
KIC_3660392,3660392,2,0,2.65181,132.413,9.277,AFP
KIC_3660924,3660924,1,1,4.24157,133.453,2.886,PC
KIC_3749134,3749134,1,1,11.3013,134.917,3.967,PC
KIC_3749365,3749365,1,1,1.97376,133.293,1.844,PC
KIC_2993589,2993589,1,0,0.508748,131.774,1.519,AFP
KIC_2993589,2993589,2,0,0.508727,131.626,1.631,AFP
KIC_3109924,3109924,1,0,1.12617,132.225,3.424,NTP
KIC_3109930,3109930,1,0,37.8103,158.357,8.654,AFP
KIC_3109937,3109937,1,0,37.8105,158.346,8.993,AFP
KIC_3110937,3110937,1,0,1.89123,132.701,3.93,AFP
KIC_3128552,3128552,2,1,4.02577,135.433,2.844,PC
KIC_3128552,3128552,3,1,2.50476,133.636,2.432,PC
KIC_3128793,3128793,1,1,24.6789,137.776,14.61,PC
KIC_3230753,3230753,1,0,17.7337,143.93,6.949,AFP
KIC_3230787,3230787,1,0,17.734,143.923,7.293,AFP
KIC_3230805,3230805,1,1,3.91682,133.594,2.128,PC
KIC_3240556,3240556,4,0,0.655576,131.953,1.186,AFP
KIC_3240556,3240556,5,0,0.655653,131.68,2.091,AFP
KIC_3240706,3240706,1,0,5.49001,134.093,2.79,AFP
KIC_3240706,3240706,2,0,5.48993,131.522,3.105,AFP
KIC_3324644,3324644,1,0,2.88246,131.631,7.269,NTP
KIC_3340360,3340360,2,0,0.569592,131.55,1.415,AFP
KIC_3341760,3341760,1,0,0.523453,131.725,1.279,AFP
KIC_3341760,3341760,2,0,0.523503,131.948,1.007,AFP
KIC_3354855,3354855,1,0,0.871662,131.702,3.971,NTP
KIC_3355104,3355104,1,1,47.0627,171.949,1.962,PC
KIC_3441340,3441340,1,0,0.80621,131.771,1.053,AFP
KIC_3441340,3441340,2,0,0.806201,132.175,0.8273,AFP
KIC_3441784,3441784,1,0,52.569,132.402,6.685,AFP
KIC_3441784,3441784,2,0,0.603286,131.701,2.0,AFP
KIC_3453272,3453272,2,0,0.753926,131.756,2.489,AFP
KIC_3453272,3453272,3,0,0.753962,132.237,2.39,AFP
KIC_3453494,3453494,1,0,0.515486,131.92,1.5,AFP
KIC_3453494,3453494,2,0,0.51548,131.661,1.558,AFP
KIC_3539521,3539521,3,0,3.03954,132.751,2.977,AFP
KIC_3539869,3539869,1,0,2.68722,132.819,8.89,AFP
KIC_3547178,3547178,3,0,5.86075,131.535,17.59,AFP
KIC_3547187,3547187,1,0,5.86584,133.871,14.92,AFP
KIC_3547187,3547187,2,0,5.86551,132.517,12.38,AFP
KIC_3547315,3547315,1,0,0.642349,131.91,1.852,AFP
KIC_3561464,3561464,1,1,7.31945,137.224,4.736,PC
KIC_3561464,3561464,2,1,35.7995,144.959,8.579,PC
KIC_3561656,3561656,1,0,1.91717,133.052,2.727,AFP
KIC_3561656,3561656,2,0,0.958554,131.723,2.366,AFP
KIC_3644523,3644523,2,0,119.682,154.532,16.85,AFP
KIC_3644542,3644542,1,0,119.68,154.547,17.66,AFP
KIC_3644542,3644542,2,0,119.679,176.104,15.0,AFP
KIC_3644602,3644602,1,0,359.099,415.355,14.61,AFP
KIC_3661361,3661361,2,0,0.690469,132.068,2.099,NTP
KIC_3749389,3749389,1,0,8.64429,138.721,14.83,NTP
KIC_3749389,3749389,2,0,3.45906,131.885,10.21,NTP
KIC_3749833,3749833,1,0,1.55048,132.05,3.091,NTP
KIC_2994888,2994888,1,0,0.74312,131.871,2.454,AFP
KIC_2994888,2994888,2,0,0.743114,131.511,2.5,AFP
KIC_2995392,2995392,1,1,30.4549,140.762,6.232,PC
KIC_2995823,2995823,1,0,3.14622,132.88,4.954,AFP
KIC_3112129,3112129,1,0,0.975303,132.171,1.167,AFP
KIC_3112129,3112129,2,0,0.975302,131.681,1.217,AFP
KIC_3113266,3113266,1,0,0.995853,132.35,0.7639,AFP
KIC_3113266,3113266,2,0,0.995854,131.851,0.8286,AFP
KIC_3130300,3130300,1,0,5.76567,133.318,2.654,AFP
KIC_3130548,3130548,1,0,0.878859,132.372,1.126,AFP
KIC_3130548,3130548,2,0,0.878839,131.941,1.664,AFP
KIC_3231120,3231120,1,0,3.9001,133.384,3.877,AFP
KIC_3231120,3231120,2,0,3.90011,135.329,3.629,AFP
KIC_3231137,3231137,1,0,3.90017,133.368,2.537,AFP
KIC_3231137,3231137,2,0,1.95003,133.383,2.466,AFP
KIC_3241199,3241199,1,0,0.596172,131.92,1.499,AFP
KIC_3241199,3241199,2,0,0.596169,131.567,1.5,AFP
KIC_3241199,3241199,3,0,0.750373,132.117,3.843,NTP
KIC_3241248,3241248,1,0,0.978057,131.682,1.299,AFP
KIC_3324986,3324986,1,0,1.54042,131.99,1.608,AFP
KIC_3326377,3326377,1,1,13.2271,142.203,3.479,PC
KIC_3326377,3326377,2,1,198.71,156.52,8.662,PC
KIC_3326428,3326428,1,0,7.70055,138.604,4.225,AFP
KIC_3341934,3341934,1,0,18.8395,137.77,5.635,AFP
KIC_3341934,3341934,2,0,18.8395,147.61,9.904,AFP
KIC_3356799,3356799,1,0,0.882722,131.688,3.59,NTP
KIC_3356799,3356799,2,0,0.914856,131.692,2.861,NTP
KIC_3441784,3441784,3,0,0.603271,132.022,2.003,AFP
KIC_3454720,3454720,1,0,0.534164,131.909,1.32,AFP
KIC_3454731,3454731,1,0,2.48376,132.872,4.163,AFP
KIC_3454731,3454731,2,0,2.48402,133.73,6.066,AFP
KIC_3539869,3539869,2,0,2.68743,131.991,8.836,AFP
KIC_3541800,3541800,1,0,4.66233,132.353,2.618,AFP
KIC_3541946,3541946,1,1,17.79,146.856,4.546,PC
KIC_3547523,3547523,1,0,0.643346,131.7,1.993,AFP
KIC_3547523,3547523,2,0,0.643284,131.884,2.128,AFP
KIC_3547760,3547760,1,0,9.84809,136.8,3.097,AFP
KIC_3561656,3561656,3,0,0.958547,132.406,1.576,AFP
KIC_3561656,3561656,4,0,1.9171,131.952,2.726,AFP
KIC_3561700,3561700,1,0,11.6717,134.764,4.846,NTP
KIC_3644653,3644653,1,0,119.683,176.096,29.4,AFP
KIC_3644653,3644653,2,0,119.678,154.537,16.47,AFP
KIC_3645438,3645438,1,1,7.29805,137.867,3.056,PC
KIC_3645438,3645438,2,1,386.372,452.872,11.07,PC
KIC_3661886,3661886,1,1,27.0142,132.524,5.42,PC
KIC_3661886,3661886,2,1,12.5095,136.991,3.46,PC
KIC_3662635,3662635,1,0,0.939501,131.973,1.929,NTP
KIC_3749833,3749833,2,0,0.775182,131.575,2.378,AFP
KIC_3749833,3749833,3,0,0.775199,131.821,2.396,AFP
KIC_3749978,3749978,1,1,28.5065,132.91,7.416,PC
KIC_2995823,2995823,2,0,3.1455,133.934,6.21,AFP
KIC_2996015,2996015,2,0,505.917,400.94,0.507,NTP
KIC_3114167,3114167,1,1,6.77029,136.727,2.319,PC
KIC_3114661,3114661,1,0,0.888595,132.089,1.096,AFP
KIC_3114667,3114667,1,0,0.888587,132.095,1.5,AFP
KIC_3114811,3114811,1,1,11.0895,141.762,6.289,PC
KIC_3216518,3216518,1,0,1.99508,132.509,4.887,AFP
KIC_3216518,3216518,2,0,1.99513,131.537,7.469,AFP
KIC_3216838,3216838,1,0,459.425,259.992,3.817,NTP
KIC_3231341,3231341,1,1,8.14525,132.415,4.222,PC
KIC_3231341,3231341,2,1,12.3336,137.582,4.84,PC
KIC_3231341,3231341,3,1,18.9984,144.746,3.075,PC
KIC_3231341,3231341,4,1,4.24439,132.826,3.02,PC
KIC_3241248,3241248,2,0,0.978045,132.177,1.387,AFP
KIC_3241344,3241344,1,0,3.91268,133.429,3.651,AFP
KIC_3241557,3241557,1,0,1.70334,132.467,1.803,AFP
KIC_3326428,3326428,2,0,3.85039,132.556,4.802,NTP
KIC_3326428,3326428,3,0,7.70051,135.079,4.452,AFP
KIC_3326428,3326428,4,0,5.77477,132.021,14.6,NTP
KIC_3327992,3327992,1,0,2.11551,131.99,6.382,AFP
KIC_3342592,3342592,1,0,17.1773,136.192,7.668,AFP
KIC_3342592,3342592,2,0,17.1773,144.986,7.544,AFP
KIC_3342628,3342628,1,0,459.226,260.376,2.039,NTP
KIC_3425758,3425758,1,0,1.70244,131.726,5.6,NTP
KIC_3442006,3442006,2,0,1.46795,132.595,5.426,AFP
KIC_3442006,3442006,3,0,1.46798,132.095,5.925,AFP
KIC_3442006,3442006,4,0,1.47135,131.964,5.0,AFP
KIC_3541946,3541946,2,1,1.31184,131.8,1.765,PC
KIC_3541946,3541946,3,1,49.5672,169.546,3.922,PC
KIC_3548044,3548044,1,1,67.9688,163.557,8.227,PC
KIC_3548044,3548044,2,1,34.7629,161.745,4.376,PC
KIC_3548369,3548369,1,0,0.671954,131.803,1.451,AFP
KIC_3629100,3629100,1,0,439.76,299.075,7.794,NTP
KIC_3629330,3629330,1,1,85.2774,182.314,10.39,PC
KIC_3645438,3645438,3,1,17.3693,136.637,3.724,PC
KIC_3645863,3645863,1,0,0.759086,131.536,2.608,AFP
KIC_3645863,3645863,2,0,0.759089,131.773,2.606,AFP
KIC_3662838,3662838,1,0,24.8546,149.148,8.994,AFP
KIC_3662838,3662838,2,0,5.48938,136.002,12.55,AFP
KIC_3662838,3662838,3,0,5.49409,132.693,14.51,AFP
KIC_3663141,3663141,1,0,0.591373,131.738,1.787,AFP
KIC_3752110,3752110,1,1,27.943,136.867,5.892,PC
KIC_3756264,3756264,1,1,7.36273,136.861,1.369,PC
KIC_2997178,2997178,1,0,5.9508,135.063,5.03,AFP
KIC_2997455,2997455,1,0,1.12985,131.79,1.451,AFP
KIC_2997459,2997459,1,1,16.337,132.205,3.422,PC
KIC_3115272,3115272,1,0,4.77067,134.924,10.38,NTP
KIC_3115435,3115435,1,0,6.80902,133.322,15.17,NTP
KIC_3115728,3115728,1,0,3.45847,133.361,3.979,AFP
KIC_3217264,3217264,1,1,29.199,156.242,5.14,PC
KIC_3217264,3217264,2,1,160.019,251.283,5.423,PC
KIC_3217264,3217264,3,1,55.3284,186.327,6.664,PC
KIC_3231406,3231406,1,0,0.515312,131.856,0.887,AFP
KIC_3231406,3231406,2,0,0.515318,131.598,1.5,AFP
KIC_3231406,3231406,3,0,0.515322,131.983,1.5,AFP
KIC_3231406,3231406,4,0,0.515318,131.72,1.5,AFP
KIC_3241604,3241604,1,0,1.70335,132.467,1.696,AFP
KIC_3241619,3241619,1,0,1.70335,132.467,2.0,AFP
KIC_3241619,3241619,2,0,1.70338,131.604,3.028,AFP
KIC_3241662,3241662,1,0,1.70335,132.465,1.379,AFP
KIC_3241685,3241685,1,0,4.0337,134.152,8.769,AFP
KIC_3327993,3327993,1,0,2.11553,131.989,4.107,AFP
KIC_3328026,3328026,1,0,2.11549,131.998,3.437,AFP
KIC_3328027,3328027,1,0,2.11546,132.014,3.707,AFP
KIC_3342794,3342794,1,1,14.1722,142.603,2.535,PC
KIC_3342794,3342794,2,1,4.92025,135.414,4.014,PC
KIC_3342952,3342952,1,0,1.03906,131.539,1.6,AFP
KIC_3342970,3342970,1,1,2.71151,132.072,3.112,PC
KIC_3425851,3425851,1,1,110.379,175.931,12.34,PC
KIC_3426367,3426367,1,1,2.10432,133.318,1.163,PC
KIC_3427727,3427727,1,0,0.565233,132.088,2.087,AFP
KIC_3442054,3442054,1,0,117.681,147.207,12.76,AFP
KIC_3442054,3442054,2,0,117.681,178.233,17.16,AFP
KIC_3442055,3442055,1,1,29.6195,133.679,5.721,PC
KIC_3442058,3442058,1,0,1.43011,131.553,2.254,AFP
KIC_3455863,3455863,1,0,3.41285,131.615,6.301,AFP
KIC_3455863,3455863,2,0,3.41285,133.87,6.088,AFP
KIC_3455863,3455863,3,0,3.41277,132.755,5.896,AFP
KIC_3542167,3542167,1,0,4.51228,132.737,14.63,NTP
KIC_3542222,3542222,1,0,0.504384,131.931,1.153,AFP
KIC_3542345,3542345,1,0,2.0157,131.751,2.111,AFP
KIC_3542345,3542345,2,0,1.00785,132.002,2.831,NTP
KIC_3548369,3548369,2,0,0.672921,131.763,2.125,AFP
KIC_3629430,3629430,1,0,0.853425,131.707,2.949,AFP
KIC_3629430,3629430,2,0,0.853424,132.12,3.268,AFP
KIC_3629473,3629473,1,0,0.853429,131.715,3.521,AFP
KIC_3646449,3646449,1,1,65.7517,183.32,6.401,PC
KIC_3663141,3663141,2,0,0.59161,131.713,1.796,AFP
KIC_3663173,3663173,1,1,174.637,184.524,16.18,PC
KIC_3663904,3663904,1,0,4.29795,132.655,8.997,AFP
KIC_3757407,3757407,1,0,9.08906,132.06,3.387,AFP
KIC_3757407,3757407,2,0,1.30081,132.576,3.29,AFP
KIC_3757407,3757407,3,0,1.30083,131.616,3.254,AFP
KIC_2998124,2998124,1,0,28.5979,152.984,7.698,AFP
KIC_3115728,3115728,2,0,3.45795,131.807,10.36,AFP
KIC_3115728,3115728,3,0,3.45774,133.222,7.287,AFP
KIC_3115833,3115833,1,1,10.1816,136.416,3.511,PC
KIC_3217554,3217554,3,0,1.91448,131.926,4.051,AFP
KIC_3217554,3217554,4,0,1.91447,132.689,3.5,AFP
KIC_3231410,3231410,1,0,0.515317,131.729,1.028,AFP
KIC_3231410,3231410,3,0,0.515327,131.842,1.5,AFP
KIC_3241685,3241685,2,0,4.03386,132.083,12.47,AFP
KIC_3244792,3244792,1,1,3.05704,134.514,3.614,PC
KIC_3328052,3328052,1,0,2.11552,132.002,3.325,AFP
KIC_3328080,3328080,1,1,4.76563,133.501,1.894,PC
KIC_3329204,3329204,1,1,51.598,152.383,2.167,PC
KIC_3342970,3342970,2,1,7.21204,136.759,3.997,PC
KIC_3343281,3343281,1,0,21.8661,138.52,1.875,AFP
KIC_3427727,3427727,2,0,0.564936,132.359,3.513,AFP
KIC_3427776,3427776,1,0,4.01668,134.24,2.294,AFP
KIC_3427776,3427776,2,0,4.01669,132.231,2.23,AFP
KIC_3442058,3442058,2,0,1.43013,132.019,1.459,AFP
KIC_3442058,3442058,3,0,1.43016,132.605,2.179,AFP
KIC_3442058,3442058,4,0,1.43015,131.868,1.947,AFP
KIC_3456198,3456198,1,0,0.654006,131.704,2.05,AFP
KIC_3456198,3456198,2,0,0.654004,131.854,2.53,AFP
KIC_3542345,3542345,3,0,2.01596,133.415,1.624,AFP
KIC_3542574,3542574,1,0,3.47142,133.745,3.5,AFP
KIC_3548639,3548639,1,0,13.8453,136.956,2.625,AFP
KIC_3548639,3548639,2,0,13.8452,132.127,1.617,AFP
KIC_3548900,3548900,2,0,3.09404,132.313,15.13,AFP
KIC_3629474,3629474,1,0,0.853467,132.092,2.352,AFP
KIC_3629967,3629967,1,1,85.6538,155.127,7.023,PC
KIC_3632089,3632089,1,1,31.7788,136.768,8.05,PC
KIC_3632089,3632089,2,1,5.3279,133.544,4.403,PC
KIC_3648437,3648437,1,1,17.5044,135.749,4.249,PC
KIC_3649426,3649426,1,0,3.38197,132.911,11.37,NTP
KIC_3650040,3650040,1,0,1.41165,131.616,6.98,AFP
KIC_3650040,3650040,2,0,1.41158,132.652,3.587,AFP
KIC_3663904,3663904,2,0,4.29811,134.017,11.27,AFP
KIC_3728432,3728432,1,1,3.90862,133.932,1.825,PC
KIC_3728701,3728701,1,1,51.1314,137.169,6.31,PC
KIC_3730335,3730335,1,0,0.596076,131.833,1.053,AFP
KIC_3757588,3757588,1,0,24.09,154.285,10.92,AFP
KIC_3757588,3757588,2,0,24.09,143.895,9.835,AFP
KIC_2998124,2998124,2,0,28.5979,137.893,7.851,AFP
KIC_2998561,2998561,2,0,0.559388,131.91,3.108,NTP
KIC_3001885,3001885,1,0,2.67595,133.712,2.764,AFP
KIC_3116412,3116412,1,1,12.992,136.322,5.927,PC
KIC_3117510,3117510,1,0,0.826984,131.793,1.844,AFP
KIC_3117510,3117510,2,0,0.551311,131.924,3.866,NTP
KIC_3218688,3218688,1,0,0.771639,132.134,1.357,AFP
KIC_3218908,3218908,1,1,18.9255,149.493,3.758,PC
KIC_3232859,3232859,1,0,8.38721,138.903,1.831,AFP
KIC_3232859,3232859,2,0,8.38721,132.939,1.933,AFP
KIC_3233043,3233043,1,0,0.758924,131.545,1.5,AFP
KIC_3233043,3233043,2,0,0.75893,131.917,1.5,AFP
KIC_3245420,3245420,1,0,0.799737,131.576,1.317,AFP
KIC_3245420,3245420,2,0,0.799541,132.168,2.58,AFP
KIC_3245420,3245420,3,0,0.567246,131.57,1.207,NTP
KIC_3329643,3329643,1,0,1.01501,131.598,4.887,AFP
KIC_3329839,3329839,1,0,459.257,260.318,3.621,NTP
KIC_3330684,3330684,1,0,1.26131,132.437,1.271,AFP
KIC_3330688,3330688,1,0,1.97206,132.128,5.945,NTP
KIC_3344419,3344419,1,0,0.651757,131.833,0.9515,AFP
KIC_3344427,3344427,1,0,0.651779,131.814,1.483,AFP
KIC_3345675,3345675,1,1,120.003,250.137,3.553,PC
KIC_3428013,3428013,1,0,0.626618,131.569,1.533,AFP
KIC_3428013,3428013,2,0,0.626638,131.896,2.847,AFP
KIC_3428468,3428468,1,0,114.909,199.451,7.726,AFP
KIC_3428468,3428468,2,0,114.909,208.489,4.2,AFP
KIC_3443127,3443127,1,0,0.668048,131.987,1.895,AFP
KIC_3443127,3443127,2,0,0.66808,131.631,2.147,AFP
KIC_3443582,3443582,1,0,1.08595,132.567,1.784,NTP
KIC_3443790,3443790,1,0,1.66579,132.196,1.678,AFP
KIC_3456945,3456945,1,0,1.07294,131.886,2.653,AFP
KIC_3542588,3542588,1,0,3.47146,133.739,3.482,AFP
KIC_3543070,3543070,1,0,4.78362,135.41,6.549,AFP
KIC_3543070,3543070,3,0,4.78422,132.817,15.99,AFP
KIC_3548900,3548900,3,0,3.09332,134.51,6.821,AFP
KIC_3550372,3550372,1,1,0.681154,131.656,1.379,PC
KIC_3550434,3550434,1,0,1.19104,132.079,1.016,AFP
KIC_3632418,3632418,1,1,2.78582,132.69,3.491,PC
KIC_3632418,3632418,2,0,627.287,205.815,13.37,NTP
KIC_3633889,3633889,1,0,4.2657,133.489,11.68,NTP
KIC_3650111,3650111,1,0,4.27872,132.907,11.98,NTP
KIC_3650111,3650111,2,0,12.8344,142.517,20.26,NTP
KIC_3730390,3730390,1,0,1.01638,131.586,3.725,AFP
KIC_3730390,3730390,2,0,1.01635,132.376,3.563,AFP
KIC_3732035,3732035,1,1,138.944,153.911,10.78,PC
KIC_3757590,3757590,1,0,135.587,177.922,3.5,AFP
KIC_3757590,3757590,2,0,270.595,314.902,15.0,NTP
KIC_3757778,3757778,1,0,36.5143,163.795,6.467,AFP
KIC_3757778,3757778,2,0,36.514,151.207,10.7,AFP
KIC_3002478,3002478,1,1,6.35706,135.477,1.369,PC
KIC_3003991,3003991,1,0,7.24478,131.86,3.407,AFP
KIC_3117511,3117511,1,0,0.826982,131.795,1.569,AFP
KIC_3117511,3117511,2,0,0.826979,132.216,1.623,AFP
KIC_3117514,3117514,1,0,0.545945,131.679,3.661,NTP
KIC_3118797,3118797,1,1,66.4163,188.133,6.943,PC
KIC_3218908,3218908,2,1,1.4753,131.844,2.208,PC
KIC_3218908,3218908,3,0,4.15245,134.58,2.543,AFP
KIC_3219037,3219037,1,1,10.0051,136.831,3.744,PC
KIC_3233302,3233302,1,0,2.12346,132.765,7.937,AFP
KIC_3233302,3233302,2,0,2.12336,131.841,8.036,AFP
KIC_3234598,3234598,1,1,12.9048,144.312,3.093,PC
KIC_3234598,3234598,2,1,31.2012,140.07,4.02,PC
KIC_3245969,3245969,1,1,11.391,137.705,2.473,PC
KIC_3246083,3246083,1,0,2.3486,133.679,3.896,NTP
KIC_3246083,3246083,2,0,4.69713,134.909,14.96,NTP
KIC_3246782,3246782,1,0,1.69412,131.667,5.272,NTP
KIC_3335813,3335813,1,0,3.71101,132.488,3.409,AFP
KIC_3336283,3336283,1,0,0.576412,131.695,1.539,AFP
KIC_3346027,3346027,2,0,1.38803,132.673,2.998,AFP
KIC_3346027,3346027,3,0,1.38797,132.043,4.471,AFP
KIC_3346154,3346154,1,1,1.95271,133.162,0.7939,PC
KIC_3429637,3429637,1,0,0.853012,131.868,3.026,AFP
KIC_3429637,3429637,2,0,0.85379,132.503,1.685,AFP
KIC_3429973,3429973,1,0,0.746634,131.858,2.363,AFP
KIC_3429973,3429973,2,0,0.746579,131.526,1.794,AFP
KIC_3443790,3443790,2,0,1.66579,133.028,1.435,AFP
KIC_3444098,3444098,1,0,0.723502,131.596,1.144,AFP
KIC_3444588,3444588,1,1,0.928321,131.942,1.326,PC
KIC_3444699,3444699,1,0,459.334,260.175,3.341,NTP
KIC_3456945,3456945,2,0,1.07301,131.521,1.628,AFP
KIC_3456945,3456945,3,0,1.07279,132.472,3.797,AFP
KIC_3457172,3457172,1,0,2.05182,133.193,7.5,NTP
KIC_3457192,3457192,1,0,2.13938,133.31,7.474,AFP
KIC_3457192,3457192,2,0,2.14025,132.807,3.59,AFP
KIC_3543270,3543270,1,0,4.17693,133.197,5.024,AFP
KIC_3543270,3543270,2,0,4.1769,135.284,3.5,AFP
KIC_3553413,3553413,2,0,2.02089,132.022,7.5,NTP
KIC_3553900,3553900,1,1,12.5747,142.35,2.927,PC
KIC_3554031,3554031,1,1,8.70795,136.651,2.505,PC
KIC_3554031,3554031,2,1,4.17636,131.648,2.359,PC
KIC_3634051,3634051,1,1,453.544,360.06,17.01,PC
KIC_3634051,3634051,2,1,122.806,179.313,1.957,PC
KIC_3654095,3654095,1,0,1.30356,131.78,1.145,AFP
KIC_3654515,3654515,1,0,1.22127,131.802,4.105,AFP
KIC_3654515,3654515,2,0,1.22157,132.571,3.114,AFP
KIC_3732821,3732821,1,1,13.7347,142.328,2.381,PC
KIC_3732894,3732894,1,0,1.54036,132.005,1.51,AFP
KIC_3733346,3733346,1,0,0.569862,131.678,1.094,AFP
KIC_3733346,3733346,2,0,0.569864,132.08,1.5,AFP
KIC_3733628,3733628,1,1,13.8996,141.165,3.455,PC
KIC_3758403,3758403,1,0,1.83102,132.627,2.859,AFP
KIC_3758403,3758403,2,0,1.83105,133.123,3.007,AFP
KIC_3003992,3003992,1,0,7.24483,131.856,2.433,AFP
KIC_3003992,3003992,2,0,13.5548,139.82,2.289,AFP
KIC_3097346,3097346,1,0,4.0298,134.423,3.376,AFP
KIC_3097352,3097352,1,0,4.0298,134.422,4.328,AFP
KIC_3097352,3097352,2,0,4.02979,132.407,3.0,AFP
KIC_3119256,3119256,1,0,4.14244,132.907,2.295,AFP
KIC_3119256,3119256,3,0,1.75046,131.817,3.519,NTP
KIC_3219256,3219256,1,0,0.535567,132.016,1.784,AFP
KIC_3219256,3219256,2,0,0.535567,131.752,2.115,AFP
KIC_3219643,3219643,1,1,24.3368,154.38,2.744,PC
KIC_3234843,3234843,1,1,10.6136,140.856,3.53,PC
KIC_3234843,3234843,2,1,29.7271,134.662,3.18,PC
KIC_3236705,3236705,1,1,83.2663,194.24,2.834,PC
KIC_3246890,3246890,1,0,3.31229,133.344,3.091,AFP
KIC_3246890,3246890,2,0,3.31226,132.262,1.546,AFP
KIC_3336283,3336283,2,0,10.7657,134.411,18.43,AFP
KIC_3336283,3336283,3,0,10.7661,140.719,15.87,AFP
KIC_3336283,3336283,4,0,10.7611,137.743,16.67,AFP
KIC_3336476,3336476,1,0,1.89127,132.683,3.131,AFP
KIC_3346195,3346195,1,0,0.680478,132.215,1.895,AFP
KIC_3346195,3346195,2,0,0.680524,131.808,2.261,AFP
KIC_3431662,3431662,1,0,459.32,260.201,3.939,NTP
KIC_3433668,3433668,1,1,15.022,143.692,4.652,PC
KIC_3437557,3437557,1,0,4.67963,134.089,14.68,AFP
KIC_3445068,3445068,1,0,459.224,260.394,3.445,NTP
KIC_3445443,3445443,1,0,0.57263,131.603,3.642,NTP
KIC_3445812,3445812,1,0,0.605493,132.012,1.033,AFP
KIC_3458028,3458028,1,1,1.44257,132.635,2.766,PC
KIC_3544595,3544595,1,1,4.72674,134.926,3.002,PC
KIC_3544640,3544640,1,1,30.8278,143.144,4.23,PC
KIC_3554031,3554031,3,1,14.8624,131.633,3.332,PC
KIC_3554600,3554600,1,0,7.54428,138.604,4.6,AFP
KIC_3554600,3554600,2,0,7.54427,134.041,3.901,AFP
KIC_3555191,3555191,1,0,0.761168,131.745,2.547,AFP
KIC_3634384,3634384,1,0,0.591363,131.814,1.523,AFP
KIC_3634384,3634384,2,0,0.591352,131.522,2.729,AFP
KIC_3635233,3635233,1,0,3.74326,132.499,7.313,AFP
KIC_3654719,3654719,1,0,25.9201,138.192,6.791,AFP
KIC_3654950,3654950,1,0,4.06737,134.316,5.796,AFP
KIC_3655115,3655115,1,0,1.56063,131.817,3.447,AFP
KIC_3655115,3655115,2,0,1.56073,132.82,2.804,AFP
KIC_3734418,3734418,1,1,3.97597,133.625,2.23,PC
KIC_3758443,3758443,1,0,1.02527,131.797,4.042,NTP
KIC_3758499,3758499,1,1,14.5167,137.563,5.406,PC
KIC_3759974,3759974,1,0,1.37956,132.723,5.435,NTP
KIC_3097912,3097912,1,0,2.90833,132.963,6.671,AFP
KIC_3097912,3097912,2,0,2.90833,131.572,5.375,AFP
KIC_3097926,3097926,1,1,14.9798,143.46,3.446,PC
KIC_3119307,3119307,1,0,0.879364,131.896,1.255,AFP
KIC_3119307,3119307,2,0,0.879359,132.342,1.282,AFP
KIC_3119604,3119604,1,0,0.557398,131.824,1.306,AFP
KIC_3119604,3119604,2,0,0.562119,131.837,1.481,AFP
KIC_3219995,3219995,1,1,18.8706,143.956,3.411,PC
KIC_3238059,3238059,1,0,459.321,260.206,3.365,NTP
KIC_3238073,3238073,1,0,0.734063,131.534,2.521,AFP
KIC_3238073,3238073,2,0,0.734105,132.092,2.846,AFP
KIC_3238245,3238245,1,0,2.62679,133.339,7.223,AFP
KIC_3246890,3246890,3,0,3.31227,134.343,2.289,AFP
KIC_3246890,3246890,4,0,1.10406,132.436,1.706,NTP
KIC_3246890,3246890,5,0,3.31221,133.098,3.5,AFP
KIC_3246984,3246984,1,0,1.62661,132.411,1.244,AFP
KIC_3246984,3246984,2,0,1.62638,132.353,2.135,AFP
KIC_3336765,3336765,1,0,1.84486,132.162,1.545,AFP
KIC_3336845,3336845,1,0,0.996876,132.091,1.109,AFP
KIC_3336845,3336845,2,0,0.996861,131.6,0.9686,AFP
KIC_3336937,3336937,1,0,459.338,260.176,4.611,NTP
KIC_3347258,3347258,1,0,0.725091,131.997,2.318,NTP
KIC_3347337,3347337,1,0,514.129,384.378,5.802,NTP
KIC_3437557,3437557,3,0,4.67926,132.971,13.76,AFP
KIC_3437739,3437739,1,0,1.89129,132.686,4.766,AFP
KIC_3437776,3437776,1,0,10.2977,131.733,4.467,AFP
KIC_3446451,3446451,1,0,1.28469,131.91,1.136,AFP
KIC_3446471,3446471,1,0,0.670884,131.696,0.7229,AFP
KIC_3446471,3446471,2,0,0.67005,131.659,2.012,AFP
KIC_3458919,3458919,1,0,0.892084,131.805,1.219,NTP
KIC_3458990,3458990,1,0,17.1348,141.252,23.59,NTP
KIC_3459199,3459199,1,0,1.57052,132.339,2.646,AFP
KIC_3544678,3544678,1,0,6.37621,134.959,2.24,AFP
KIC_3544678,3544678,2,0,6.37605,132.052,1.792,AFP
KIC_3544689,3544689,1,0,1.92287,132.733,3.167,AFP
KIC_3544694,3544694,1,0,1.92289,132.722,3.49,AFP
KIC_3555191,3555191,2,0,0.761217,132.101,1.7,AFP
KIC_3556220,3556220,1,0,0.796685,132.304,1.68,AFP
KIC_3635233,3635233,2,0,3.74309,134.507,9.63,AFP
KIC_3635233,3635233,4,0,3.73991,134.118,12.41,AFP
KIC_3640832,3640832,1,0,0.60876,132.089,1.946,NTP
KIC_3655115,3655115,3,0,1.56063,132.349,3.829,AFP
KIC_3655326,3655326,1,0,15.0665,140.656,6.256,AFP
KIC_3655326,3655326,2,0,15.0665,134.139,6.332,AFP
KIC_3655332,3655332,1,0,15.0666,140.652,4.5,AFP
KIC_3734868,3734868,1,0,10.328,133.269,7.75,AFP
KIC_3734868,3734868,2,0,10.328,139.429,7.742,AFP
KIC_3735629,3735629,1,0,4.66419,133.667,2.5,AFP
KIC_3735634,3735634,1,0,4.66419,133.67,4.139,AFP
KIC_3742855,3742855,1,0,6.39719,135.981,5.769,AFP
KIC_3760002,3760002,2,0,0.915854,132.288,2.804,AFP
KIC_3760002,3760002,3,0,0.915902,131.789,3.628,AFP
KIC_3098015,3098015,2,0,0.785805,132.005,1.272,AFP
KIC_3098015,3098015,3,0,0.784122,131.603,2.757,AFP
KIC_3120057,3120057,2,0,1.16915,132.322,2.76,AFP
KIC_3120057,3120057,3,0,1.18145,132.229,4.139,AFP
KIC_3222183,3222183,2,0,4.11479,133.915,9.323,AFP
KIC_3222183,3222183,3,0,4.11489,131.845,13.92,AFP
KIC_3238245,3238245,2,0,2.62703,133.112,13.53,AFP
KIC_3238686,3238686,1,0,459.328,260.223,1.939,NTP
KIC_3239171,3239171,1,1,43.5825,148.413,7.0,PC
KIC_3246984,3246984,3,0,1.62685,132.481,2.611,AFP
KIC_3247039,3247039,1,0,0.517622,131.932,1.611,AFP
KIC_3247039,3247039,2,0,0.517636,131.657,1.564,AFP
KIC_3337002,3337002,1,0,1.28928,132.243,5.353,AFP
KIC_3337002,3337002,2,0,1.28936,131.96,4.138,AFP
KIC_3337061,3337061,1,0,6.55852,133.812,1.898,AFP
KIC_3337351,3337351,1,0,7.04711,132.75,2.87,AFP
KIC_3347485,3347485,1,0,7.54481,137.12,7.451,AFP
KIC_3347485,3347485,2,0,7.5449,133.344,5.161,AFP
KIC_3437776,3437776,2,0,10.2978,136.383,4.336,AFP
KIC_3437940,3437940,3,0,11.5147,133.93,3.841,NTP
KIC_3446746,3446746,1,1,13.1449,135.415,3.634,PC
KIC_3446837,3446837,3,0,0.586019,131.86,2.119,NTP
KIC_3459261,3459261,1,0,0.717988,132.082,2.206,NTP
KIC_3459261,3459261,2,0,1.43599,131.933,7.28,NTP
KIC_3526331,3526331,1,0,2.23756,133.058,2.154,AFP
KIC_3529147,3529147,1,0,484.498,209.537,11.2,NTP
KIC_3544878,3544878,1,0,1.191,132.512,3.789,AFP
KIC_3544878,3544878,2,0,1.19098,131.945,1.45,AFP
KIC_3544900,3544900,1,0,448.733,367.664,10.78,NTP
KIC_3545038,3545038,1,0,0.57205,132.066,1.097,AFP
KIC_3557043,3557043,1,0,8.67473,133.265,14.71,NTP
KIC_3557273,3557273,1,0,0.78739,132.148,1.281,AFP
KIC_3557273,3557273,2,0,0.787424,131.754,1.036,AFP
KIC_3640905,3640905,1,1,30.1599,138.518,7.759,PC
KIC_3640905,3640905,2,1,51.0773,152.354,11.19,PC
KIC_3641023,3641023,1,0,0.543872,131.595,1.5,AFP
KIC_3655513,3655513,1,0,0.725743,131.859,1.904,AFP
KIC_3655513,3655513,2,0,0.725944,132.172,1.825,AFP
KIC_3742855,3742855,2,0,6.3972,132.748,6.048,AFP
KIC_3744309,3744309,1,0,0.56631,131.841,1.801,NTP
KIC_3744309,3744309,2,0,1.08018,131.995,2.813,NTP
KIC_3761175,3761175,1,0,5.16269,131.921,13.6,AFP
KIC_3761175,3761175,2,0,5.16275,133.283,14.79,AFP
KIC_3761319,3761319,1,0,16.2482,143.961,7.489,AFP
KIC_3761641,3761641,1,0,1.06203,132.05,1.87,NTP
KIC_3098194,3098194,1,0,30.476,136.987,7.5,AFP
KIC_3120276,3120276,1,0,10.2655,136.496,3.726,AFP
KIC_3120308,3120308,1,0,10.2656,136.495,3.798,AFP
KIC_3120355,3120355,1,1,78.1003,139.493,8.422,PC
KIC_3222680,3222680,1,0,2.31166,132.12,1.814,AFP
KIC_3223460,3223460,1,0,0.703618,132.117,2.765,NTP
KIC_3228740,3228740,1,0,0.730918,132.235,1.46,AFP
KIC_3228804,3228804,1,0,0.730933,132.235,1.575,AFP
KIC_3239636,3239636,1,0,1.0575,132.317,1.306,AFP
KIC_3239671,3239671,1,1,147.974,263.088,6.816,PC
KIC_3239926,3239926,1,0,0.969804,132.19,6.48,NTP
KIC_3247268,3247268,1,1,86.6786,175.597,10.22,PC
KIC_3247268,3247268,2,1,12.2183,140.321,2.616,PC
KIC_3247294,3247294,1,0,67.4196,133.43,7.716,AFP
KIC_3247294,3247294,2,0,67.4232,184.42,12.5,AFP
KIC_3247306,3247306,1,0,0.960476,132.171,0.9799,AFP
KIC_3337351,3337351,2,0,7.0472,132.501,2.523,AFP
KIC_3337351,3337351,3,0,2.34901,132.285,4.629,AFP
KIC_3337351,3337351,4,0,2.34912,131.902,4.078,AFP
KIC_3347485,3347485,3,0,7.54481,134.076,14.83,AFP
KIC_3347485,3347485,4,0,7.54493,132.549,14.8,AFP
KIC_3347643,3347643,1,0,0.652813,131.874,1.405,AFP
KIC_3438507,3438507,1,1,8.39848,136.307,6.684,PC
KIC_3438975,3438975,1,0,2.97608,132.962,3.7,AFP
KIC_3438976,3438976,1,0,2.9761,132.96,4.667,AFP
KIC_3439031,3439031,1,0,2.97599,132.975,3.5,AFP
KIC_3447701,3447701,1,0,3.9304,131.9,11.71,NTP
KIC_3529242,3529242,1,0,5.05603,132.575,14.84,AFP
KIC_3529242,3529242,2,0,5.05668,133.829,16.27,AFP
KIC_3529290,3529290,1,1,13.7281,143.553,5.294,PC
KIC_3545038,3545038,2,0,0.572158,132.061,1.485,AFP
KIC_3545135,3545135,1,1,8.48302,132.964,2.416,PC
KIC_3557526,3557526,1,0,0.787437,131.74,1.078,AFP
KIC_3557560,3557560,1,1,7.42984,138.775,3.731,PC
KIC_3641023,3641023,2,0,0.543866,131.776,1.098,AFP
KIC_3641023,3641023,3,0,2.73436,133.949,2.494,NTP
KIC_3641023,3641023,4,0,0.911448,131.527,2.043,NTP
KIC_3656121,3656121,1,1,31.1588,142.744,5.237,PC
KIC_3656121,3656121,2,1,76.7327,200.67,6.434,PC
KIC_3656648,3656648,1,0,5.14534,132.166,14.36,NTP
KIC_3745559,3745559,1,1,30.2541,136.64,2.07,PC
KIC_3745690,3745690,1,1,13.5406,144.596,4.428,PC
KIC_3745690,3745690,2,1,1.73234,132.8,2.259,PC
KIC_3745690,3745690,3,1,7.02574,133.628,2.195,PC
KIC_3761641,3761641,2,0,0.995308,132.047,3.621,NTP
KIC_3762468,3762468,1,1,3.00388,131.708,3.255,PC
KIC_3098194,3098194,2,0,30.4765,156.236,12.5,AFP
KIC_3098197,3098197,1,0,30.4765,156.239,19.0,AFP
KIC_3098197,3098197,2,0,30.4765,136.973,10.26,AFP
KIC_3120397,3120397,1,0,10.2652,136.514,5.002,AFP
KIC_3120431,3120431,1,0,1.67093,131.547,2.651,AFP
KIC_3120889,3120889,1,0,459.192,260.288,4.894,NTP
KIC_3228824,3228824,1,0,0.730872,132.28,2.501,AFP
KIC_3228825,3228825,1,0,0.730965,132.213,2.321,AFP
KIC_3228918,3228918,1,0,0.730933,132.234,1.404,AFP
KIC_3239945,3239945,1,1,4.39316,133.328,2.447,PC
KIC_3239945,3239945,3,1,7.40612,134.075,3.14,PC
KIC_3239945,3239945,4,1,21.8039,139.065,3.5,PC
KIC_3240049,3240049,1,0,2.94542,133.955,2.507,AFP
KIC_3247306,3247306,2,0,0.960486,131.689,1.083,AFP
KIC_3247396,3247396,1,0,8.81111,136.457,4.746,AFP
KIC_3247404,3247404,1,0,8.81118,136.447,4.891,AFP
KIC_3337425,3337425,1,0,7.0471,132.751,2.165,AFP
KIC_3337432,3337432,1,0,2.97608,132.964,3.346,AFP
KIC_3337438,3337438,1,0,2.97607,132.963,3.896,AFP
KIC_3337548,3337548,1,0,2.97588,133.042,4.133,AFP
KIC_3347643,3347643,2,0,0.6528,131.608,1.5,AFP
KIC_3348082,3348082,1,0,3.98221,131.538,2.519,AFP
KIC_3348082,3348082,2,1,11.6349,140.5,5.443,PC
KIC_3348082,3348082,3,1,33.1984,142.093,4.536,PC
KIC_3439096,3439096,1,0,2.97602,132.974,3.476,AFP
KIC_3439374,3439374,1,0,0.696815,132.115,1.821,AFP
KIC_3439374,3439374,2,0,0.714138,131.625,4.444,AFP
KIC_3447722,3447722,1,1,16.0883,139.492,5.583,PC
KIC_3447722,3447722,2,1,35.6758,145.007,7.253,PC
KIC_3447722,3447722,3,1,10.3007,132.434,4.75,PC
KIC_3448130,3448130,1,1,78.5462,144.068,8.744,PC
KIC_3529290,3529290,2,1,8.95417,132.827,4.849,PC
KIC_3530245,3530245,1,0,392.201,400.689,12.55,NTP
KIC_3530668,3530668,1,0,1.94619,132.316,3.865,AFP
KIC_3545457,3545457,2,0,0.596309,131.904,0.8489,AFP
KIC_3545457,3545457,3,0,0.596295,132.021,1.675,AFP
KIC_3545478,3545478,1,1,75.1123,132.601,4.976,PC
KIC_3558803,3558803,1,0,1.35347,131.652,2.407,AFP
KIC_3558849,3558849,1,1,160.853,144.494,9.442,PC
KIC_3641726,3641726,1,1,9.0293,132.058,3.162,PC
KIC_3642289,3642289,1,1,6.00253,135.701,4.045,PC
KIC_3642289,3642289,2,1,11.4486,141.385,4.948,PC
KIC_3656913,3656913,1,0,2.68166,132.937,8.978,NTP
KIC_3746248,3746248,1,0,0.622405,131.685,0.9276,AFP
KIC_3746248,3746248,2,0,0.622409,131.993,0.5873,AFP
KIC_3762553,3762553,2,0,459.127,260.31,8.942,NTP
KIC_3762741,3762741,1,0,0.556176,131.798,1.141,AFP
KIC_3762741,3762741,2,0,0.556178,131.673,1.5,AFP
KIC_3763579,3763579,1,0,0.787075,131.564,1.494,AFP
KIC_3098810,3098810,1,1,40.8096,142.692,3.132,PC
KIC_3098843,3098843,1,0,29.9758,135.449,3.233,AFP
KIC_3120889,3120889,3,0,700.461,185.897,12.77,NTP
KIC_3120904,3120904,1,1,42.9139,139.884,5.27,PC
KIC_3121340,3121340,1,0,0.723942,132.067,1.249,AFP
KIC_3228945,3228945,1,0,0.730948,132.229,2.542,AFP
KIC_3228959,3228959,1,0,0.730491,132.304,1.521,AFP
KIC_3228959,3228959,2,0,0.730859,132.293,1.801,AFP
KIC_3228986,3228986,1,0,0.730966,132.216,2.325,AFP
KIC_3240158,3240158,1,1,7.42609,132.474,3.657,PC
KIC_3240158,3240158,2,1,15.987,137.593,4.447,PC
KIC_3240159,3240159,1,0,82.1376,196.123,6.158,AFP
KIC_3247503,3247503,1,0,0.8957,131.986,1.2,AFP
KIC_3247503,3247503,2,0,0.895707,131.536,1.08,AFP
KIC_3247616,3247616,1,0,3.47199,132.096,7.375,AFP
KIC_3338608,3338608,1,0,2.54778,132.18,7.092,AFP
KIC_3338608,3338608,3,0,2.54771,133.48,6.417,AFP
KIC_3338660,3338660,1,0,1.87332,131.841,6.0,AFP
KIC_3348090,3348090,1,0,2.43584,132.9,2.026,AFP
KIC_3348093,3348093,1,0,3.9822,131.542,2.5,AFP
KIC_3348216,3348216,1,1,32.5106,136.632,3.319,PC
KIC_3348285,3348285,1,0,0.803824,131.809,1.311,AFP
KIC_3348288,3348288,1,0,3.09154,132.977,4.907,AFP
KIC_3440074,3440074,2,0,1.17493,132.297,1.665,AFP
KIC_3440074,3440074,3,0,1.17494,131.693,1.836,AFP
KIC_3440118,3440118,1,1,19.5778,131.714,1.923,PC
KIC_3448230,3448230,1,0,0.513468,131.751,1.43,AFP
KIC_3448299,3448299,1,0,0.513494,131.733,1.462,AFP
KIC_3448323,3448323,1,0,0.5135,131.729,1.593,AFP
KIC_3448456,3448456,1,0,0.776914,132.061,1.253,AFP
KIC_3531558,3531558,1,1,24.9932,138.682,6.199,PC
KIC_3532510,3532510,1,0,0.759393,132.157,2.336,NTP
KIC_3532982,3532982,1,0,5.36736,133.25,16.33,AFP
KIC_3545840,3545840,1,0,5.83603,132.933,14.12,NTP
KIC_3545840,3545840,2,0,7.7817,134.89,13.79,NTP
KIC_3546060,3546060,1,1,9.69313,134.528,2.729,PC
KIC_3546419,3546419,1,0,459.271,260.305,4.834,NTP
KIC_3558981,3558981,1,0,2.98787,132.155,2.622,AFP
KIC_3559860,3559860,1,1,33.0263,161.005,5.853,PC
KIC_3559860,3559860,2,1,58.9408,159.619,4.611,PC
KIC_3642324,3642324,1,0,0.508859,131.731,1.43,NTP
KIC_3642335,3642335,1,1,60.8661,179.285,4.45,PC
KIC_3657176,3657176,1,0,17.4166,141.104,2.499,AFP
KIC_3657547,3657547,1,0,9.97624,134.9,14.68,NTP
KIC_3657758,3657758,1,1,3.60931,133.792,1.789,PC
KIC_3657758,3657758,2,1,2.37029,133.685,1.747,PC
KIC_3747262,3747262,1,0,1.31246,132.225,1.416,AFP
KIC_3747641,3747641,1,0,4.8186,133.686,14.28,NTP
KIC_3763579,3763579,2,0,0.787062,131.727,1.5,AFP
KIC_3763579,3763579,3,0,0.787063,131.88,1.5,AFP
KIC_3763579,3763579,4,0,0.78707,132.195,1.5,AFP
KIC_3101923,3101923,1,1,82.3346,133.054,9.758,PC
KIC_3102000,3102000,1,0,57.06,164.257,7.45,AFP
KIC_3102000,3102000,2,0,57.06,168.766,7.683,AFP
KIC_3122188,3122188,1,0,1.51981,131.64,2.148,AFP
KIC_3122188,3122188,2,0,1.51993,132.69,4.687,AFP
KIC_3122872,3122872,1,1,96.8187,136.543,10.55,PC
KIC_3228988,3228988,1,0,0.730918,132.249,1.683,AFP
KIC_3229028,3229028,1,0,0.730935,132.22,2.006,AFP
KIC_3229150,3229150,1,1,18.5088,131.529,5.028,PC
KIC_3240231,3240231,1,0,0.964901,131.617,3.297,AFP
KIC_3240231,3240231,2,0,0.964953,132.077,3.504,AFP
KIC_3240406,3240406,1,0,0.934532,132.369,3.809,AFP
KIC_3247616,3247616,3,0,3.47187,133.515,6.695,AFP
KIC_3248019,3248019,1,0,1.33411,132.366,2.949,AFP
KIC_3248019,3248019,2,0,1.33415,132.57,3.009,AFP
KIC_3338674,3338674,1,0,1.87344,131.775,5.181,AFP
KIC_3338885,3338885,1,1,1.97034,131.948,1.725,PC
KIC_3348288,3348288,2,0,3.0918,132.227,8.571,AFP
KIC_3348288,3348288,3,0,0.883299,132.029,5.67,NTP
KIC_3348533,3348533,1,0,459.272,260.306,3.604,NTP
KIC_3440230,3440230,1,0,2.88105,134.252,6.0,AFP
KIC_3440230,3440230,2,0,2.8811,132.798,7.478,AFP
KIC_3440840,3440840,1,0,0.566526,131.741,1.906,AFP
KIC_3448456,3448456,2,0,0.776931,131.664,0.9969,AFP
KIC_3448777,3448777,1,0,30.416,131.878,1.849,AFP
KIC_3448777,3448777,2,0,30.4163,132.41,1.856,AFP
KIC_3448777,3448777,3,0,30.4167,161.729,1.768,AFP
KIC_3448777,3448777,4,0,30.4169,161.177,1.5,AFP
KIC_3532982,3532982,2,0,5.36756,131.51,14.32,AFP
KIC_3532985,3532985,1,0,5.28857,135.805,3.221,AFP
KIC_3533469,3533469,1,1,10.215,133.649,3.269,PC
KIC_3546765,3546765,1,0,1.13072,132.644,1.537,NTP
KIC_3546765,3546765,2,0,0.677748,131.792,2.137,AFP
KIC_3546765,3546765,3,0,0.677793,132.061,2.03,AFP
KIC_3559933,3559933,1,0,1.17977,131.914,1.911,AFP
KIC_3559933,3559933,2,0,1.17978,132.491,2.943,AFP
KIC_3559935,3559935,1,1,29.9113,134.886,6.581,PC
KIC_3642713,3642713,1,0,0.895495,132.333,3.248,AFP
KIC_3642713,3642713,2,0,0.895559,131.612,1.878,AFP
KIC_3642741,3642741,1,1,7.25845,138.345,5.728,PC
KIC_3659012,3659012,1,0,0.568506,132.075,1.611,NTP
KIC_3747817,3747817,2,1,14.2371,140.486,2.711,PC
KIC_3748250,3748250,1,0,0.565168,131.721,1.244,AFP
KIC_3764411,3764411,1,0,4.41595,132.966,1.551,NTP
KIC_3764714,3764714,1,0,6.63464,134.035,8.544,AFP
KIC_3102024,3102024,1,0,13.7825,139.481,8.275,AFP
KIC_3102024,3102024,2,0,13.7825,135.325,2.992,AFP
KIC_3102384,3102384,1,1,10.5738,132.773,1.672,PC
KIC_3103212,3103212,1,1,3.25417,133.536,5.279,PC
KIC_3122913,3122913,1,1,11.6066,134.413,2.181,PC
KIC_3122985,3122985,1,0,0.993496,131.605,1.369,AFP
KIC_3124598,3124598,1,0,7.0716,136.464,2.825,AFP
KIC_3229150,3229150,2,1,44.7058,149.623,4.641,PC
KIC_3230206,3230206,1,0,7.04721,132.74,1.265,AFP
KIC_3230227,3230227,1,0,7.04711,132.75,2.958,AFP
KIC_3230227,3230227,2,0,7.04756,132.465,7.5,AFP
KIC_3230578,3230578,1,0,6.33762,132.164,1.276,AFP
KIC_3240406,3240406,2,0,0.934279,132.295,2.568,AFP
KIC_3240411,3240411,1,0,1.38611,132.294,4.455,AFP
KIC_3240411,3240411,2,0,1.38609,132.054,5.915,AFP
KIC_3240411,3240411,3,0,1.38605,132.638,2.348,AFP
KIC_3248033,3248033,1,0,1.3341,132.366,1.636,AFP
KIC_3248501,3248501,1,1,4.22465,133.09,1.368,PC
KIC_3338885,3338885,2,1,5.05821,135.704,0.8409,PC
KIC_3339823,3339823,1,0,459.278,260.299,3.617,NTP
KIC_3340165,3340165,1,1,26.092,149.117,6.727,PC
KIC_3351888,3351888,1,1,1.62552,131.817,2.53,PC
KIC_3351945,3351945,1,0,1.08141,132.154,1.641,AFP
KIC_3351945,3351945,2,0,1.07795,132.009,2.036,AFP
KIC_4664743,4664743,1,0,2.55642,132.229,6.807,AFP
KIC_4664743,4664743,2,0,2.55673,133.371,8.255,AFP
KIC_4664847,4664847,1,1,7.74809,136.257,3.581,PC
KIC_4679687,4679687,2,0,0.513969,131.974,0.8795,NTP
KIC_4679769,4679769,1,0,0.992767,131.519,3.546,AFP
KIC_4679769,4679769,2,0,0.992762,132.001,4.141,AFP
KIC_4740125,4740125,2,0,0.855915,131.901,2.471,NTP
KIC_4740676,4740676,1,0,3.45424,131.711,4.652,AFP
KIC_4740688,4740688,1,0,3.45426,131.711,2.989,AFP
KIC_4758350,4758350,2,0,91.6478,175.738,6.305,NTP
KIC_4758368,4758368,2,0,3.74975,133.501,11.66,NTP
KIC_4773851,4773851,3,0,0.674399,131.659,1.215,AFP
KIC_4773851,4773851,4,0,0.679423,132.032,2.5,AFP
KIC_4774194,4774194,1,0,0.836021,131.69,3.205,AFP
KIC_4774194,4774194,2,0,0.836216,132.106,2.45,AFP
KIC_4840327,4840327,1,0,26.7371,146.847,4.67,AFP
KIC_4840401,4840401,1,0,2.96229,131.593,7.387,NTP
KIC_4840513,4840513,1,0,2.37928,133.653,3.144,AFP
KIC_4840513,4840513,2,0,2.37927,132.464,2.825,AFP
KIC_4850809,4850809,1,0,1.1796,131.638,5.77,AFP
KIC_4850961,4850961,1,1,24.4974,133.921,5.37,PC
KIC_4850965,4850965,1,0,0.556525,131.578,2.406,NTP
KIC_4861791,4861791,1,0,2.81486,134.026,4.484,AFP
KIC_4862625,4862625,1,0,20.0002,134.82,4.971,AFP
KIC_4918309,4918309,1,1,186.436,146.923,4.687,PC
KIC_4919550,4919550,1,1,5.5668,132.496,1.869,PC
KIC_4935594,4935594,2,0,0.903486,132.002,4.369,AFP
KIC_4935813,4935813,1,0,1.48517,131.867,3.534,AFP
KIC_4458109,4458109,1,0,4.65122,132.309,14.95,AFP
KIC_4458109,4458109,2,0,4.65203,134.531,14.78,AFP
KIC_4458172,4458172,1,0,1.05489,131.679,2.367,AFP
KIC_4476011,4476011,1,0,0.983357,132.376,3.301,AFP
KIC_4476011,4476011,2,0,0.983309,131.774,3.071,AFP
KIC_4488796,4488796,1,0,0.744873,131.869,1.701,AFP
KIC_4488796,4488796,2,0,0.744873,132.237,1.492,AFP
KIC_4556345,4556345,3,0,1.2404,131.906,4.231,AFP
KIC_4556468,4556468,1,1,114.342,216.788,13.58,PC
KIC_4557777,4557777,1,0,1.87358,131.987,2.086,NTP
KIC_4579651,4579651,1,0,2.96972,133.168,9.5,NTP
KIC_4647715,4647715,2,0,1.93956,131.94,1.52,NTP
KIC_4647715,4647715,3,0,1.29303,131.919,1.492,NTP
KIC_4647763,4647763,1,0,0.513837,131.908,1.5,AFP
KIC_4647763,4647763,2,0,0.513836,131.747,1.427,AFP
KIC_4665571,4665571,1,1,0.76668,132.204,1.249,PC
KIC_4665571,4665571,2,1,4.60297,133.224,2.457,PC
KIC_4665989,4665989,1,0,1.12404,131.627,3.5,NTP
KIC_4665991,4665991,1,0,1.12404,131.635,2.321,AFP
KIC_4679988,4679988,1,0,5.38629,136.07,14.12,AFP
KIC_4679988,4679988,2,0,5.38741,131.941,8.758,AFP
KIC_4679988,4679988,3,0,5.38654,132.972,10.14,AFP
KIC_4741126,4741126,1,1,20.4223,146.983,6.157,PC
KIC_4741126,4741126,2,1,7.63841,138.252,4.077,PC
KIC_4742414,4742414,1,0,15.4581,142.866,8.813,AFP
KIC_4742436,4742436,1,0,590.346,379.81,10.75,NTP
KIC_4760478,4760478,1,1,287.378,348.829,18.61,PC
KIC_4760746,4760746,1,0,15.0681,137.529,3.311,AFP
KIC_4760946,4760946,1,0,1.41927,131.63,2.971,AFP
KIC_4760946,4760946,2,0,1.41959,131.946,4.623,AFP
KIC_4774208,4774208,1,0,0.639242,131.591,1.991,NTP
KIC_4774208,4774208,2,0,1.25488,132.388,3.142,NTP
KIC_4840675,4840675,1,0,0.745547,132.209,2.71,AFP
KIC_4840675,4840675,2,0,0.745561,131.819,2.479,AFP
KIC_4851145,4851145,1,0,1.23514,131.987,3.589,AFP
KIC_4851168,4851168,1,0,0.589809,131.616,1.879,AFP
KIC_4851173,4851173,1,0,374.513,430.917,4.5,AFP
KIC_4851173,4851173,2,0,374.509,430.326,3.0,AFP
KIC_4851182,4851182,1,0,371.176,412.65,3.5,NTP
KIC_4851182,4851182,2,0,374.52,430.917,3.5,AFP
KIC_4862625,4862625,2,0,20.0002,142.675,5.319,AFP
KIC_4862625,4862625,4,0,2.6357,131.789,9.309,AFP
KIC_4919814,4919814,1,0,20.5,150.763,14.6,NTP
KIC_4919818,4919818,1,0,0.603432,131.548,2.042,AFP
KIC_4384398,4384398,2,0,2.30689,133.296,6.391,AFP
KIC_4384652,4384652,1,0,374.513,430.921,6.0,AFP
KIC_4384652,4384652,2,0,374.513,430.314,5.0,AFP
KIC_4384652,4384652,3,0,391.487,383.409,10.5,NTP
KIC_4458172,4458172,2,0,1.0549,132.079,1.954,AFP
KIC_4458346,4458346,1,0,1.62766,132.162,5.784,AFP
KIC_4458346,4458346,2,0,1.62756,133.034,4.692,AFP
KIC_4476123,4476123,1,1,22.3666,153.087,5.191,PC
KIC_4476186,4476186,1,0,8.56739,132.679,10.33,AFP
KIC_4476186,4476186,2,0,8.56792,133.854,14.82,AFP
KIC_4476186,4476186,3,0,1.10934,131.996,2.489,AFP
KIC_4488796,4488796,3,0,0.737973,131.884,2.814,AFP
KIC_4488840,4488840,1,0,0.65668,132.042,1.5,AFP
KIC_4488840,4488840,2,0,0.656668,131.72,1.506,AFP
KIC_4488840,4488840,3,0,0.656654,131.892,1.375,AFP
KIC_4562317,4562317,1,0,4.21492,133.707,14.28,NTP
KIC_4562615,4562615,1,0,0.702386,131.854,2.397,AFP
KIC_4562615,4562615,2,0,0.7024,131.614,2.061,AFP
KIC_4584865,4584865,1,0,1.75252,132.752,2.665,AFP
KIC_4647763,4647763,3,0,0.513837,131.567,1.502,AFP
KIC_4649173,4649173,1,0,459.546,259.748,3.772,NTP
KIC_4666008,4666008,1,0,2.24805,132.759,2.758,AFP
KIC_4667989,4667989,1,0,2.11701,132.578,4.318,AFP
KIC_4680002,4680002,1,0,1.13017,132.573,2.171,NTP
KIC_4680002,4680002,2,0,0.578549,131.756,2.173,AFP
KIC_4680002,4680002,3,0,0.578549,132.046,2.428,AFP
KIC_4742461,4742461,1,0,2.34181,133.448,7.365,AFP
KIC_4742461,4742461,2,0,2.34169,132.315,7.933,AFP
KIC_4743125,4743125,1,0,0.66316,132.226,0.6254,NTP
KIC_4743188,4743188,1,0,1.16492,132.622,3.258,AFP
KIC_4760946,4760946,3,0,2.83853,134.051,3.475,NTP
KIC_4761060,4761060,1,0,13.3795,140.922,6.787,AFP
KIC_4774321,4774321,2,0,0.536028,131.653,1.412,NTP
KIC_4813563,4813563,1,1,36.5157,151.291,3.519,PC
KIC_4813750,4813750,1,1,49.1789,165.76,5.882,PC
KIC_4841314,4841314,1,0,2.16058,133.146,3.264,AFP
KIC_4841314,4841314,2,0,2.16106,133.549,5.574,AFP
KIC_4841374,4841374,1,1,161.474,170.605,10.28,PC
KIC_4842166,4842166,1,0,0.512296,131.545,1.352,NTP
KIC_4851182,4851182,3,0,376.328,430.326,3.0,NTP
KIC_4851182,4851182,4,0,344.408,437.858,12.5,NTP
KIC_4851195,4851195,1,0,374.509,430.926,3.0,AFP
KIC_4851195,4851195,2,0,467.724,437.952,7.82,NTP
KIC_4851195,4851195,3,0,180.17,258.424,7.5,NTP
KIC_4862625,4862625,7,0,2.64234,133.441,7.525,AFP
KIC_4862730,4862730,1,0,0.558355,131.953,0.859,AFP
KIC_4919818,4919818,2,0,0.603417,131.942,2.037,AFP
KIC_4920125,4920125,1,0,0.657327,131.675,1.367,AFP
KIC_4920125,4920125,2,0,0.657206,131.623,0.8899,AFP
KIC_4920125,4920125,3,0,0.656948,131.674,0.8658,AFP
KIC_4920125,4920125,4,0,0.656959,132.12,2.5,AFP
KIC_4384675,4384675,1,0,374.122,432.088,3.0,NTP
KIC_4384675,4384675,2,0,378.634,419.175,3.5,NTP
KIC_4384675,4384675,4,0,368.036,430.917,3.5,NTP
KIC_4384675,4384675,5,0,374.52,430.318,3.5,AFP
KIC_4384793,4384793,1,0,374.316,431.513,5.0,NTP
KIC_4384793,4384793,2,0,427.218,418.551,6.0,NTP
KIC_4458918,4458918,1,0,4.11956,132.818,10.22,AFP
KIC_4458918,4458918,2,0,4.12168,135.068,10.97,AFP
KIC_4458984,4458984,1,0,0.529831,131.761,1.966,AFP
KIC_4459068,4459068,1,0,24.956,149.095,2.766,AFP
KIC_4476186,4476186,4,0,1.10965,131.94,3.451,AFP
KIC_4476392,4476392,1,0,8.7619,132.633,15.39,NTP
KIC_4477104,4477104,1,0,1.16913,131.585,2.985,NTP
KIC_4540632,4540632,1,0,31.0054,150.858,1.5,AFP
KIC_4540632,4540632,2,0,31.0054,132.973,15.09,AFP
KIC_4563268,4563268,1,1,7.75191,137.414,3.528,PC
KIC_4563268,4563268,2,1,4.16537,132.04,3.243,PC
KIC_4565985,4565985,1,0,17.5119,134.397,5.382,AFP
KIC_4586482,4586482,1,0,623.006,318.151,18.34,AFP
KIC_4586482,4586482,2,0,623.006,201.386,23.55,AFP
KIC_4587135,4587135,1,1,54.083,145.264,6.619,PC
KIC_4649238,4649238,1,0,0.965712,132.014,2.23,NTP
KIC_4649238,4649238,3,0,1.41627,132.074,4.84,AFP
KIC_4649238,4649238,4,0,1.417,131.597,5.021,AFP
KIC_4667989,4667989,2,0,2.11707,133.068,4.928,AFP
KIC_4667989,4667989,3,0,1.05886,132.187,4.464,NTP
KIC_4668393,4668393,1,0,0.930164,131.746,1.33,AFP
KIC_4668393,4668393,2,0,0.930093,132.254,2.165,AFP
KIC_4680543,4680543,1,0,0.980143,131.621,1.917,AFP
KIC_4680543,4680543,2,0,0.980161,132.045,3.528,AFP
KIC_4680597,4680597,1,0,0.671088,131.75,2.228,AFP
KIC_4680597,4680597,2,0,0.6711,132.075,2.018,AFP
KIC_4743188,4743188,2,0,1.16501,131.997,3.895,AFP
KIC_4743189,4743189,1,0,0.995435,132.368,3.588,AFP
KIC_4743189,4743189,2,0,0.995468,132.015,3.405,AFP
KIC_4743189,4743189,3,0,0.995413,131.711,2.444,AFP
KIC_4761060,4761060,2,0,1.34524,132.676,4.215,AFP
KIC_4761060,4761060,3,0,1.34518,132.036,4.771,AFP
KIC_4761269,4761269,1,0,2.49287,132.604,2.72,NTP
KIC_4814502,4814502,1,1,4.94331,135.575,2.662,PC
KIC_4815520,4815520,1,1,31.5786,145.628,2.147,PC
KIC_4815612,4815612,1,0,1.92851,131.529,3.983,AFP
KIC_4842166,4842166,3,0,0.583217,131.848,2.32,NTP
KIC_4842623,4842623,1,0,459.318,260.227,6.972,NTP
KIC_4851239,4851239,1,0,1.23515,131.986,4.169,AFP
KIC_4851283,4851283,1,0,2.47018,133.302,3.328,AFP
KIC_4851283,4851283,2,0,2.47032,131.938,2.78,AFP
KIC_4862730,4862730,2,0,0.558341,131.686,1.718,AFP
KIC_4862924,4862924,1,0,482.611,314.067,13.32,NTP
KIC_4862968,4862968,1,0,0.582622,131.664,1.98,NTP
KIC_4927192,4927192,1,0,6.31274,136.792,11.02,AFP
KIC_4927192,4927192,2,0,6.31167,135.714,9.658,AFP
KIC_4927192,4927192,3,0,1.57785,132.99,4.817,NTP
KIC_4384793,4384793,3,0,296.754,141.775,50.89,NTP
KIC_4385148,4385148,1,1,13.843,139.958,4.11,PC
KIC_4385148,4385148,2,1,24.2763,152.413,4.685,PC
KIC_4386047,4386047,1,0,2.90061,133.423,3.731,AFP
KIC_4459068,4459068,2,0,24.9546,148.695,14.39,AFP
KIC_4459285,4459285,1,0,1.38491,132.438,8.56,NTP
KIC_4459924,4459924,1,0,4.79179,134.03,4.304,AFP
KIC_4477747,4477747,1,0,0.690156,132.186,2.266,AFP
KIC_4477747,4477747,2,0,0.69014,131.813,2.667,AFP
KIC_4477871,4477871,1,0,343.111,383.234,7.008,NTP
KIC_4540632,4540632,3,0,31.0061,150.698,12.5,AFP
KIC_4544571,4544571,1,0,2.18907,132.087,1.435,AFP
KIC_4544571,4544571,2,0,2.18909,133.509,0.9844,AFP
KIC_4544571,4544571,3,0,2.18906,133.638,1.892,AFP
KIC_4565985,4565985,2,0,17.5119,145.343,5.054,AFP
KIC_4566740,4566740,1,0,4.97316,133.197,11.22,NTP
KIC_4566740,4566740,2,0,0.994607,132.066,3.709,NTP
KIC_4566848,4566848,1,1,180.412,142.864,3.281,PC
KIC_4587448,4587448,1,0,2.23416,131.797,2.125,AFP
KIC_4587448,4587448,2,0,2.23418,133.09,1.413,AFP
KIC_4587528,4587528,1,0,0.593817,132.001,1.041,AFP
KIC_4587528,4587528,2,0,0.593816,131.743,1.351,AFP
KIC_4649305,4649305,1,0,22.6512,140.337,3.721,AFP
KIC_4649305,4649305,2,0,22.6517,140.563,16.81,AFP
KIC_4649305,4649305,3,0,5.97431,136.464,15.8,NTP
KIC_4669058,4669058,1,0,0.91708,132.372,3.825,NTP
KIC_4669402,4669402,1,0,143.195,227.302,10.46,NTP
KIC_4669402,4669402,2,0,8.49529,136.244,10.15,NTP
KIC_4680745,4680745,1,0,1.46355,132.066,4.968,NTP
KIC_4680772,4680772,1,0,26.1903,143.225,1.783,AFP
KIC_4743508,4743508,1,0,2.08608,133.416,2.405,AFP
KIC_4743508,4743508,2,0,2.0861,132.368,1.486,AFP
KIC_4743513,4743513,1,0,2.08608,133.416,2.248,AFP
KIC_4743513,4743513,2,0,2.08607,132.379,1.717,AFP
KIC_4763381,4763381,1,0,0.799545,132.093,2.59,AFP
KIC_4763381,4763381,2,0,0.799578,131.66,3.283,AFP
KIC_4819950,4819950,1,0,459.305,260.231,3.254,NTP
KIC_4820550,4820550,1,1,202.118,292.048,4.683,PC
KIC_4843037,4843037,1,0,0.735962,131.824,2.422,AFP
KIC_4843037,4843037,2,0,0.735981,132.066,2.049,AFP
KIC_4843592,4843592,1,0,0.967065,131.606,0.9178,AFP
KIC_4851338,4851338,1,0,1.23516,131.984,3.435,AFP
KIC_4851356,4851356,1,0,1.23517,131.98,3.392,AFP
KIC_4851457,4851457,1,0,0.576138,132.047,2.107,NTP
KIC_4863077,4863077,1,0,0.678214,131.853,1.813,AFP
KIC_4863077,4863077,2,0,0.678248,132.177,2.18,AFP
KIC_4863260,4863260,1,0,0.987061,131.918,1.223,AFP
KIC_4927315,4927315,1,0,11.7692,138.413,2.475,AFP
KIC_4927315,4927315,2,0,11.7691,142.477,2.6,AFP
KIC_4927495,4927495,1,0,4.08591,133.573,6.803,AFP
KIC_4386059,4386059,1,0,2.90064,133.421,2.482,AFP
KIC_4386091,4386091,1,0,0.794834,131.732,2.017,AFP
KIC_4386091,4386091,2,0,0.794835,132.124,2.972,AFP
KIC_4386121,4386121,1,0,459.246,260.297,7.325,NTP
KIC_4459939,4459939,1,0,0.607297,131.685,2.057,AFP
KIC_4459939,4459939,2,0,0.607323,131.953,1.967,AFP
KIC_4464287,4464287,1,0,1.4829,132.245,4.801,AFP
KIC_4464287,4464287,2,0,1.48272,132.03,3.104,AFP
KIC_4478168,4478168,1,1,14.5865,143.049,4.002,PC
KIC_4478168,4478168,2,1,8.02924,132.821,3.26,PC
KIC_4479633,4479633,1,0,0.950128,132.299,0.9133,AFP
KIC_4544571,4544571,4,0,2.18908,133.383,1.458,AFP
KIC_4544572,4544572,1,0,2.18906,132.092,1.409,AFP
KIC_4544572,4544572,2,0,2.18905,133.663,1.877,AFP
KIC_4567400,4567400,1,0,17.1687,145.185,27.36,NTP
KIC_4567531,4567531,1,0,566.92,278.743,12.62,NTP
KIC_4568117,4568117,1,0,0.562546,131.744,1.896,AFP
KIC_4588115,4588115,1,0,4.65959,132.174,14.96,AFP
KIC_4588115,4588115,2,0,4.65998,134.403,15.07,AFP
KIC_4649440,4649440,1,0,19.3707,147.668,1.377,AFP
KIC_4649440,4649440,2,0,19.3704,140.748,4.755,AFP
KIC_4669402,4669402,3,0,2.12377,133.085,7.726,NTP
KIC_4670217,4670217,1,1,18.121,134.18,3.294,PC
KIC_4670267,4670267,1,0,1.00035,132.152,3.335,AFP
KIC_4670267,4670267,3,0,1.00577,131.863,3.0,AFP
KIC_4725681,4725681,1,1,23.9679,138.287,3.842,PC
KIC_4725681,4725681,2,1,8.29558,135.795,1.157,PC
KIC_4749989,4749989,1,0,0.732234,132.022,2.325,AFP
KIC_4749989,4749989,2,0,0.732255,131.649,2.075,AFP
KIC_4750341,4750341,1,0,0.98753,131.701,3.116,AFP
KIC_4764523,4764523,1,0,6.55973,132.429,11.47,AFP
KIC_4764523,4764523,2,0,6.56139,136.98,9.742,AFP
KIC_4824268,4824268,1,0,152.151,215.016,26.81,AFP
KIC_4824268,4824268,2,0,152.152,142.242,6.536,AFP
KIC_4825872,4825872,1,0,2.57547,131.865,3.819,NTP
KIC_4843592,4843592,2,0,0.967051,132.096,0.8562,AFP
KIC_4844004,4844004,1,1,1.56808,131.808,1.132,PC
KIC_4844367,4844367,1,1,17.1625,148.609,3.932,PC
KIC_4851464,4851464,1,0,5.54825,133.22,6.044,AFP
KIC_4851464,4851464,2,0,5.54826,135.995,5.418,AFP
KIC_4863614,4863614,1,0,0.703839,131.592,1.485,AFP
KIC_4863614,4863614,2,0,0.703865,131.818,1.512,AFP
KIC_4927495,4927495,2,0,4.08585,134.439,7.164,AFP
KIC_4927495,4927495,3,0,4.08671,131.813,15.64,AFP
KIC_4927734,4927734,1,0,1.50003,132.961,4.918,AFP
KIC_4927985,4927985,1,0,3.41316,133.165,9.316,AFP
KIC_4464287,4464287,3,0,1.4828,131.667,3.425,AFP
KIC_4464394,4464394,1,0,4.1317,134.277,9.359,AFP
KIC_4464394,4464394,2,0,4.13188,132.859,12.2,AFP
KIC_4479633,4479633,2,0,0.950136,131.821,0.8809,AFP
KIC_4479949,4479949,1,0,1.4879,131.717,5.324,NTP
KIC_4479949,4479949,2,0,1.55593,132.071,5.452,NTP
KIC_4544572,4544572,3,0,2.18912,133.501,0.5665,AFP
KIC_4544620,4544620,1,0,2.18905,132.097,2.575,AFP
KIC_4544620,4544620,2,0,2.18908,133.514,1.698,AFP
KIC_4568298,4568298,1,0,0.562558,131.745,1.5,AFP
KIC_4568729,4568729,1,0,3.48009,134.186,8.383,NTP
KIC_4588115,4588115,3,0,32.5624,149.486,5.606,NTP
KIC_4633434,4633434,1,0,22.2712,134.76,4.591,AFP
KIC_4633434,4633434,2,0,22.2712,145.53,4.84,AFP
KIC_4633454,4633454,1,0,1.70551,132.752,4.95,AFP
KIC_4649462,4649462,1,0,0.946036,131.926,0.9111,AFP
KIC_4649462,4649462,2,0,0.94509,131.632,2.556,AFP
KIC_4649476,4649476,1,0,1.44871,132.247,2.799,AFP
KIC_4649476,4649476,2,0,1.44901,131.59,0.9119,AFP
KIC_4670388,4670388,1,0,1.43877,132.076,3.008,NTP
KIC_4670388,4670388,2,0,1.19711,132.35,1.084,AFP
KIC_4670388,4670388,3,0,1.19576,132.123,2.83,AFP
KIC_4670846,4670846,1,0,0.706098,131.821,1.502,AFP
KIC_4725882,4725882,1,0,631.852,148.886,12.05,NTP
KIC_4726268,4726268,1,0,0.841396,131.914,2.951,NTP
KIC_4726268,4726268,2,0,0.500744,131.627,1.503,AFP
KIC_4726268,4726268,3,0,0.500744,131.783,1.503,AFP
KIC_4750669,4750669,1,1,3.38419,131.939,2.214,PC
KIC_4751083,4751083,1,0,4.53241,135.665,3.29,AFP
KIC_4751083,4751083,2,0,4.53243,133.432,3.271,AFP
KIC_4752451,4752451,1,0,6.41504,132.856,2.807,AFP
KIC_4764523,4764523,3,0,6.56153,135.544,15.99,AFP
KIC_4764774,4764774,1,0,1.29016,132.13,3.694,AFP
KIC_4764969,4764969,1,0,0.602243,131.541,1.939,NTP
KIC_4825872,4825872,2,0,7.72698,135.844,11.52,AFP
KIC_4825872,4825872,3,0,7.73012,137.769,5.25,AFP
KIC_4826031,4826031,1,0,0.54727,131.831,1.662,AFP
KIC_4826031,4826031,2,0,0.537604,131.66,1.729,AFP
KIC_4845555,4845555,1,0,2.48976,133.757,3.702,AFP
KIC_4845555,4845555,2,0,2.48962,131.731,4.238,AFP
KIC_4851530,4851530,2,1,4.77499,135.81,1.733,PC
KIC_4852297,4852297,1,0,3.2893,133.905,1.157,AFP
KIC_4852455,4852455,1,0,285.914,321.397,11.76,NTP
KIC_4863836,4863836,1,0,1.82186,131.997,5.95,NTP
KIC_4863956,4863956,1,0,2.15916,133.16,5.515,AFP
KIC_4863956,4863956,2,0,2.16004,131.95,4.61,AFP
KIC_4927985,4927985,2,0,3.41228,133.968,4.623,AFP
KIC_4928119,4928119,1,0,44.639,156.451,3.046,AFP
KIC_4391348,4391348,1,0,1.96434,131.651,2.524,AFP
KIC_4464689,4464689,1,0,3.19188,133.522,10.13,NTP
KIC_4465188,4465188,1,0,3.31212,134.335,9.512,AFP
KIC_4465188,4465188,2,0,3.31288,132.104,10.14,AFP
KIC_4480676,4480676,1,0,0.711964,132.088,1.332,AFP
KIC_4481426,4481426,2,0,0.629688,131.899,2.028,AFP
KIC_4544623,4544623,1,0,2.18912,132.073,2.401,AFP
KIC_4544623,4544623,2,0,2.18912,133.507,1.689,AFP
KIC_4569590,4569590,1,0,41.3709,166.465,12.09,AFP
KIC_4633454,4633454,2,0,1.70568,132.075,4.782,AFP
KIC_4633570,4633570,1,1,16.7092,141.338,2.641,PC
KIC_4633570,4633570,2,1,28.5515,156.927,4.034,PC
KIC_4634135,4634135,1,0,63.9005,189.471,8.129,AFP
KIC_4649476,4649476,3,0,1.449,132.536,1.054,AFP
KIC_4650327,4650327,1,0,635.337,174.326,13.35,NTP
KIC_4650674,4650674,1,1,4.51434,134.033,3.119,PC
KIC_4670846,4670846,2,0,0.706914,131.733,1.332,AFP
KIC_4670846,4670846,3,0,0.706118,132.293,1.723,AFP
KIC_4671225,4671225,1,0,0.915887,132.307,2.404,NTP
KIC_4729553,4729553,1,0,0.959773,131.627,2.216,AFP
KIC_4729553,4729553,2,0,0.96287,131.881,1.579,AFP
KIC_4729553,4729553,3,0,0.959725,131.884,2.0,AFP
KIC_4731303,4731303,1,0,300.649,394.771,4.018,NTP
KIC_4731916,4731916,1,0,2.67107,133.486,8.393,NTP
KIC_4753561,4753561,1,0,4.94493,131.612,2.261,AFP
KIC_4753561,4753561,2,0,4.94493,134.335,3.494,AFP
KIC_4768668,4768668,1,0,0.598061,131.951,1.846,AFP
KIC_4768668,4768668,2,0,0.598064,131.579,1.637,AFP
KIC_4768668,4768668,3,0,0.781544,131.538,3.0,NTP
KIC_4826031,4826031,3,0,0.542402,131.68,2.0,AFP
KIC_4826110,4826110,1,0,1.33342,132.84,0.9201,AFP
KIC_4826439,4826439,1,0,1.23715,132.655,3.5,AFP
KIC_4827662,4827662,1,0,5.42925,135.934,14.76,AFP
KIC_4827662,4827662,2,0,5.42924,133.228,12.59,AFP
KIC_4845590,4845590,1,0,1.24661,132.228,6.892,NTP
KIC_4845862,4845862,1,0,2.44933,132.799,2.374,AFP
KIC_4846150,4846150,1,0,8.53358,137.609,13.08,NTP
KIC_4852528,4852528,1,1,7.05354,134.152,2.481,PC
KIC_4852528,4852528,2,1,9.52166,139.397,2.433,PC
KIC_4852528,4852528,3,1,3.07214,134.032,1.971,PC
KIC_4852528,4852528,4,1,0.986782,132.184,1.358,PC
KIC_4864734,4864734,1,0,1.84562,131.803,1.489,AFP
KIC_4929092,4929092,1,0,0.578047,131.794,2.67,NTP
KIC_4929299,4929299,1,0,0.868715,132.089,1.315,AFP
KIC_4929299,4929299,2,0,0.868715,131.653,1.223,AFP
KIC_4929615,4929615,1,0,459.369,260.134,5.421,NTP
KIC_4391466,4391466,1,0,4.30116,133.176,9.863,AFP
KIC_4391466,4391466,2,0,4.30097,131.75,11.63,AFP
KIC_4446044,4446044,1,0,4.62746,135.611,15.07,NTP
KIC_4465188,4465188,3,0,3.31409,132.425,7.487,AFP
KIC_4466180,4466180,1,0,0.650577,132.127,1.752,AFP
KIC_4466180,4466180,2,0,0.650557,131.811,1.719,AFP
KIC_4481426,4481426,3,0,0.629692,131.574,1.956,AFP
KIC_4481700,4481700,1,0,0.664173,131.914,1.968,AFP
KIC_4481700,4481700,2,0,0.664173,131.58,1.5,AFP
KIC_4481700,4481700,3,0,0.664173,131.742,1.5,AFP
KIC_4544628,4544628,2,0,0.729716,132.049,2.418,AFP
KIC_4544670,4544670,1,1,34.844,137.789,3.0,PC
KIC_4544684,4544684,1,0,2.18905,132.107,2.466,AFP
KIC_4569590,4569590,2,0,41.3709,145.723,15.99,AFP
KIC_4570555,4570555,1,0,4.7503,134.634,1.938,AFP
KIC_4570931,4570931,1,0,1.54491,132.012,1.086,AFP
KIC_4570949,4570949,1,1,1.54493,132.003,1.391,PC
KIC_4634135,4634135,2,0,63.9153,154.82,5.652,AFP
KIC_4636464,4636464,1,0,3.65627,132.66,7.765,AFP
KIC_4636464,4636464,2,0,3.6562,134.97,10.26,AFP
KIC_4650686,4650686,1,0,347.83,368.987,13.93,NTP
KIC_4650733,4650733,1,1,29.5391,143.917,4.112,PC
KIC_4650995,4650995,2,0,2.65013,131.802,8.787,NTP
KIC_4671225,4671225,3,0,0.610262,132.005,2.0,NTP
KIC_4672045,4672045,1,0,0.66918,131.832,1.298,AFP
KIC_4672045,4672045,2,0,0.669283,131.607,2.166,AFP
KIC_4731916,4731916,2,0,1.33478,132.779,4.434,NTP
KIC_4732015,4732015,1,0,0.93887,132.201,2.657,AFP
KIC_4732015,4732015,2,0,0.93974,131.74,3.143,AFP
KIC_4754310,4754310,1,0,1.98926,131.728,4.187,NTP
KIC_4754831,4754831,1,0,5.92531,136.879,15.14,AFP
KIC_4754831,4754831,2,0,5.92654,134.165,15.29,AFP
KIC_4768756,4768756,1,0,2.40432,133.238,3.45,AFP
KIC_4768846,4768846,1,0,1.25483,132.189,2.051,AFP
KIC_4768846,4768846,2,0,1.25484,131.566,1.624,AFP
KIC_4827723,4827723,1,1,7.23861,135.024,3.139,PC
KIC_4828341,4828341,1,1,36.1289,135.648,2.16,PC
KIC_4846856,4846856,1,1,46.1513,147.808,5.161,PC
KIC_4852528,4852528,5,1,4.64537,134.592,2.272,PC
KIC_4908774,4908774,1,0,459.286,260.241,4.6,NTP
KIC_4909697,4909697,1,0,0.518504,131.625,1.587,AFP
KIC_4909697,4909697,2,0,0.518502,131.875,1.574,AFP
KIC_4930578,4930578,1,0,4.67358,132.204,13.26,AFP
KIC_4930578,4930578,2,0,4.67366,134.828,12.92,AFP
KIC_4930578,4930578,3,0,2.33674,131.988,13.38,NTP
KIC_4930913,4930913,1,0,2.41895,133.711,5.741,AFP
KIC_4446135,4446135,2,0,1.32659,131.951,5.529,NTP
KIC_4446299,4446299,1,0,459.267,260.309,2.462,NTP
KIC_4466356,4466356,1,0,14.1281,137.119,2.548,AFP
KIC_4466677,4466677,1,1,3.22297,132.95,2.837,PC
KIC_4466677,4466677,2,1,42.0373,136.21,6.5,PC
KIC_4466677,4466677,3,1,21.0113,132.654,3.451,PC
KIC_4482231,4482231,2,0,0.631502,132.127,2.051,AFP
KIC_4482231,4482231,3,0,0.631511,131.838,2.0,AFP
KIC_4482348,4482348,1,0,374.513,430.921,5.0,AFP
KIC_4544757,4544757,1,0,487.739,254.553,12.02,NTP
KIC_4544907,4544907,1,1,46.8775,137.67,9.74,PC
KIC_4545187,4545187,1,1,3.17741,134.479,1.43,PC
KIC_4545187,4545187,2,1,41.0081,147.036,4.734,PC
KIC_4570949,4570949,2,0,1.54492,132.78,1.044,AFP
KIC_4570949,4570949,3,0,1.54496,131.815,3.3,AFP
KIC_4570949,4570949,4,0,1.54498,132.14,5.726,AFP
KIC_4636464,4636464,3,0,3.65586,133.63,7.112,AFP
KIC_4636565,4636565,1,0,2.81407,133.061,5.252,AFP
KIC_4636578,4636578,1,1,17.8485,148.391,5.628,PC
KIC_4636578,4636578,2,1,26.1364,131.616,6.576,PC
KIC_4656049,4656049,1,1,40.6994,131.869,7.169,PC
KIC_4658336,4658336,1,0,1.45015,131.859,3.382,AFP
KIC_4672512,4672512,1,0,3.3547,132.356,9.228,NTP
KIC_4673628,4673628,1,1,3.9514,132.063,0.71,PC
KIC_4676964,4676964,1,1,43.1032,140.12,7.349,PC
KIC_4733003,4733003,1,0,2.10827,132.709,2.712,AFP
KIC_4733003,4733003,2,0,2.10969,132.666,8.397,AFP
KIC_4733318,4733318,1,0,0.739568,132.111,2.519,NTP
KIC_4754831,4754831,3,0,5.92537,133.067,9.613,AFP
KIC_4755450,4755450,1,0,1.60022,132.47,2.229,AFP
KIC_4755450,4755450,2,0,1.60013,131.704,2.33,AFP
KIC_4755510,4755510,1,0,7.73296,134.572,8.064,NTP
KIC_4769007,4769007,1,0,1.81063,132.099,3.6,AFP
KIC_4769007,4769007,2,0,1.81052,132.994,4.182,AFP
KIC_4829935,4829935,1,0,16.933,132.154,1.319,AFP
KIC_4830605,4830605,1,1,35.6361,164.177,5.48,PC
KIC_4831251,4831251,1,0,459.272,260.301,3.112,NTP
KIC_4847371,4847371,1,0,0.5083,131.621,1.273,AFP
KIC_4847371,4847371,2,0,0.508305,131.783,1.329,AFP
KIC_4857058,4857058,1,1,7.32849,132.133,1.108,PC
KIC_4857058,4857058,2,1,77.9205,160.865,7.022,PC
KIC_4857213,4857213,1,1,8.77425,132.334,2.218,PC
KIC_4909707,4909707,1,0,2.30258,132.415,5.991,AFP
KIC_4909707,4909707,2,0,2.30235,133.613,2.996,AFP
KIC_4912650,4912650,1,1,100.341,152.891,8.466,PC
KIC_4930913,4930913,2,0,2.41916,132.042,7.028,AFP
KIC_4930913,4930913,3,0,2.41898,132.93,8.903,AFP
KIC_4931073,4931073,1,0,26.9513,150.923,8.463,AFP
KIC_4931073,4931073,2,0,26.9513,157.585,7.287,AFP
KIC_4448848,4448848,1,0,2.83265,134.25,12.8,NTP
KIC_4449034,4449034,1,1,38.1386,142.299,3.749,PC
KIC_4450028,4450028,1,0,3.64858,131.846,13.13,AFP
KIC_4471379,4471379,2,0,0.932523,132.087,1.768,AFP
KIC_4471379,4471379,3,0,0.932566,131.586,3.5,AFP
KIC_4482348,4482348,2,0,376.07,425.664,6.098,NTP
KIC_4482641,4482641,1,0,374.513,430.917,4.5,NTP
KIC_4482738,4482738,1,0,0.866357,132.057,1.22,AFP
KIC_4482738,4482738,2,0,0.866342,131.631,1.072,AFP
KIC_4483138,4483138,1,1,15.3626,145.574,3.808,PC
KIC_4545570,4545570,1,1,5.60476,131.629,3.09,PC
KIC_4545926,4545926,1,0,2.48268,133.777,2.038,AFP
KIC_4547321,4547321,1,0,0.576865,131.587,2.594,AFP
KIC_4571004,4571004,1,0,3.42623,133.151,11.81,AFP
KIC_4571004,4571004,2,0,3.42545,134.312,9.355,AFP
KIC_4571536,4571536,1,0,0.676715,131.766,1.072,AFP
KIC_4571780,4571780,1,0,2.07705,133.434,4.804,AFP
KIC_4636578,4636578,3,1,11.1896,140.63,5.194,PC
KIC_4638237,4638237,1,1,290.14,307.251,2.197,PC
KIC_4639291,4639291,1,0,404.86,418.791,10.78,NTP
KIC_4658336,4658336,2,0,1.45024,132.288,3.391,AFP
KIC_4658336,4658336,3,0,1.45022,132.795,5.0,AFP
KIC_4659255,4659255,1,0,198.014,234.152,9.727,AFP
KIC_4659405,4659405,1,0,4.53244,135.662,2.201,AFP
KIC_4677282,4677282,1,0,1.57215,131.791,3.956,AFP
KIC_4677446,4677446,1,0,0.782405,131.766,1.999,AFP
KIC_4677446,4677446,2,0,0.782399,132.164,1.977,AFP
KIC_4733344,4733344,1,0,0.64264,132.127,2.153,AFP
KIC_4733344,4733344,2,0,0.642622,131.819,2.175,AFP
KIC_4755510,4755510,2,0,1.13158,131.693,3.453,AFP
KIC_4755510,4755510,3,0,1.13164,132.537,2.249,AFP
KIC_4755510,4755510,4,0,1.1316,131.926,2.0,AFP
KIC_4831616,4831616,1,0,2.09117,133.12,3.711,AFP
KIC_4831616,4831616,2,0,2.09111,132.794,3.918,AFP
KIC_4831728,4831728,1,1,10.1076,135.112,3.59,PC
KIC_4831728,4831728,2,1,7.09556,134.995,4.113,PC
KIC_4847411,4847411,1,0,0.500307,131.7,2.062,NTP
KIC_4847534,4847534,1,1,9.66857,135.86,2.371,PC
KIC_4847691,4847691,1,0,4.64776,132.848,13.99,NTP
KIC_4858525,4858525,1,0,3.21951,133.083,4.573,AFP
KIC_4858525,4858525,2,0,3.2191,132.073,10.09,AFP
KIC_4912991,4912991,1,0,4.44252,133.608,2.437,AFP
KIC_4913000,4913000,1,0,4.44251,133.609,1.919,AFP
KIC_4913852,4913852,1,1,8.1144,135.766,2.231,PC
KIC_4913858,4913858,1,0,2.29025,133.309,7.816,AFP
KIC_4450028,4450028,2,0,3.64882,132.841,10.56,AFP
KIC_4450844,4450844,1,1,56.3481,163.376,8.669,PC
KIC_4451755,4451755,1,0,3.62298,134.425,11.75,NTP
KIC_4471747,4471747,1,1,51.3894,145.33,5.142,PC
KIC_4472465,4472465,1,0,0.690585,131.769,2.257,AFP
KIC_4472465,4472465,2,0,0.690616,132.095,2.21,AFP
KIC_4483235,4483235,1,0,1.76094,132.306,4.171,AFP
KIC_4483235,4483235,3,0,1.76091,132.873,4.688,AFP
KIC_4483262,4483262,1,0,1.71854,132.872,5.752,AFP
KIC_4547480,4547480,1,0,4.42694,133.565,1.607,AFP
KIC_4547603,4547603,1,1,1.40075,132.024,1.154,PC
KIC_4547830,4547830,1,0,2.42523,133.879,5.266,AFP
KIC_4571780,4571780,2,0,2.07698,131.888,2.828,AFP
KIC_4571780,4571780,3,0,2.07693,132.506,5.148,AFP
KIC_4571844,4571844,1,1,17.8076,146.882,1.635,PC
KIC_4639868,4639868,1,1,53.1009,135.972,2.281,PC
KIC_4640914,4640914,1,0,1.80015,132.087,5.513,AFP
KIC_4640914,4640914,2,0,1.80727,132.562,4.515,AFP
KIC_4640983,4640983,1,0,459.007,260.552,15.16,NTP
KIC_4659405,4659405,2,0,4.53242,133.426,1.599,AFP
KIC_4660027,4660027,1,0,0.944155,132.394,7.002,NTP
KIC_4661634,4661634,1,0,73.8942,159.901,9.496,AFP
KIC_4661634,4661634,2,0,73.8944,142.939,12.32,AFP
KIC_4678171,4678171,2,0,15.288,133.071,15.0,AFP
KIC_4678171,4678171,3,0,15.2917,139.693,1.394,AFP
KIC_4678171,4678171,4,0,15.2906,139.742,3.106,AFP
KIC_4678171,4678171,5,0,15.2887,139.904,2.594,AFP
KIC_4735826,4735826,2,1,7.54602,134.506,2.962,PC
KIC_4736208,4736208,1,0,63.6807,167.559,9.0,AFP
KIC_4736208,4736208,2,0,63.6815,145.971,15.0,AFP
KIC_4736561,4736561,1,0,2.07168,132.64,6.652,NTP
KIC_4736562,4736562,1,0,0.522097,131.76,0.8706,AFP
KIC_4756040,4756040,2,0,0.933676,132.238,1.815,AFP
KIC_4756040,4756040,3,0,0.933722,131.763,3.5,AFP
KIC_4756171,4756171,1,0,5.01231,134.542,14.48,AFP
KIC_4769799,4769799,1,0,21.9289,135.519,9.797,AFP
KIC_4769824,4769824,1,0,21.9266,135.562,10.3,AFP
KIC_4769931,4769931,1,0,1.87886,133.077,3.313,AFP
KIC_4831769,4831769,1,0,1.32173,131.682,8.287,NTP
KIC_4832175,4832175,1,0,0.947746,132.382,1.389,AFP
KIC_4832197,4832197,1,0,0.947724,132.396,1.544,AFP
KIC_4847782,4847782,1,0,30.9607,156.155,9.716,AFP
KIC_4847782,4847782,2,0,30.96,139.434,3.01,AFP
KIC_4847832,4847832,1,0,30.9604,156.154,10.5,AFP
KIC_4847832,4847832,2,0,30.9604,139.426,4.5,AFP
KIC_4858610,4858610,1,0,2.72285,131.918,2.692,AFP
KIC_4859557,4859557,1,0,0.597199,131.782,1.745,AFP
KIC_4859557,4859557,2,0,0.597266,132.044,1.913,AFP
KIC_4914399,4914399,1,0,1.23714,132.664,2.703,AFP
KIC_4914423,4914423,1,1,15.9653,142.177,4.711,PC
KIC_4931864,4931864,1,0,2.18915,133.534,7.5,NTP
KIC_4932348,4932348,1,0,38.0367,158.898,4.363,AFP
KIC_4932348,4932348,2,0,38.0367,150.134,5.725,AFP
KIC_4932417,4932417,1,0,1.50343,131.998,3.025,AFP
KIC_4454752,4454752,1,1,1.61689,132.615,1.539,PC
KIC_4454934,4454934,1,1,33.4699,140.15,4.759,PC
KIC_4472818,4472818,1,0,70.9674,182.667,7.081,AFP
KIC_4472818,4472818,2,1,15.3574,132.597,1.93,PC
KIC_4473083,4473083,1,0,1.1833,131.762,4.044,AFP
KIC_4473083,4473083,2,0,1.1833,132.655,3.579,AFP
KIC_4483262,4483262,2,0,1.71829,132.742,6.903,AFP
KIC_4483262,4483262,3,0,132.388,138.957,10.28,NTP
KIC_4547830,4547830,2,0,2.42635,132.878,7.234,AFP
KIC_4548011,4548011,1,1,6.28378,133.209,4.077,PC
KIC_4548011,4548011,2,1,9.08755,139.98,3.438,PC
KIC_4574310,4574310,1,0,1.30622,132.113,3.0,AFP
KIC_4574310,4574310,2,0,1.30616,132.796,3.624,AFP
KIC_4641419,4641419,1,0,1.74333,132.231,6.262,NTP
KIC_4641555,4641555,1,0,0.961127,131.622,2.227,NTP
KIC_4661660,4661660,1,0,0.630864,132.139,0.7705,AFP
KIC_4661660,4661660,2,0,0.630867,131.955,1.06,AFP
KIC_4661660,4661660,3,0,0.630865,131.686,0.9478,AFP
KIC_4678171,4678171,6,0,129.981,194.048,6.0,NTP
KIC_4678873,4678873,1,0,1.87888,133.073,5.351,AFP
KIC_4678875,4678875,1,0,1.87887,133.078,3.5,AFP
KIC_4678875,4678875,2,0,0.626281,131.518,2.02,NTP
KIC_4678919,4678919,1,0,1.87887,133.079,3.384,AFP
KIC_4736562,4736562,2,0,0.522118,131.917,1.5,AFP
KIC_4736562,4736562,3,0,0.522123,131.564,1.5,AFP
KIC_4736569,4736569,1,1,10.132,132.91,3.182,PC
KIC_4736569,4736569,2,1,7.0739,136.649,2.512,PC
KIC_4756171,4756171,2,0,5.01237,132.015,16.57,AFP
KIC_4756243,4756243,1,0,1.18043,132.317,4.343,NTP
KIC_4756243,4756243,2,0,2.36083,131.738,5.617,NTP
KIC_4770174,4770174,1,1,6.09602,134.588,4.891,PC
KIC_4770365,4770365,1,1,1.60932,132.273,1.667,PC
KIC_4832225,4832225,1,0,1.89544,133.347,1.069,AFP
KIC_4832837,4832837,1,1,2.62811,132.928,1.748,PC
KIC_4847843,4847843,1,0,30.9604,139.435,3.705,AFP
KIC_4847843,4847843,2,0,30.9609,156.147,8.524,AFP
KIC_4848115,4848115,1,0,1.93924,131.922,1.485,AFP
KIC_4848216,4848216,1,0,0.633883,131.561,4.833,NTP
KIC_4859559,4859559,1,0,1.14471,131.756,4.95,NTP
KIC_4860444,4860444,1,0,0.558564,132.03,0.873,AFP
KIC_4860444,4860444,2,0,0.558528,131.705,1.422,AFP
KIC_4914423,4914423,2,1,179.61,295.336,13.48,PC
KIC_4914566,4914566,1,1,22.242,144.723,7.325,PC
KIC_4914709,4914709,1,0,8.65308,136.665,0.9789,AFP
KIC_4932417,4932417,2,0,1.5034,132.258,2.425,AFP
KIC_4932442,4932442,1,1,6.93361,137.079,4.435,PC
KIC_4932657,4932657,1,0,0.653304,131.655,1.316,AFP
KIC_4455231,4455231,1,1,19.3058,141.522,4.235,PC
KIC_4455231,4455231,2,1,56.638,135.521,6.316,PC
KIC_4455231,4455231,3,1,6.0975,134.543,3.235,PC
KIC_4473083,4473083,3,0,1.18328,132.188,4.05,AFP
KIC_4473226,4473226,1,1,14.8335,135.442,3.989,PC
KIC_4473450,4473450,1,0,0.635417,131.927,1.509,AFP
KIC_4483781,4483781,2,0,0.673585,131.961,1.612,NTP
KIC_4484128,4484128,1,0,0.549161,131.892,1.517,AFP
KIC_4484128,4484128,2,0,0.547095,131.539,1.503,AFP
KIC_4484128,4484128,3,0,0.54846,131.777,1.5,AFP
KIC_4548098,4548098,1,1,3.82316,133.068,2.387,PC
KIC_4576280,4576280,1,0,1.71501,132.262,5.585,NTP
KIC_4644604,4644604,1,1,14.4858,131.549,3.034,PC
KIC_4644922,4644922,1,0,578.915,131.633,4.169,NTP
KIC_4644952,4644952,1,1,6.94135,137.545,2.002,PC
KIC_4644952,4644952,2,1,4.36273,135.233,2.179,PC
KIC_4662336,4662336,1,0,2.96881,132.438,7.619,AFP
KIC_4662336,4662336,2,0,2.96854,132.998,7.048,AFP
KIC_4679242,4679242,1,0,0.562204,131.768,1.563,AFP
KIC_4679242,4679242,2,0,0.562163,131.591,2.074,AFP
KIC_4679314,4679314,1,0,3.84838,133.231,8.312,AFP
KIC_4736644,4736644,1,1,16.2951,144.804,3.549,PC
KIC_4737720,4737720,1,0,0.540325,131.773,1.412,AFP
KIC_4737720,4737720,2,0,0.54054,131.521,1.633,AFP
KIC_4737720,4737720,3,0,0.540248,131.525,1.43,AFP
KIC_4756725,4756725,1,0,11.2558,133.485,13.92,AFP
KIC_4756725,4756725,2,0,11.2556,132.659,17.28,AFP
KIC_4756776,4756776,1,0,2.47694,133.011,8.695,AFP
KIC_4770365,4770365,2,1,9.51219,137.92,2.922,PC
KIC_4770365,4770365,3,1,4.72944,132.936,2.195,PC
KIC_4770617,4770617,1,1,5.18561,132.323,4.069,PC
KIC_4770617,4770617,2,1,8.45809,137.058,3.443,PC
KIC_4832837,4832837,2,1,5.06547,131.947,2.449,PC
KIC_4833050,4833050,1,0,1.19189,131.598,1.649,AFP
KIC_4833050,4833050,2,0,1.19199,132.083,7.385,AFP
KIC_4833421,4833421,1,1,12.466,134.003,5.156,PC
KIC_4848321,4848321,1,0,1.50179,131.57,2.691,AFP
KIC_4848423,4848423,1,0,1.50181,131.547,2.0,AFP
KIC_4848424,4848424,1,0,1.5018,131.556,3.137,AFP
KIC_4848532,4848532,1,0,1.50174,131.606,4.455,AFP
KIC_4860678,4860678,1,1,9.97718,137.236,5.915,PC
KIC_4914709,4914709,2,0,8.65327,134.287,1.584,AFP
KIC_4914737,4914737,1,0,8.65312,134.302,1.457,AFP
KIC_4914737,4914737,2,0,8.65314,136.655,0.8517,AFP
KIC_4914771,4914771,1,0,459.321,260.209,1.761,NTP
KIC_4932657,4932657,2,0,0.653295,131.982,1.258,AFP
KIC_4932689,4932689,1,0,18.1118,134.725,5.38,AFP
KIC_4932691,4932691,1,0,18.1121,134.713,6.793,AFP
KIC_4455763,4455763,1,0,0.7663,131.686,1.528,AFP
KIC_4456107,4456107,1,0,0.943115,132.441,1.24,AFP
KIC_4456107,4456107,2,0,0.943118,131.961,1.501,AFP
KIC_4473450,4473450,2,0,0.635411,132.139,1.59,AFP
KIC_4473613,4473613,1,1,4.36128,132.527,1.991,PC
KIC_4473933,4473933,1,0,379.88,339.657,25.61,NTP
KIC_4484251,4484251,1,0,1.92767,133.401,6.25,AFP
KIC_4484251,4484251,2,0,1.92826,132.456,5.521,AFP
KIC_4484251,4484251,3,0,1.28505,131.936,5.429,NTP
KIC_4551328,4551328,1,0,1.04411,132.097,0.9759,AFP
KIC_4551663,4551663,1,0,12.0777,140.46,2.52,AFP
KIC_4577324,4577324,1,0,1.33853,132.601,8.673,NTP
KIC_4577969,4577969,1,0,0.915076,131.902,3.39,AFP
KIC_4577969,4577969,2,0,0.915074,132.209,2.361,AFP
KIC_4644952,4644952,3,1,31.7822,134.861,3.862,PC
KIC_4645174,4645174,1,1,15.0329,131.908,5.447,PC
KIC_4645174,4645174,2,1,34.7489,158.708,2.3,PC
KIC_4662336,4662336,3,0,2.96886,132.204,19.44,AFP
KIC_4662336,4662336,4,0,2.96861,133.684,7.5,AFP
KIC_4663185,4663185,1,0,56.6992,146.147,7.568,AFP
KIC_4679369,4679369,1,0,1.95526,133.151,4.252,AFP
KIC_4679369,4679369,2,0,1.95487,132.718,5.792,AFP
KIC_4738155,4738155,1,0,0.836114,132.159,1.926,NTP
KIC_4739229,4739229,1,0,0.913213,131.584,5.726,NTP
KIC_4756776,4756776,2,0,2.47694,131.953,8.61,AFP
KIC_4757437,4757437,1,1,13.1932,136.031,5.078,PC
KIC_4757437,4757437,2,1,4.42536,134.561,3.527,PC
KIC_4771707,4771707,1,0,568.266,275.816,16.64,NTP
KIC_4773155,4773155,1,0,25.7054,156.658,7.5,AFP
KIC_4773155,4773155,2,0,25.7061,148.341,3.5,AFP
KIC_4773155,4773155,3,0,25.7049,148.607,15.0,AFP
KIC_4833421,4833421,2,1,5.76615,134.019,3.968,PC
KIC_4833421,4833421,3,1,37.9944,163.003,7.094,PC
KIC_4833421,4833421,4,1,21.5872,142.982,4.724,PC
KIC_4833421,4833421,5,1,56.2607,164.194,8.276,PC
KIC_4848695,4848695,1,0,1.38106,131.515,2.016,AFP
KIC_4848695,4848695,2,0,1.38106,132.035,1.973,AFP
KIC_4848695,4848695,3,0,1.38118,131.743,1.525,AFP
KIC_4860932,4860932,1,0,12.3657,140.918,2.526,AFP
KIC_4860932,4860932,2,0,12.3659,137.87,3.977,AFP
KIC_4861527,4861527,1,0,25.7053,156.662,7.55,AFP
KIC_4915638,4915638,1,1,8.6304,139.585,3.175,PC
KIC_4915765,4915765,1,0,450.375,234.442,7.405,NTP
KIC_4916845,4916845,1,0,459.303,260.248,3.512,NTP
KIC_4932691,4932691,2,0,18.1121,139.506,6.37,AFP
KIC_4933476,4933476,1,0,2.57244,133.15,1.774,AFP
KIC_4934893,4934893,1,0,2.55805,132.724,2.898,AFP
KIC_4456622,4456622,1,0,0.751408,131.949,1.967,AFP
KIC_4456622,4456622,2,0,0.751434,132.262,2.609,AFP
KIC_4456940,4456940,1,0,3.92638,131.778,8.86,AFP
KIC_4474407,4474407,1,0,2.99651,131.859,8.5,NTP
KIC_4474407,4474407,2,0,5.99419,133.126,16.07,NTP
KIC_4474462,4474462,1,1,12.8576,141.857,4.712,PC
KIC_4484271,4484271,1,0,0.561412,132.009,1.297,AFP
KIC_4552395,4552395,1,0,4.4297,135.293,12.85,AFP
KIC_4552395,4552395,2,0,4.43091,133.255,11.38,AFP
KIC_4552514,4552514,1,0,573.026,133.692,6.3,NTP
KIC_4577969,4577969,3,0,0.67535,131.973,1.5,NTP
KIC_4578644,4578644,1,0,0.783672,131.785,2.508,NTP
KIC_4579313,4579313,1,0,2.11241,131.919,1.568,AFP
KIC_4645823,4645823,1,0,459.313,260.217,2.425,NTP
KIC_4645833,4645833,1,0,0.743474,131.829,1.453,AFP
KIC_4645833,4645833,2,0,0.743482,132.193,1.368,AFP
KIC_4647715,4647715,1,0,3.87908,131.83,1.589,NTP
KIC_4664046,4664046,1,0,1.12975,132.535,2.909,AFP
KIC_4664466,4664466,1,0,503.357,172.358,14.44,NTP
KIC_4679528,4679528,3,0,2.62306,132.641,5.765,NTP
KIC_4739565,4739565,1,0,0.898892,131.839,2.309,AFP
KIC_4739791,4739791,1,0,0.898118,132.117,1.878,AFP
KIC_4739791,4739791,2,0,0.900056,131.513,2.351,AFP
KIC_4757997,4757997,1,0,6.41995,132.951,14.68,NTP
KIC_4757997,4757997,2,0,0.804483,132.299,1.758,AFP
KIC_4757997,4757997,3,0,0.804516,131.853,2.598,AFP
KIC_4773392,4773392,1,1,170.996,163.956,3.697,PC
KIC_4773851,4773851,1,0,0.692912,131.732,1.728,AFP
KIC_4839411,4839411,1,0,459.32,260.215,6.141,NTP
KIC_4850046,4850046,1,0,0.661777,131.587,2.922,NTP
KIC_4850661,4850661,1,0,0.589813,131.625,1.293,AFP
KIC_4850677,4850677,1,0,0.589794,131.626,3.65,AFP
KIC_4850763,4850763,1,0,0.649062,131.974,2.384,NTP
KIC_4861527,4861527,2,0,25.7067,148.332,3.234,AFP
KIC_4861736,4861736,1,0,6.27781,134.913,7.569,AFP
KIC_4861736,4861736,2,0,6.27796,131.75,5.301,AFP
KIC_4861784,4861784,1,0,5.62971,136.846,5.694,AFP
KIC_4917014,4917014,1,0,0.796813,131.976,1.078,AFP
KIC_4917014,4917014,2,0,0.796828,131.57,1.044,AFP
KIC_4917596,4917596,1,1,3.29013,133.153,1.605,PC
KIC_4918303,4918303,1,1,21.1579,150.584,4.537,PC
KIC_4934893,4934893,2,0,2.55804,133.277,2.75,AFP
KIC_4934893,4934893,3,0,2.55694,131.633,2.705,AFP
KIC_4935172,4935172,1,1,2.17291,131.733,2.061,PC
KIC_4935198,4935198,1,0,459.266,260.328,2.661,NTP
KIC_4935594,4935594,1,0,0.903455,131.588,3.0,AFP
KIC_4456940,4456940,2,0,3.92611,133.246,8.925,AFP
KIC_4458082,4458082,1,1,4.89338,133.64,3.471,PC
KIC_4458082,4458082,2,1,8.93489,133.383,2.101,PC
KIC_4474484,4474484,1,0,1.62533,133.106,10.29,NTP
KIC_4474637,4474637,1,0,3.88683,134.992,10.5,AFP
KIC_4474637,4474637,2,0,3.88678,133.061,9.0,AFP
KIC_4474645,4474645,1,0,3.88673,135.019,10.03,AFP
KIC_4474645,4474645,2,0,3.88681,133.065,7.224,AFP
KIC_4484271,4484271,2,0,0.561415,131.579,1.322,AFP
KIC_4484271,4484271,3,0,0.561413,131.719,1.34,AFP
KIC_4484312,4484312,1,0,2.2429,133.494,2.507,AFP
KIC_4484336,4484336,1,1,8.94343,137.3,2.538,PC
KIC_4552729,4552729,1,1,97.4454,204.829,8.693,PC
KIC_4555642,4555642,1,0,459.349,260.172,7.129,NTP
KIC_4555954,4555954,1,0,482.055,214.4,13.57,NTP
KIC_4556345,4556345,1,0,1.24047,132.68,3.563,AFP
KIC_4556345,4556345,2,0,1.24039,132.304,1.746,AFP
KIC_4579313,4579313,2,0,2.11235,132.987,1.197,AFP
KIC_4579321,4579321,1,0,2.1124,131.917,1.5,AFP
KIC_4579598,4579598,1,0,0.866355,131.626,1.524,AFP
KIC_4050017,4050017,2,0,2.58441,133.246,7.397,AFP
KIC_4050017,4050017,3,0,0.646115,131.99,1.896,NTP
KIC_4054968,4054968,1,0,0.618542,131.892,2.377,NTP
KIC_4073730,4073730,2,0,1.10342,131.816,3.613,AFP
KIC_4073730,4073730,3,0,1.10393,132.52,1.689,AFP
KIC_4073730,4073730,4,0,2.20624,131.999,5.857,NTP
KIC_4136253,4136253,1,0,0.790999,132.252,1.973,AFP
KIC_4136285,4136285,1,0,1.58193,131.964,2.502,AFP
KIC_4136285,4136285,2,0,1.58214,133.027,2.033,AFP
KIC_4150539,4150539,3,0,94.2196,196.432,12.23,AFP
KIC_4150611,4150611,1,0,8.65313,136.656,3.904,AFP
KIC_4150611,4150611,2,0,8.65312,134.302,4.767,AFP
KIC_4171302,4171302,4,0,2.18409,132.35,7.264,NTP
KIC_4171302,4171302,5,0,8.73494,133.853,16.45,AFP
KIC_4171441,4171441,1,0,367.902,169.811,7.236,NTP
KIC_4243984,4243984,2,0,0.799424,131.527,2.445,AFP
KIC_4243984,4243984,3,0,0.799422,131.912,3.915,AFP
KIC_4244642,4244642,1,0,1.18662,131.562,2.886,AFP
KIC_4244642,4244642,2,0,1.18671,132.41,1.493,AFP
KIC_4269337,4269337,1,0,0.694713,132.16,1.955,AFP
KIC_4269337,4269337,2,0,0.680548,131.551,1.831,AFP
KIC_4269337,4269337,3,0,0.674092,132.522,0.5037,AFP
KIC_4269337,4269337,4,0,0.680557,131.994,1.993,AFP
KIC_4372282,4372282,1,0,1.2681,132.439,4.634,NTP
KIC_4383955,4383955,2,0,4.90961,132.358,6.871,AFP
KIC_4383955,4383955,4,0,4.90977,132.242,24.85,AFP
KIC_4384398,4384398,1,0,2.30684,132.211,6.166,AFP
KIC_3846515,3846515,1,0,0.888059,131.842,1.91,AFP
KIC_3847138,3847138,1,1,11.7229,142.151,4.202,PC
KIC_3847563,3847563,1,0,3.50152,133.805,4.663,NTP
KIC_3847660,3847660,1,0,2.81183,134.271,6.509,AFP
KIC_3858804,3858804,2,0,25.9526,148.906,15.09,AFP
KIC_3858824,3858824,1,0,25.9519,154.886,14.31,AFP
KIC_3858824,3858824,2,0,25.9518,148.931,19.37,AFP
KIC_3858851,3858851,1,0,25.9521,154.881,14.62,AFP
KIC_3867256,3867256,1,0,1.01542,132.069,1.634,NTP
KIC_3867256,3867256,2,0,1.52341,131.702,3.35,NTP
KIC_3945791,3945791,1,0,2.13017,133.566,3.063,AFP
KIC_3945791,3945791,2,0,2.12996,132.405,3.161,AFP
KIC_3945791,3945791,3,0,2.13082,132.649,4.636,AFP
KIC_3964109,3964109,1,1,21.4162,133.416,7.06,PC
KIC_3964128,3964128,1,0,0.913933,131.739,1.961,AFP
KIC_3964128,3964128,2,0,0.91392,132.205,1.565,AFP
KIC_3971315,3971315,1,0,9.89225,136.694,4.156,AFP
KIC_3971315,3971315,2,0,9.89224,131.748,4.204,AFP
KIC_4055092,4055092,1,0,76.4518,134.0,5.101,AFP
KIC_4055092,4055092,2,0,76.4799,160.991,4.258,AFP
KIC_4074294,4074294,1,0,0.892984,131.567,1.461,AFP
KIC_4074294,4074294,2,0,0.892967,132.013,1.404,AFP
KIC_4074388,4074388,1,0,0.785762,131.537,3.92,AFP
KIC_4074388,4074388,2,0,0.785573,132.032,2.094,AFP
KIC_4136285,4136285,4,0,1.5815,131.567,2.622,AFP
KIC_4136314,4136314,1,0,0.790962,132.192,2.376,NTP
KIC_4136314,4136314,2,0,1.58196,131.943,1.76,AFP
KIC_4136396,4136396,1,0,0.791012,132.244,1.206,AFP
KIC_4172013,4172013,1,1,16.2708,145.099,3.267,PC
KIC_4172746,4172746,1,1,17.6999,140.945,2.584,PC
KIC_4172805,4172805,1,1,147.662,243.955,6.115,PC
KIC_4173026,4173026,1,1,10.4409,137.97,3.343,PC
KIC_4245701,4245701,2,0,1.79577,132.191,4.652,AFP
KIC_4245701,4245701,3,0,1.7959,132.998,3.408,AFP
KIC_4270253,4270253,1,1,11.637,132.297,3.341,PC
KIC_4270253,4270253,2,1,5.688,133.955,2.374,PC
KIC_4270565,4270565,1,0,18.0115,139.197,5.928,AFP
KIC_4270799,4270799,1,1,115.241,155.588,6.55,PC
KIC_4285087,4285087,1,0,2.24302,133.451,4.239,AFP
KIC_4285107,4285107,1,0,2.243,133.457,2.453,AFP
KIC_4285359,4285359,1,0,0.572657,132.014,1.5,AFP
KIC_4372410,4372410,2,0,1.45775,132.116,4.704,AFP
KIC_4372410,4372410,3,0,1.45788,132.913,6.054,AFP
KIC_3765771,3765771,1,0,2.78388,133.23,2.193,AFP
KIC_3765917,3765917,1,1,30.5377,156.736,5.541,PC
KIC_3847660,3847660,2,0,2.81208,132.528,6.977,AFP
KIC_3847678,3847678,1,0,515.653,147.394,11.4,NTP
KIC_3847708,3847708,1,0,3.74123,134.296,2.376,AFP
KIC_3858851,3858851,2,0,25.9522,148.918,20.21,AFP
KIC_3858879,3858879,1,0,25.9519,154.883,14.42,AFP
KIC_3858879,3858879,2,0,25.952,148.923,19.81,AFP
KIC_3858884,3858884,1,0,25.9525,154.867,10.5,AFP
KIC_3867593,3867593,1,0,73.3382,136.583,9.004,AFP
KIC_3867615,3867615,1,1,62.7851,157.302,4.769,PC
KIC_3867615,3867615,2,1,20.0983,147.285,5.308,PC
KIC_3945802,3945802,1,0,24.216,133.458,4.519,AFP
KIC_3945818,3945818,1,0,2.32116,132.469,3.13,AFP
KIC_3945818,3945818,2,0,2.32112,133.067,7.298,AFP
KIC_3964128,3964128,3,0,0.913949,131.519,2.002,AFP
KIC_3964318,3964318,1,0,1.74128,132.981,7.763,NTP
KIC_3964545,3964545,1,0,3.01248,132.247,3.301,AFP
KIC_3964545,3964545,2,0,3.01248,133.752,3.099,AFP
KIC_3972123,3972123,1,0,3.22786,134.313,11.7,NTP
KIC_3972391,3972391,1,0,0.634112,131.79,1.953,NTP
KIC_4055304,4055304,1,1,0.571038,131.654,1.033,PC
KIC_4055765,4055765,1,1,9.9664,141.153,4.989,PC
KIC_4055765,4055765,2,0,4.30772,132.631,12.29,AFP
KIC_4074736,4074736,1,1,80.9671,160.976,2.568,PC
KIC_4136466,4136466,1,1,4.48756,133.366,2.824,PC
KIC_4136749,4136749,1,0,459.295,260.225,2.355,NTP
KIC_4137903,4137903,1,0,0.574568,131.676,2.0,AFP
KIC_4150624,4150624,3,0,94.2045,196.16,9.777,AFP
KIC_4150701,4150701,1,0,8.65321,134.294,2.535,AFP
KIC_4150701,4150701,2,0,8.65311,136.648,2.674,AFP
KIC_4150703,4150703,1,0,8.65323,134.294,3.351,AFP
KIC_4174472,4174472,1,0,2.96402,132.19,9.956,AFP
KIC_4174472,4174472,2,0,2.96338,133.678,9.742,AFP
KIC_4245861,4245861,1,0,11.258,140.797,16.77,AFP
KIC_4245933,4245933,1,0,11.2578,140.788,17.49,AFP
KIC_4247092,4247092,1,0,21.0565,150.076,1.033,AFP
KIC_4270987,4270987,1,0,3.9004,132.553,9.88,AFP
KIC_4270987,4270987,2,0,3.90021,134.025,5.538,AFP
KIC_4285359,4285359,2,0,0.572651,131.652,1.504,AFP
KIC_4285359,4285359,3,0,0.57255,131.917,1.5,AFP
KIC_4346178,4346178,1,1,16.1288,143.758,5.589,PC
KIC_4346875,4346875,1,0,4.69422,133.78,4.526,AFP
KIC_4372765,4372765,1,0,15.6406,140.087,6.786,AFP
KIC_4372768,4372768,1,0,15.6406,140.09,6.197,AFP
KIC_4372768,4372768,2,0,15.6406,134.938,9.479,AFP
KIC_3766353,3766353,1,0,2.66698,133.717,2.053,AFP
KIC_3766353,3766353,2,0,2.66697,132.832,1.794,AFP
KIC_3847907,3847907,1,0,3.5732,134.934,2.966,AFP
KIC_3848275,3848275,1,1,5.19489,131.628,3.137,PC
KIC_3858884,3858884,2,0,25.9528,148.893,15.0,AFP
KIC_3858884,3858884,3,0,25.9509,156.045,10.5,AFP
KIC_3858884,3858884,4,0,25.9549,147.677,2.494,AFP
KIC_3858917,3858917,1,0,25.952,154.882,14.72,AFP
KIC_3858917,3858917,2,0,25.952,148.924,20.09,AFP
KIC_3867794,3867794,1,0,0.988489,131.844,1.405,AFP
KIC_3867794,3867794,2,0,0.98846,132.35,1.314,AFP
KIC_3868284,3868284,1,0,0.82483,132.257,1.067,AFP
KIC_3868284,3868284,2,0,0.824827,132.058,0.9784,AFP
KIC_3945818,3945818,3,0,2.32123,131.803,7.059,AFP
KIC_3945892,3945892,1,0,4.08326,133.57,1.628,NTP
KIC_3945892,3945892,2,0,0.583326,131.713,0.9129,NTP
KIC_3945892,3945892,4,0,1.02081,132.222,2.0,NTP
KIC_3964562,3964562,1,0,3.01248,132.246,2.939,AFP
KIC_3964562,3964562,2,0,3.01249,133.749,2.052,AFP
KIC_3965201,3965201,1,0,5.0404,135.96,4.118,NTP
KIC_3973504,3973504,1,0,4.31873,131.606,2.681,AFP
KIC_3973504,3973504,2,0,4.31873,133.764,2.57,AFP
KIC_3973549,3973549,1,0,1.38995,132.264,0.7687,AFP
KIC_4055765,4055765,3,0,4.30796,134.939,12.25,AFP
KIC_4055774,4055774,1,0,6.58744,133.354,4.607,AFP
KIC_4056616,4056616,1,1,2.41436,132.428,1.284,PC
KIC_4058169,4058169,1,0,282.536,241.529,10.25,AFP
KIC_4075015,4075015,1,0,1.11429,131.769,2.028,AFP
KIC_4075064,4075064,1,0,61.4225,161.238,2.0,AFP
KIC_4075064,4075064,2,0,61.4225,141.2,12.76,AFP
KIC_4075064,4075064,3,0,61.4231,161.078,12.5,AFP
KIC_4075067,4075067,1,0,17.7477,139.346,4.705,AFP
KIC_4137903,4137903,2,0,0.574564,131.965,2.1,AFP
KIC_4138008,4138008,1,1,112.303,230.436,5.916,PC
KIC_4150804,4150804,1,1,160.885,277.504,10.87,PC
KIC_4155328,4155328,1,1,127.834,165.584,10.93,PC
KIC_4156254,4156254,2,0,1.27411,132.265,4.325,NTP
KIC_4174754,4174754,1,0,1.97454,132.363,5.711,AFP
KIC_4174754,4174754,2,0,1.9797,132.246,4.59,AFP
KIC_4174754,4174754,3,0,1.97914,133.166,6.458,AFP
KIC_4175105,4175105,1,0,0.608171,131.638,0.863,AFP
KIC_4247092,4247092,2,0,21.0561,150.421,11.62,AFP
KIC_4247791,4247791,1,0,2.05044,133.289,7.065,AFP
KIC_4247807,4247807,1,0,2.05042,133.294,5.739,AFP
KIC_4247811,4247811,1,0,2.05049,133.271,6.377,AFP
KIC_4271063,4271063,1,0,0.990755,131.596,1.981,AFP
KIC_4271063,4271063,2,0,0.987016,131.75,2.127,AFP
KIC_4271474,4271474,1,1,21.8635,145.24,3.529,PC
KIC_4373195,4373195,1,0,0.562552,131.729,1.924,AFP
KIC_4374339,4374339,1,0,0.993705,132.14,0.9575,AFP
KIC_4374610,4374610,1,0,1.44436,132.767,2.323,AFP
KIC_3830820,3830820,1,0,15.5828,135.113,3.934,AFP
KIC_3830820,3830820,2,0,15.5828,143.903,4.313,AFP
KIC_3831053,3831053,1,1,6.14956,132.655,5.395,PC
KIC_3848665,3848665,1,0,359.044,274.207,15.91,AFP
KIC_3848919,3848919,1,0,0.523628,131.769,2.839,AFP
KIC_3848948,3848948,1,0,0.523616,131.768,1.597,AFP
KIC_3848966,3848966,1,1,29.7673,155.525,10.33,PC
KIC_3858919,3858919,1,0,25.9508,148.987,13.95,AFP
KIC_3858919,3858919,2,0,25.9537,154.843,11.1,AFP
KIC_3858926,3858926,2,0,1.83374,132.331,5.197,NTP
KIC_3868420,3868420,2,0,0.558631,131.786,1.501,AFP
KIC_3868420,3868420,3,0,0.558679,132.006,1.117,AFP
KIC_3946023,3946023,1,0,1.04549,132.278,2.577,AFP
KIC_3951334,3951334,1,0,1.44902,132.937,7.499,AFP
KIC_3951334,3951334,2,0,1.44918,132.545,4.698,AFP
KIC_3965201,3965201,2,0,0.638167,131.581,2.355,NTP
KIC_3965201,3965201,3,0,1.68025,131.902,4.641,NTP
KIC_3965201,3965201,4,0,44.1151,164.819,3.3,NTP
KIC_3965242,3965242,1,0,0.991553,131.831,2.749,AFP
KIC_3974401,3974401,1,0,3.83919,133.3,7.188,NTP
KIC_3975085,3975085,2,0,1.48964,132.216,4.219,AFP
KIC_4058206,4058206,2,0,1.02037,132.088,3.513,NTP
KIC_4075067,4075067,2,0,17.7476,134.612,10.91,AFP
KIC_4075067,4075067,3,0,1.37263,132.294,5.802,AFP
KIC_4075067,4075067,4,0,1.37716,132.485,4.319,AFP
KIC_4138848,4138848,2,0,0.561658,131.573,1.5,AFP
KIC_4138848,4138848,3,0,0.561654,131.947,2.0,AFP
KIC_4138951,4138951,1,1,1.29122,131.996,1.887,PC
KIC_4139254,4139254,1,0,9.37625,131.802,15.02,NTP
KIC_4156309,4156309,1,0,0.574118,131.84,1.815,NTP
KIC_4157325,4157325,1,1,6.31943,132.229,3.251,PC
KIC_4157325,4157325,2,1,12.2094,140.554,4.267,PC
KIC_4157325,4157325,3,1,3.07642,132.266,2.606,PC
KIC_4175630,4175630,1,1,28.2273,141.495,5.744,PC
KIC_4176455,4176455,1,0,5.56235,136.784,13.81,NTP
KIC_4247991,4247991,1,1,104.352,190.104,3.716,PC
KIC_4248120,4248120,1,1,23.3404,136.206,2.246,PC
KIC_4249611,4249611,1,1,79.2455,161.563,5.53,PC
KIC_4249725,4249725,1,1,6.31251,132.654,2.806,PC
KIC_4271930,4271930,2,0,0.595324,132.069,2.135,AFP
KIC_4271930,4271930,3,0,0.595339,131.77,2.905,AFP
KIC_4273425,4273425,1,0,1.19378,131.812,3.599,AFP
KIC_4349442,4349442,1,1,4.53929,133.961,2.065,PC
KIC_4349442,4349442,2,0,12.7204,140.363,2.628,AFP
KIC_4349442,4349442,3,0,6.23847,134.281,3.048,AFP
KIC_4349452,4349452,1,1,12.7204,140.367,2.877,PC
KIC_4374812,4374812,1,0,1.28339,132.61,3.47,AFP
KIC_4374812,4374812,2,0,1.28333,132.328,2.816,AFP
KIC_4374812,4374812,3,0,1.28403,131.748,5.626,AFP
KIC_3831523,3831523,1,0,1.52869,131.669,1.92,AFP
KIC_3831523,3831523,2,0,0.764629,132.073,2.746,NTP
KIC_3831523,3831523,3,0,1.52961,132.296,4.77,AFP
KIC_3831746,3831746,1,0,1.8608,132.975,4.47,AFP
KIC_3848972,3848972,1,0,0.741045,131.956,0.924,AFP
KIC_3848972,3848972,2,0,0.741058,131.591,1.243,AFP
KIC_3849014,3849014,1,0,459.317,260.207,4.238,NTP
KIC_3849155,3849155,1,0,1.1683,132.055,1.303,AFP
KIC_3858949,3858949,1,0,25.9518,154.888,14.26,AFP
KIC_3858949,3858949,2,0,25.952,148.923,19.7,AFP
KIC_3858988,3858988,1,0,25.9521,154.874,13.94,AFP
KIC_3858988,3858988,2,0,25.9521,148.914,19.29,AFP
KIC_3868442,3868442,1,0,0.662179,132.109,1.986,AFP
KIC_3868442,3868442,2,0,0.667356,132.153,1.97,AFP
KIC_3868759,3868759,1,0,0.908251,131.64,1.315,NTP
KIC_3869014,3869014,1,1,8.63847,139.946,5.428,PC
KIC_3952431,3952431,1,0,1.49523,131.528,4.448,NTP
KIC_3965242,3965242,2,0,0.990654,131.64,3.32,AFP
KIC_3965242,3965242,3,0,0.988013,131.895,3.0,AFP
KIC_3965879,3965879,1,0,5.73403,137.166,14.44,AFP
KIC_3965879,3965879,2,0,5.73458,135.116,16.89,AFP
KIC_3965879,3965879,3,0,5.73437,132.82,13.74,AFP
KIC_3975085,3975085,3,0,1.48966,132.947,4.347,AFP
KIC_4035640,4035640,1,1,28.2674,140.924,4.732,PC
KIC_4035667,4035667,1,0,2.87365,132.586,1.368,AFP
KIC_4058881,4058881,1,0,7.77262,132.565,4.9,AFP
KIC_4059007,4059007,1,0,558.877,442.325,10.43,NTP
KIC_4075067,4075067,5,0,1.37723,131.971,5.387,AFP
KIC_4075172,4075172,1,0,0.59731,131.989,1.967,AFP
KIC_4075172,4075172,2,0,0.5973,131.593,1.641,AFP
KIC_4075172,4075172,3,0,0.59732,131.773,1.906,AFP
KIC_4139254,4139254,2,0,4.68793,135.302,24.47,NTP
KIC_4139351,4139351,1,0,1.6176,131.771,3.239,AFP
KIC_4139351,4139351,2,0,1.61758,132.442,5.616,AFP
KIC_4157325,4157325,4,1,24.8436,148.18,5.614,PC
KIC_4178173,4178173,1,0,1.30021,132.473,4.544,NTP
KIC_4249725,4249725,2,1,12.7945,143.561,3.432,PC
KIC_4252226,4252226,1,0,21.859,151.263,6.32,AFP
KIC_4252226,4252226,2,0,21.859,134.0,6.126,AFP
KIC_4252322,4252322,1,0,14.5915,137.077,0.8799,AFP
KIC_4273425,4273425,2,0,1.19381,132.392,6.148,AFP
KIC_4274480,4274480,1,0,1.02094,132.42,3.343,AFP
KIC_4349452,4349452,2,1,6.23854,134.275,3.528,PC
KIC_4349612,4349612,1,0,0.988584,131.865,2.614,AFP
KIC_4375101,4375101,1,0,61.2596,140.699,12.3,AFP
KIC_4375101,4375101,2,0,61.2596,179.481,12.9,AFP
KIC_3831746,3831746,2,0,1.86048,131.875,4.597,AFP
KIC_3831911,3831911,1,0,30.4838,149.814,2.64,AFP
KIC_3831911,3831911,2,0,30.4837,152.99,3.595,AFP
KIC_3849187,3849187,1,1,6.60189,137.467,3.528,PC
KIC_3849354,3849354,1,0,3.39114,134.416,5.694,AFP
KIC_3849354,3849354,2,0,3.39105,132.177,5.97,AFP
KIC_3849354,3849354,3,0,3.39137,133.242,12.65,AFP
KIC_3859079,3859079,1,1,53.5292,147.865,5.652,PC
KIC_3859151,3859151,1,0,25.9491,154.969,12.76,AFP
KIC_3859151,3859151,2,0,25.9513,148.916,12.19,AFP
KIC_3859363,3859363,1,0,1.56857,131.649,2.328,AFP
KIC_3869322,3869322,1,0,1.55634,131.903,5.048,AFP
KIC_3869322,3869322,2,0,1.55633,133.048,5.171,AFP
KIC_3869326,3869326,1,0,8.58604,136.211,2.005,AFP
KIC_3952651,3952651,1,0,32.9044,141.301,4.022,AFP
KIC_3953106,3953106,1,0,6.58718,133.385,8.666,AFP
KIC_3953173,3953173,1,0,2.41794,132.505,2.383,AFP
KIC_3966262,3966262,1,0,4.92707,135.346,3.036,AFP
KIC_3966262,3966262,2,0,4.92705,133.123,3.145,AFP
KIC_3966273,3966273,1,0,3.44629,132.283,6.482,NTP
KIC_4035675,4035675,1,0,2.87366,132.583,2.019,AFP
KIC_4035675,4035675,2,0,2.87367,134.019,1.762,AFP
KIC_4037428,4037428,1,0,4.26473,135.198,2.202,AFP
KIC_4059887,4059887,1,0,1.01831,131.71,3.552,AFP
KIC_4060229,4060229,1,1,35.0176,139.844,3.319,PC
KIC_4060976,4060976,1,0,0.570944,131.928,1.59,NTP
KIC_4061149,4061149,1,1,2.75759,133.051,1.09,PC
KIC_4076098,4076098,1,1,3.99011,132.394,2.388,PC
KIC_4139673,4139673,1,0,0.994692,131.765,1.38,AFP
KIC_4139673,4139673,2,0,0.994698,132.271,1.597,AFP
KIC_4139816,4139816,1,1,3.34022,131.897,1.831,PC
KIC_4139816,4139816,2,1,20.0605,147.462,3.162,PC
KIC_4158822,4158822,2,0,0.768312,131.621,2.414,NTP
KIC_4158876,4158876,1,0,1.42741,131.692,3.163,AFP
KIC_4158876,4158876,2,0,1.42746,132.822,4.825,AFP
KIC_4178376,4178376,1,0,2.18321,132.872,5.248,NTP
KIC_4178389,4178389,1,0,23.2105,134.386,3.096,AFP
KIC_4178606,4178606,1,1,42.3511,131.629,7.804,PC
KIC_4252716,4252716,1,0,0.684103,131.639,1.5,AFP
KIC_4252716,4252716,2,0,0.684098,131.754,1.385,AFP
KIC_4252757,4252757,1,0,0.53551,131.67,1.485,AFP
KIC_4274480,4274480,2,0,1.02095,131.729,3.714,AFP
KIC_4274548,4274548,1,1,6.80089,134.744,2.069,PC
KIC_4274730,4274730,1,0,0.71214,131.666,2.212,AFP
KIC_4349612,4349612,2,0,0.988559,132.09,1.557,AFP
KIC_4376629,4376629,1,0,27.6778,146.117,1.77,AFP
KIC_4376644,4376644,1,0,27.6777,146.119,2.183,AFP
KIC_4377638,4377638,1,0,2.82146,131.978,4.376,AFP
KIC_4377638,4377638,2,0,2.8215,131.629,2.469,AFP
KIC_3832474,3832474,1,1,60.3251,183.572,6.526,PC
KIC_3832474,3832474,2,1,143.204,154.246,8.67,PC
KIC_3832716,3832716,1,0,1.14189,132.651,3.644,AFP
KIC_3832716,3832716,2,0,1.14188,132.082,3.0,AFP
KIC_3849415,3849415,1,0,0.638785,131.78,2.171,AFP
KIC_3849415,3849415,2,0,0.638793,132.094,2.583,AFP
KIC_3859628,3859628,1,1,8.17242,132.374,3.284,PC
KIC_3860441,3860441,1,0,2.9881,133.269,3.174,AFP
KIC_3869326,3869326,2,0,8.58612,133.33,2.15,AFP
KIC_3869794,3869794,1,0,1.20824,132.408,3.496,AFP
KIC_3869794,3869794,2,0,1.20804,131.979,3.996,AFP
KIC_3869825,3869825,1,0,4.80065,134.375,7.752,AFP
KIC_3954136,3954136,1,0,0.644593,131.615,2.033,AFP
KIC_3954136,3954136,2,0,0.644578,131.945,2.06,AFP
KIC_3966273,3966273,3,0,3.23135,133.393,7.742,AFP
KIC_3966273,3966273,4,0,3.23112,131.802,9.608,AFP
KIC_3966491,3966491,1,0,0.901358,131.687,3.704,NTP
KIC_4037428,4037428,2,0,4.26474,133.066,1.524,AFP
KIC_4038095,4038095,1,0,4.85247,131.606,3.694,AFP
KIC_4038095,4038095,2,0,459.274,260.304,3.419,NTP
KIC_4064365,4064365,1,0,8.95735,131.909,5.391,AFP
KIC_4064365,4064365,2,0,8.95693,135.071,7.759,AFP
KIC_4076976,4076976,1,0,4.88087,133.719,10.48,AFP
KIC_4077006,4077006,1,0,1.08303,132.556,3.163,AFP
KIC_4077006,4077006,2,0,1.08298,131.709,3.136,AFP
KIC_4139816,4139816,3,1,46.1844,165.235,4.745,PC
KIC_4139816,4139816,4,1,7.82498,136.554,2.102,PC
KIC_4140813,4140813,1,1,13.3602,131.815,2.833,PC
KIC_4141376,4141376,1,1,11.8729,133.405,2.366,PC
KIC_4158876,4158876,3,0,1.42748,131.933,3.5,AFP
KIC_4159347,4159347,1,0,12.2836,137.512,3.696,AFP
KIC_4159347,4159347,2,0,12.2836,142.04,2.095,AFP
KIC_4160006,4160006,1,0,1.01837,131.661,3.5,AFP
KIC_4178654,4178654,1,0,0.73169,132.113,2.076,NTP
KIC_4179599,4179599,1,0,0.674339,131.728,2.272,NTP
KIC_4252757,4252757,2,0,0.525304,131.789,1.831,AFP
KIC_4253413,4253413,1,0,0.83078,131.963,1.089,AFP
KIC_4253413,4253413,2,0,0.830766,131.515,1.395,AFP
KIC_4253860,4253860,1,1,155.046,166.616,8.737,PC
KIC_4274730,4274730,2,0,0.712192,131.996,2.884,AFP
KIC_4274748,4274748,1,0,2.27768,132.512,7.537,NTP
KIC_4275117,4275117,1,0,1.00652,131.714,1.366,AFP
KIC_4352168,4352168,1,0,10.6438,134.937,4.5,AFP
KIC_4352168,4352168,2,0,10.6437,139.21,4.602,AFP
KIC_4355012,4355012,1,0,1.52419,133.046,1.767,AFP
KIC_4378863,4378863,1,0,1.22675,131.82,1.78,AFP
KIC_4378863,4378863,2,0,1.22676,132.078,2.077,AFP
KIC_4379599,4379599,1,0,459.335,260.2,1.882,NTP
KIC_3833007,3833007,1,1,16.2177,147.609,4.938,PC
KIC_3850331,3850331,1,0,1.60188,132.63,2.854,AFP
KIC_3850331,3850331,2,0,1.60177,132.205,2.248,AFP
KIC_3850551,3850551,1,0,3.86586,131.574,12.04,NTP
KIC_3850810,3850810,1,0,0.506767,131.778,1.644,AFP
KIC_3861139,3861139,1,0,0.716679,131.572,2.118,AFP
KIC_3861139,3861139,2,0,0.71669,132.053,1.682,AFP
KIC_3861414,3861414,1,0,1.64916,131.791,4.388,AFP
KIC_3861414,3861414,2,0,1.64757,132.34,3.289,AFP
KIC_3869825,3869825,2,0,4.80062,131.837,5.056,AFP
KIC_3869825,3869825,3,0,4.80046,132.577,8.752,AFP
KIC_3869825,3869825,4,0,4.80109,133.552,6.717,AFP
KIC_3954227,3954227,1,0,0.594287,131.846,1.182,AFP
KIC_3954227,3954227,2,0,0.592805,131.667,2.0,AFP
KIC_3954798,3954798,1,0,0.918447,131.871,2.117,AFP
KIC_3954798,3954798,2,0,0.918541,131.868,1.542,AFP
KIC_3955026,3955026,1,0,2.26979,132.95,7.4,NTP
KIC_3966801,3966801,1,1,25.6958,137.397,3.846,PC
KIC_3966912,3966912,1,0,55.6643,156.349,22.75,AFP
KIC_3966912,3966912,2,0,55.6636,185.743,2.146,AFP
KIC_4038095,4038095,3,0,4.85243,132.211,4.639,AFP
KIC_4064365,4064365,4,0,1.99038,131.678,2.149,AFP
KIC_4064365,4064365,5,0,1.99047,132.664,4.633,AFP
KIC_4066066,4066066,1,0,2.68669,132.651,7.718,AFP
KIC_4066066,4066066,2,0,2.68713,133.599,7.323,AFP
KIC_4077006,4077006,3,0,1.08302,132.352,1.63,AFP
KIC_4077032,4077032,2,0,1.08278,131.676,2.651,NTP
KIC_4077252,4077252,1,0,0.534111,131.805,0.6969,NTP
KIC_4141464,4141464,2,0,0.807638,131.568,3.128,NTP
KIC_4160676,4160676,1,0,3.93321,133.617,9.871,AFP
KIC_4180099,4180099,1,0,0.5398,131.725,1.204,AFP
KIC_4180099,4180099,2,0,0.539793,132.001,1.338,AFP
KIC_4180099,4180099,3,0,0.743648,131.897,2.0,NTP
KIC_4180199,4180199,1,0,0.988349,131.673,1.339,NTP
KIC_4180199,4180199,2,0,0.657697,131.908,1.563,AFP
KIC_4253860,4253860,2,0,0.525603,131.999,1.725,AFP
KIC_4253860,4253860,3,0,0.525618,131.713,2.0,AFP
KIC_4254466,4254466,1,1,42.3005,168.777,4.342,PC
KIC_4254741,4254741,1,0,0.51502,131.946,1.082,AFP
KIC_4275186,4275186,1,0,0.963724,131.686,2.807,NTP
KIC_4275191,4275191,1,1,3.89594,131.568,2.378,PC
KIC_4275328,4275328,1,0,6.15053,132.521,4.285,AFP
KIC_4355012,4355012,3,0,1.52428,131.753,2.28,AFP
KIC_4356621,4356621,1,0,1.73172,132.934,3.045,AFP
KIC_4380558,4380558,1,0,0.745945,132.194,2.661,AFP
KIC_4380558,4380558,2,0,0.745992,131.769,3.392,AFP
KIC_3834322,3834322,1,0,0.996858,131.575,1.012,AFP
KIC_3834322,3834322,2,0,0.996876,132.07,1.084,AFP
KIC_3834360,3834360,1,0,2.90845,132.317,1.685,AFP
KIC_3850810,3850810,2,0,0.506768,131.905,1.537,AFP
KIC_3851130,3851130,1,0,2.69791,133.651,2.346,AFP
KIC_3851134,3851134,1,0,0.918482,131.849,2.019,AFP
KIC_3861595,3861595,1,0,3.84938,134.429,2.247,AFP
KIC_3861595,3861595,2,0,3.8493,132.499,2.276,AFP
KIC_3861611,3861611,1,0,3.8493,134.444,2.419,AFP
KIC_3935914,3935914,1,1,1.59474,132.376,1.952,PC
KIC_3955817,3955817,1,1,4.24258,135.039,2.257,PC
KIC_3955867,3955867,1,0,33.6567,160.91,6.373,AFP
KIC_3955867,3955867,2,0,33.6567,162.206,6.51,AFP
KIC_3967085,3967085,1,0,1.01272,132.429,3.409,NTP
KIC_3967085,3967085,2,0,4.05145,133.045,2.146,NTP
KIC_3967219,3967219,1,0,2.08082,132.142,2.932,NTP
KIC_3967268,3967268,1,0,0.912729,131.583,3.079,NTP
KIC_4042026,4042026,1,0,34.8201,163.016,11.16,AFP
KIC_4042026,4042026,2,0,34.8203,138.39,12.7,AFP
KIC_4042088,4042088,1,0,3.22599,134.725,1.674,NTP
KIC_4042590,4042590,1,0,1.03705,131.894,2.083,AFP
KIC_4067110,4067110,1,0,0.735126,132.247,1.777,AFP
KIC_4077275,4077275,1,0,2.1265,133.488,9.12,NTP
KIC_4077526,4077526,1,1,10.2187,136.861,4.429,PC
KIC_4077526,4077526,2,1,15.5736,132.442,5.25,PC
KIC_4141670,4141670,2,0,0.665856,132.169,1.519,NTP
KIC_4141760,4141760,1,0,7.54129,132.29,14.81,NTP
KIC_4142768,4142768,1,0,13.9959,131.657,4.953,AFP
KIC_4142768,4142768,2,0,13.9961,132.02,11.84,AFP
KIC_4160676,4160676,2,0,3.93368,132.175,6.31,AFP
KIC_4160676,4160676,3,0,3.93409,134.719,17.07,AFP
KIC_4160683,4160683,1,0,3.93368,132.164,14.59,AFP
KIC_4160683,4160683,2,0,3.93382,133.505,12.17,AFP
KIC_4180199,4180199,3,0,0.657737,131.573,3.158,AFP
KIC_4180280,4180280,1,1,4.17625,133.091,3.563,PC
KIC_4254741,4254741,2,0,0.515073,131.836,1.648,AFP
KIC_4254741,4254741,3,0,0.515043,132.009,1.614,AFP
KIC_4254741,4254741,4,0,1.44105,131.886,4.5,NTP
KIC_4255422,4255422,1,0,165.406,141.576,13.59,AFP
KIC_4275721,4275721,1,1,8.18185,134.812,2.449,PC
KIC_4275721,4275721,2,0,3.77359,134.072,2.724,AFP
KIC_4275739,4275739,1,0,2.17183,133.558,3.113,AFP
KIC_4356766,4356766,1,0,1.73179,132.898,4.767,AFP
KIC_4357960,4357960,1,0,1.65841,131.665,4.687,AFP
KIC_4357960,4357960,2,0,1.65852,132.05,3.418,AFP
KIC_4380834,4380834,1,0,3.69634,132.053,7.626,AFP
KIC_4380834,4380834,2,0,3.69624,133.878,11.97,AFP
KIC_4380951,4380951,1,0,1.32979,131.64,2.982,AFP
KIC_3835670,3835670,1,1,14.5573,145.095,7.888,PC
KIC_3836375,3836375,1,0,1.54039,131.999,1.711,AFP
KIC_3851194,3851194,1,0,0.918453,131.86,2.174,AFP
KIC_3862246,3862246,1,0,4.70249,131.606,2.315,AFP
KIC_3862353,3862353,1,0,1.99704,132.477,5.602,NTP
KIC_3936965,3936965,1,0,1.89179,131.789,5.143,NTP
KIC_3937519,3937519,1,1,3.41304,132.443,2.606,PC
KIC_3937519,3937519,2,1,5.8966,134.036,3.201,PC
KIC_3937814,3937814,1,1,214.886,213.397,10.11,PC
KIC_3956238,3956238,1,0,0.971565,132.044,3.849,NTP
KIC_3957082,3957082,1,0,3.77885,134.202,5.709,AFP
KIC_3967326,3967326,1,1,4.19577,135.176,2.135,PC
KIC_3967333,3967333,1,0,0.562081,131.889,0.8917,AFP
KIC_4042590,4042590,2,0,1.03707,132.41,2.021,AFP
KIC_4043190,4043190,1,1,6.40087,136.882,2.567,PC
KIC_4067336,4067336,1,1,10.1274,135.267,1.218,PC
KIC_4067549,4067549,1,0,7.69843,137.868,5.435,AFP
KIC_4067549,4067549,2,0,7.69843,134.018,5.39,AFP
KIC_4067925,4067925,1,1,24.22,146.438,3.835,PC
KIC_4077526,4077526,3,1,40.1016,132.709,4.718,PC
KIC_4077526,4077526,4,1,4.45819,134.393,2.72,PC
KIC_4077901,4077901,1,0,12.1097,140.761,8.205,AFP
KIC_4142768,4142768,3,0,13.9963,144.892,12.45,AFP
KIC_4142768,4142768,4,0,13.9963,132.935,7.5,AFP
KIC_4142789,4142789,1,0,0.505252,131.761,0.8277,AFP
KIC_4142789,4142789,2,0,0.505257,131.555,1.196,AFP
KIC_4160876,4160876,1,0,4.45241,131.765,14.85,AFP
KIC_4160876,4160876,2,0,4.45392,134.184,15.02,AFP
KIC_4164393,4164393,1,0,49.6128,165.999,7.102,AFP
KIC_4180375,4180375,1,0,0.782667,131.537,2.486,AFP
KIC_4180375,4180375,2,0,0.782769,131.677,1.987,AFP
KIC_4255944,4255944,1,0,4.20837,135.46,8.736,AFP
KIC_4255944,4255944,2,0,4.208,133.95,7.093,AFP
KIC_4255944,4255944,3,0,4.20843,132.778,7.238,AFP
KIC_4276002,4276002,2,0,0.521984,132.01,2.107,NTP
KIC_4276114,4276114,1,0,3.7224,133.568,2.54,AFP
KIC_4276114,4276114,2,0,3.7224,131.707,2.366,AFP
KIC_4357967,4357967,1,0,1.20165,131.944,2.82,AFP
KIC_4357967,4357967,2,0,1.20168,131.549,3.076,AFP
KIC_4357985,4357985,1,0,8.65306,136.664,1.375,AFP
KIC_4380951,4380951,3,0,1.32972,132.505,2.436,AFP
KIC_4381016,4381016,1,0,0.609647,131.698,2.124,NTP
KIC_3836399,3836399,1,0,1.54036,132.014,1.956,AFP
KIC_3836399,3836399,2,0,1.54039,132.766,1.409,AFP
KIC_3836399,3836399,3,0,1.54013,131.838,3.88,AFP
KIC_3836413,3836413,1,0,1.54038,132.002,2.44,AFP
KIC_3836413,3836413,2,0,0.770197,131.995,1.5,AFP
KIC_3852258,3852258,1,0,5.75847,135.11,2.487,AFP
KIC_3852258,3852258,2,0,5.75849,132.416,2.346,AFP
KIC_3938073,3938073,1,0,31.0243,158.865,7.625,AFP
KIC_3938073,3938073,2,0,31.0243,135.089,7.238,AFP
KIC_3957477,3957477,1,0,0.979116,131.707,1.484,AFP
KIC_3957477,3957477,2,0,0.978103,132.113,1.434,AFP
KIC_3957477,3957477,3,0,0.978152,131.963,2.0,AFP
KIC_3957584,3957584,1,0,4.46886,134.151,13.84,AFP
KIC_3967333,3967333,2,0,0.562234,131.923,2.675,AFP
KIC_3967333,3967333,3,0,0.522033,131.633,1.5,NTP
KIC_3967760,3967760,1,1,5.52419,135.622,2.764,PC
KIC_3967760,3967760,2,1,8.77513,133.705,3.245,PC
KIC_4043443,4043443,1,0,119.84,161.864,3.613,AFP
KIC_4043443,4043443,2,0,119.84,137.658,2.03,AFP
KIC_4043674,4043674,1,0,459.285,260.273,4.859,NTP
KIC_4044005,4044005,1,1,17.512,139.258,1.832,PC
KIC_4068256,4068256,1,0,0.795508,131.566,2.553,AFP
KIC_4068256,4068256,3,0,0.795533,131.928,3.242,AFP
KIC_4078157,4078157,1,0,16.0257,143.32,3.532,AFP
KIC_4078157,4078157,2,0,16.0249,137.125,3.022,AFP
KIC_4078311,4078311,1,1,9.84256,134.025,1.561,PC
KIC_4142789,4142789,3,0,0.505255,131.867,1.5,AFP
KIC_4142847,4142847,1,1,210.631,300.725,8.233,PC
KIC_4142847,4142847,2,1,2.88893,132.147,1.738,PC
KIC_4143755,4143755,1,1,19.5566,149.931,8.038,PC
KIC_4164922,4164922,1,1,1.2107,132.392,1.407,PC
KIC_4164994,4164994,1,1,10.5068,139.439,3.864,PC
KIC_4165473,4165473,1,1,13.0237,139.453,4.36,PC
KIC_4180396,4180396,1,0,3.68437,132.606,1.742,NTP
KIC_4180396,4180396,2,0,1.84215,131.9,2.471,AFP
KIC_4180396,4180396,3,0,1.22811,131.734,4.531,NTP
KIC_4180396,4180396,5,0,1.8415,132.175,5.0,AFP
KIC_4262040,4262040,1,1,92.4564,211.269,15.73,PC
KIC_4262581,4262581,1,1,37.6467,161.466,6.366,PC
KIC_4276716,4276716,1,1,20.6656,132.01,3.309,PC
KIC_4276821,4276821,1,0,1.76575,131.638,4.888,AFP
KIC_4276821,4276821,2,0,1.76577,132.48,7.984,AFP
KIC_4357985,4357985,2,0,8.65325,134.305,1.603,AFP
KIC_4358206,4358206,1,0,0.951158,131.921,1.319,AFP
KIC_4358206,4358206,2,0,0.951268,131.778,1.786,AFP
KIC_4358355,4358355,1,0,3.39695,134.854,6.907,AFP
KIC_4381016,4381016,2,0,1.21937,131.997,3.015,AFP
KIC_4381016,4381016,3,0,1.2194,132.583,3.123,AFP
KIC_4381221,4381221,1,0,0.659696,132.081,1.913,AFP
KIC_4381221,4381221,2,0,0.651052,131.597,2.377,AFP
KIC_3836439,3836439,2,0,0.7702,131.992,2.0,NTP
KIC_3836450,3836450,1,0,1.54036,132.006,1.68,AFP
KIC_3836453,3836453,1,0,1.5404,131.998,1.496,AFP
KIC_3852655,3852655,1,0,11.629,132.823,2.858,AFP
KIC_3852712,3852712,2,0,342.805,384.372,3.74,NTP
KIC_3864417,3864417,2,0,0.636865,131.727,1.528,AFP
KIC_3864417,3864417,3,0,0.636828,131.911,1.299,AFP
KIC_3939150,3939150,1,1,17.3241,142.103,7.879,PC
KIC_3939150,3939150,2,1,33.0062,145.392,7.173,PC
KIC_3940372,3940372,1,0,7.40535,133.476,3.045,NTP
KIC_3957584,3957584,2,0,4.46965,132.519,14.43,AFP
KIC_3957584,3957584,3,0,4.46949,135.524,11.14,AFP
KIC_3957622,3957622,1,0,501.56,175.437,13.1,NTP
KIC_3957739,3957739,1,0,2.63351,132.248,1.62,AFP
KIC_3969604,3969604,1,0,0.602975,131.665,1.913,NTP
KIC_4044353,4044353,1,0,0.523999,131.98,1.538,AFP
KIC_4044353,4044353,2,0,0.524006,131.742,0.9108,AFP
KIC_4047631,4047631,1,1,4.79089,132.017,0.7248,PC
KIC_4069213,4069213,1,0,5.19426,134.573,7.136,AFP
KIC_4069213,4069213,2,0,5.19425,131.899,6.57,AFP
KIC_4078693,4078693,1,0,2.75654,133.024,1.181,AFP
KIC_4078693,4078693,2,0,2.75654,131.649,1.202,AFP
KIC_4078743,4078743,1,0,0.754115,132.093,2.081,AFP
KIC_4144231,4144231,1,0,22.9134,140.649,3.817,AFP
KIC_4144236,4144236,1,0,22.9135,140.646,4.15,AFP
KIC_4144236,4144236,2,0,22.9131,140.848,16.35,AFP
KIC_4144236,4144236,3,1,10.0048,136.473,2.66,PC
KIC_4165960,4165960,1,0,6.7745,137.139,2.489,AFP
KIC_4168574,4168574,1,0,5.57525,134.112,8.389,NTP
KIC_4180401,4180401,1,0,15.4127,144.974,2.926,AFP
KIC_4180401,4180401,2,0,15.4125,139.153,3.19,AFP
KIC_4181421,4181421,1,0,4.51787,134.788,10.57,NTP
KIC_4263293,4263293,1,1,8.45747,133.871,2.316,PC
KIC_4277304,4277304,1,1,51.5678,168.875,5.534,PC
KIC_4358355,4358355,2,0,3.39666,133.142,14.47,AFP
KIC_4365442,4365442,1,0,1.71441,131.868,3.225,AFP
KIC_4365461,4365461,1,0,1.71441,131.863,3.0,AFP
KIC_4381282,4381282,1,0,0.995143,132.16,1.352,AFP
KIC_4381282,4381282,2,0,0.995147,131.669,1.668,AFP
KIC_4381429,4381429,1,1,16.4737,142.679,4.326,PC
KIC_4381649,4381649,1,0,0.660132,132.059,1.866,AFP
KIC_3836509,3836509,1,0,1.54038,132.002,1.665,AFP
KIC_3836522,3836522,1,0,1.54039,131.997,1.437,AFP
KIC_3836558,3836558,1,0,1.5404,132.0,1.759,AFP
KIC_3853654,3853654,1,0,0.595582,131.961,2.001,AFP
KIC_3853654,3853654,2,0,0.595591,131.737,2.0,AFP
KIC_3853673,3853673,1,0,0.643798,132.05,0.8184,AFP
KIC_3865298,3865298,1,0,9.53063,134.843,5.822,AFP
KIC_3865298,3865298,2,0,9.53043,138.232,5.976,AFP
KIC_3865567,3865567,1,0,11.1162,133.1,4.24,AFP
KIC_3940418,3940418,1,1,4.783,132.246,2.663,PC
KIC_3941283,3941283,1,0,0.62615,131.791,1.509,AFP
KIC_3941283,3941283,2,0,0.626169,132.088,1.551,AFP
KIC_3957739,3957739,2,0,2.63358,131.999,1.278,AFP
KIC_3962243,3962243,1,1,31.884,160.21,6.109,PC
KIC_3962243,3962243,2,1,14.1285,142.893,3.53,PC
KIC_3969604,3969604,2,0,0.771177,131.65,3.59,NTP
KIC_3969687,3969687,1,1,16.3583,141.257,9.698,PC
KIC_3969800,3969800,1,0,0.580263,131.816,0.6824,AFP
KIC_3969800,3969800,2,0,0.580291,132.042,0.8925,AFP
KIC_4047915,4047915,1,0,9.08729,132.176,14.21,NTP
KIC_4048168,4048168,1,0,3.21685,134.458,9.321,AFP
KIC_4048168,4048168,2,0,3.21653,132.389,7.064,AFP
KIC_4070376,4070376,1,0,1.63457,132.349,1.828,NTP
KIC_4072333,4072333,1,0,2.00775,132.578,1.967,AFP
KIC_4072526,4072526,1,1,33.1995,153.664,5.044,PC
KIC_4078743,4078743,2,0,0.754145,131.553,1.917,AFP
KIC_4078743,4078743,3,0,0.754163,131.821,2.019,AFP
KIC_4079482,4079482,1,0,0.726393,131.9,2.3,AFP
KIC_4144238,4144238,1,0,22.9134,140.652,2.588,AFP
KIC_4144576,4144576,1,1,0.813164,131.828,1.388,PC
KIC_4147444,4147444,1,1,1.80369,131.515,1.498,PC
KIC_4168574,4168574,2,0,4.3383,134.931,2.678,NTP
KIC_4168579,4168579,1,0,4.51513,133.364,14.36,AFP
KIC_4168579,4168579,2,0,4.51321,135.713,4.892,AFP
KIC_4181421,4181421,2,0,2.25888,131.662,10.93,NTP
KIC_4242147,4242147,1,1,28.7828,132.316,3.437,PC
KIC_4242315,4242315,1,0,1.05806,131.712,2.816,AFP
KIC_4263293,4263293,2,1,17.2812,136.006,2.748,PC
KIC_4263293,4263293,3,1,32.134,142.273,2.631,PC
KIC_4263529,4263529,1,1,10.104,132.893,0.9532,PC
KIC_4263932,4263932,1,0,5.3451,136.02,15.26,NTP
KIC_4278221,4278221,1,1,1.3406,132.244,1.597,PC
KIC_4279066,4279066,1,0,12.6507,140.245,15.91,AFP
KIC_4279066,4279066,2,0,6.32498,134.544,15.24,NTP
KIC_4279066,4279066,3,0,12.6532,142.934,11.6,AFP
KIC_4365645,4365645,1,1,4.16787,135.284,2.218,PC
KIC_4366323,4366323,1,1,40.351,153.418,3.667,PC
KIC_4366913,4366913,1,0,1.11528,131.522,2.527,AFP
KIC_4381649,4381649,2,0,0.660166,131.697,2.196,AFP
KIC_4382014,4382014,1,0,2.3835,132.515,4.936,NTP
KIC_4382014,4382014,2,0,3.27816,134.659,4.547,AFP
KIC_3836727,3836727,1,0,7.63486,136.02,14.94,AFP
KIC_3836727,3836727,2,0,7.63547,138.99,14.39,AFP
KIC_3837702,3837702,1,0,0.537812,131.983,2.505,AFP
KIC_3854101,3854101,1,1,293.506,328.727,3.352,PC
KIC_3854437,3854437,1,0,1.83005,133.198,6.666,AFP
KIC_3854437,3854437,2,0,1.83006,132.275,6.349,AFP
KIC_3865567,3865567,2,0,11.1162,140.841,1.895,AFP
KIC_3865595,3865595,1,0,5.59185,132.88,1.687,AFP
KIC_3865991,3865991,1,0,0.589324,131.845,2.178,AFP
KIC_3941581,3941581,1,0,0.961434,131.968,3.233,NTP
KIC_3942392,3942392,1,0,5.34495,132.302,11.6,NTP
KIC_3942446,3942446,1,1,119.062,149.222,3.077,PC
KIC_3962243,3962243,3,1,48.6477,172.123,4.161,PC
KIC_3962357,3962357,1,1,14.5539,134.116,5.535,PC
KIC_3969800,3969800,3,0,0.580196,131.974,1.747,AFP
KIC_3970117,3970117,1,0,110.295,235.751,16.55,AFP
KIC_4048494,4048494,1,0,0.658164,131.529,1.092,AFP
KIC_4048494,4048494,2,0,0.657997,132.01,1.676,AFP
KIC_4048494,4048494,3,0,0.806792,132.071,3.128,NTP
KIC_4048769,4048769,1,0,0.706216,131.938,2.607,AFP
KIC_4072582,4072582,2,0,0.50663,131.758,1.483,AFP
KIC_4072582,4072582,3,0,0.506607,131.558,1.5,AFP
KIC_4072750,4072750,1,0,1.19102,131.912,2.818,AFP
KIC_4079482,4079482,2,0,0.726409,132.142,2.477,AFP
KIC_4079482,4079482,3,0,0.726411,131.657,2.5,AFP
KIC_4079530,4079530,1,0,17.7273,144.067,4.123,AFP
KIC_4079530,4079530,2,0,17.7271,132.785,6.751,AFP
KIC_4079535,4079535,1,0,17.7272,144.069,4.015,AFP
KIC_4149450,4149450,1,1,3.21509,133.781,3.869,PC
KIC_4150390,4150390,1,0,55.2518,144.456,6.058,AFP
KIC_4150390,4150390,2,0,55.2513,180.326,4.277,AFP
KIC_4170511,4170511,1,0,5.64533,135.748,15.37,AFP
KIC_4170511,4170511,2,0,5.64553,131.972,10.89,AFP
KIC_4170631,4170631,1,0,0.902977,131.761,1.196,AFP
KIC_4170631,4170631,2,0,0.902995,132.3,0.6112,AFP
KIC_4242315,4242315,2,0,1.05799,132.209,4.764,AFP
KIC_4242692,4242692,1,1,1.13855,132.463,2.06,PC
KIC_4264365,4264365,1,0,0.78175,132.037,2.369,AFP
KIC_4264365,4264365,2,0,0.781726,131.863,2.934,AFP
KIC_4264365,4264365,3,0,0.781734,132.23,2.0,AFP
KIC_4282191,4282191,1,1,41.7082,153.542,8.398,PC
KIC_4366913,4366913,2,0,2.22991,132.36,3.468,AFP
KIC_4366913,4366913,3,0,2.22968,133.479,5.018,AFP
KIC_4366913,4366913,4,0,1.11525,131.711,1.5,AFP
KIC_4382014,4382014,3,0,3.27793,133.005,6.022,AFP
KIC_4382143,4382143,1,0,616.645,179.317,9.032,NTP
KIC_4382143,4382143,2,0,578.556,216.646,10.3,NTP
KIC_4382785,4382785,1,0,1.23683,131.973,2.426,NTP
KIC_3837702,3837702,2,0,0.535408,131.943,1.739,AFP
KIC_3838486,3838486,1,0,2.9903,133.101,4.924,AFP
KIC_3838496,3838496,1,0,2.99027,133.101,5.0,AFP
KIC_3839488,3839488,1,1,11.1312,134.369,4.192,PC
KIC_3855001,3855001,2,0,0.930219,132.23,1.958,AFP
KIC_3855001,3855001,3,0,0.930222,131.846,1.528,AFP
KIC_3865991,3865991,2,0,0.589139,131.821,2.055,AFP
KIC_3866536,3866536,1,1,3.82621,134.143,5.698,PC
KIC_3942571,3942571,2,0,2.47996,132.264,7.485,NTP
KIC_3942670,3942670,1,1,33.4158,137.924,8.044,PC
KIC_3942670,3942670,2,1,12.6108,138.187,4.447,PC
KIC_3962728,3962728,1,0,25.9494,155.021,11.7,AFP
KIC_3962728,3962728,2,0,25.9513,148.953,13.23,AFP
KIC_3962872,3962872,1,0,25.9556,148.84,12.58,AFP
KIC_3962872,3962872,2,0,25.9539,154.83,8.635,AFP
KIC_3970117,3970117,2,0,110.295,213.467,11.55,AFP
KIC_3970233,3970233,1,0,8.25492,133.16,6.649,AFP
KIC_3970233,3970233,3,0,713.123,131.792,7.426,NTP
KIC_4048769,4048769,2,0,0.706216,131.576,1.981,AFP
KIC_4049108,4049108,1,0,4.80449,136.001,2.617,AFP
KIC_4049124,4049124,1,0,4.80447,136.005,3.517,AFP
KIC_4049124,4049124,2,0,4.80447,133.617,3.407,AFP
KIC_4072750,4072750,2,0,1.19095,132.325,2.138,AFP
KIC_4072955,4072955,1,1,5.08292,134.004,2.544,PC
KIC_4073730,4073730,1,0,3.14105,131.626,6.263,AFP
KIC_4079535,4079535,2,0,17.7271,132.788,5.341,AFP
KIC_4135665,4135665,1,1,4.16808,134.9,2.763,PC
KIC_4135912,4135912,1,1,29.6098,141.244,2.751,PC
KIC_4150496,4150496,1,0,8.65319,136.647,2.526,AFP
KIC_4150496,4150496,2,0,8.65324,134.292,3.126,AFP
KIC_4150496,4150496,3,0,94.2236,195.919,8.883,AFP
KIC_4171302,4171302,1,0,8.73559,139.826,10.7,AFP
KIC_4243461,4243461,1,0,0.705038,132.033,2.374,NTP
KIC_4243911,4243911,1,1,1.92281,132.576,1.776,PC
KIC_4269329,4269329,1,0,2.10115,131.691,5.575,AFP
KIC_4269329,4269329,2,0,2.10213,133.031,7.378,AFP
KIC_4269329,4269329,3,0,1.05092,131.522,3.542,NTP
KIC_4282872,4282872,1,1,10.0354,137.472,3.442,PC
KIC_4283612,4283612,1,0,1.36658,132.275,4.901,NTP
KIC_4367854,4367854,1,1,5.19515,133.351,2.134,PC
KIC_4370527,4370527,1,1,61.6173,179.087,3.735,PC
KIC_4370956,4370956,1,0,0.546367,131.564,1.83,AFP
KIC_4370956,4370956,2,0,0.542141,131.655,1.558,AFP
KIC_4383117,4383117,1,0,0.672869,131.563,1.541,NTP
KIC_4383955,4383955,1,0,4.91001,135.028,7.778,AFP
KIC_3839488,3839488,2,0,0.94671,132.074,6.438,NTP
KIC_3839928,3839928,1,0,1.89974,133.281,5.298,AFP
KIC_3839928,3839928,2,0,1.89925,132.595,3.552,AFP
KIC_3858704,3858704,1,0,3.00361,132.642,3.517,AFP
KIC_3858757,3858757,1,0,25.9534,154.872,5.659,AFP
KIC_3858767,3858767,1,0,3.49546,132.085,3.911,AFP
KIC_3858804,3858804,1,0,25.952,154.88,13.98,AFP
KIC_3866552,3866552,2,0,1.07136,132.067,2.358,AFP
KIC_3866552,3866552,3,0,1.07128,131.92,2.4,AFP
KIC_3866714,3866714,1,0,1.57678,132.742,5.737,NTP
KIC_3942911,3942911,2,0,1.21723,131.751,1.909,AFP
KIC_3942911,3942911,3,0,1.21725,132.377,3.756,AFP
KIC_3963203,3963203,1,0,4.27421,132.444,11.45,AFP
KIC_3963203,3963203,2,0,4.2742,135.295,14.68,AFP
KIC_3963203,3963203,3,0,4.27467,133.72,15.03,AFP
KIC_3970621,3970621,1,0,1.54796,131.969,5.262,AFP
KIC_3970621,3970621,3,0,1.54799,132.895,2.057,AFP
KIC_4049131,4049131,1,1,20.5059,140.423,4.04,PC
KIC_4049901,4049901,1,1,16.2908,132.12,3.357,PC
KIC_4050017,4050017,1,0,2.58424,131.541,5.182,AFP
KIC_5473611,5473611,1,0,1.24567,131.826,4.489,NTP
KIC_5474424,5474424,1,0,0.617177,131.868,1.895,AFP
KIC_5474424,5474424,2,0,0.617189,131.701,2.005,AFP
KIC_5480040,5480040,4,0,4.33618,132.917,26.53,AFP
KIC_5480640,5480640,1,1,58.0339,138.737,5.74,PC
KIC_5524881,5524881,1,0,7.19549,136.033,4.02,AFP
KIC_5525655,5525655,1,0,459.26,260.262,6.741,NTP
KIC_5526527,5526527,1,1,16.7365,143.132,2.068,PC
KIC_5537236,5537236,1,0,0.526401,131.955,1.332,NTP
KIC_5541836,5541836,1,0,1.11033,131.867,3.524,AFP
KIC_5541836,5541836,2,0,1.11029,132.447,2.324,AFP
KIC_5558379,5558379,1,0,2.49801,133.525,4.487,AFP
KIC_5558379,5558379,2,0,2.49804,131.794,6.591,AFP
KIC_5558379,5558379,3,0,2.49815,132.68,4.904,AFP
KIC_5566645,5566645,1,0,1.70724,131.675,3.41,AFP
KIC_5566645,5566645,2,0,1.70725,132.557,5.432,AFP
KIC_5617342,5617342,1,0,1.27327,131.851,8.711,NTP
KIC_5617510,5617510,1,0,5.73104,134.976,14.33,AFP
KIC_5617510,5617510,2,0,5.73092,131.665,11.38,AFP
KIC_5617510,5617510,3,0,5.7284,132.816,5.587,AFP
KIC_5636937,5636937,1,0,2.99711,134.465,9.661,NTP
KIC_5637237,5637237,1,0,1.13068,132.344,4.696,AFP
KIC_5648096,5648096,4,0,0.689591,132.063,2.169,AFP
KIC_5648425,5648425,1,0,3.38864,133.588,12.65,NTP
KIC_5648449,5648449,1,0,4.34888,132.26,3.083,AFP
KIC_5648449,5648449,2,0,4.3489,134.248,2.639,AFP
KIC_5653849,5653849,2,0,111.039,161.939,25.95,AFP
KIC_5653921,5653921,1,0,468.606,241.915,11.71,NTP
KIC_5682974,5682974,1,0,226.904,283.289,2.087,NTP
KIC_5683743,5683743,1,1,4.14702,133.003,3.026,PC
KIC_5385491,5385491,1,0,12.4251,141.602,17.92,AFP
KIC_5385491,5385491,2,0,12.4257,133.968,18.53,AFP
KIC_5385509,5385509,1,0,12.4255,141.554,19.46,AFP
KIC_5385509,5385509,2,0,12.4258,133.932,22.79,AFP
KIC_5389540,5389540,2,0,10.2621,138.235,3.413,AFP
KIC_5389956,5389956,1,1,1.80928,132.678,2.054,PC
KIC_5443410,5443410,2,0,0.578183,131.71,2.058,AFP
KIC_5443410,5443410,3,0,0.5782,131.838,2.0,AFP
KIC_5443604,5443604,1,0,21.3909,141.301,3.702,AFP
KIC_5443604,5443604,2,0,21.3909,145.698,2.638,AFP
KIC_5443775,5443775,1,0,3.30769,131.563,1.636,AFP
KIC_5460835,5460835,2,0,21.5393,135.599,5.256,AFP
KIC_5460900,5460900,1,0,2.59198,132.5,5.634,AFP
KIC_5460900,5460900,2,0,2.59177,133.814,3.352,AFP
KIC_5471289,5471289,2,0,12.4261,133.923,20.56,AFP
KIC_5471328,5471328,1,0,12.4257,141.506,20.06,AFP
KIC_5471328,5471328,2,0,12.4256,135.906,14.52,AFP
KIC_5474427,5474427,1,0,0.920067,132.301,2.607,NTP
KIC_5474427,5474427,2,0,1.21544,132.156,2.607,NTP
KIC_5474613,5474613,1,1,20.4075,140.179,6.616,PC
KIC_5480640,5480640,2,1,26.6757,150.0,2.543,PC
KIC_5480640,5480640,3,1,14.4253,136.753,3.716,PC
KIC_5480714,5480714,1,0,459.282,260.312,2.507,NTP
KIC_5526717,5526717,1,1,52.0689,178.157,3.025,PC
KIC_5542211,5542211,1,0,0.726531,131.855,1.905,NTP
KIC_5542211,5542211,2,0,0.933343,131.847,6.98,NTP
KIC_5542224,5542224,1,0,459.336,260.172,3.528,NTP
KIC_5542466,5542466,1,1,12.8901,136.774,3.796,PC
KIC_5558458,5558458,1,0,2.0948,133.357,4.499,AFP
KIC_5558458,5558458,2,0,2.09456,132.593,5.693,AFP
KIC_5558894,5558894,1,0,0.76583,132.254,1.381,AFP
KIC_5558894,5558894,2,0,0.765816,131.885,1.49,AFP
KIC_5559631,5559631,1,0,0.617925,131.605,1.5,NTP
KIC_5566775,5566775,2,0,3.00661,133.988,6.348,NTP
KIC_5567499,5567499,1,0,0.925912,132.498,4.193,AFP
KIC_5567499,5567499,2,0,0.925904,132.043,3.666,AFP
KIC_5617535,5617535,1,0,0.977558,132.144,2.78,NTP
KIC_5617535,5617535,2,0,1.76268,133.179,5.944,NTP
KIC_5637237,5637237,2,0,1.13063,131.806,3.248,AFP
KIC_5638409,5638409,1,0,1.11386,132.33,3.301,AFP
KIC_5638409,5638409,2,0,1.11387,131.741,2.369,AFP
KIC_5648562,5648562,2,0,1.00547,131.737,3.415,NTP
KIC_5648823,5648823,1,0,2.26234,133.728,2.905,AFP
KIC_5374854,5374854,2,1,8.50341,136.855,2.902,PC
KIC_5375003,5375003,1,0,2.72358,134.04,9.222,NTP
KIC_5375194,5375194,1,1,13.5225,142.183,4.013,PC
KIC_5376067,5376067,1,1,3.95142,133.76,1.558,PC
KIC_5385548,5385548,1,0,12.4255,141.52,18.36,AFP
KIC_5385548,5385548,2,0,12.4253,133.978,19.0,AFP
KIC_5390069,5390069,1,0,0.503478,131.775,1.194,AFP
KIC_5390069,5390069,2,0,0.503483,131.905,1.146,AFP
KIC_5390672,5390672,1,0,4.1143,133.166,5.582,AFP
KIC_5428254,5428254,1,0,0.544772,131.986,1.436,AFP
KIC_5428254,5428254,2,0,0.544752,131.553,1.973,AFP
KIC_5428254,5428254,3,0,0.619904,132.105,2.441,AFP
KIC_5443837,5443837,1,1,3.6585,133.959,2.505,PC
KIC_5443837,5443837,2,0,459.329,260.194,4.087,NTP
KIC_5443980,5443980,1,0,459.333,260.178,2.864,NTP
KIC_5444276,5444276,1,0,0.708971,132.199,2.36,AFP
KIC_5461440,5461440,1,1,40.607,158.649,5.63,PC
KIC_5461501,5461501,2,0,2.37615,133.249,4.702,AFP
KIC_5471328,5471328,3,0,2.07104,132.131,7.693,AFP
KIC_5471328,5471328,4,0,12.4175,134.642,4.453,AFP
KIC_5471328,5471328,5,0,12.4254,132.656,25.98,AFP
KIC_5471328,5471328,6,0,1.55354,131.634,4.5,AFP
KIC_5471415,5471415,1,0,12.4257,141.508,20.08,AFP
KIC_5474613,5474613,2,1,13.6166,140.924,4.794,PC
KIC_5474733,5474733,1,0,0.883769,131.845,1.347,AFP
KIC_5475042,5475042,1,1,1.24258,131.909,1.714,PC
KIC_5480736,5480736,1,0,8.56766,136.049,3.727,AFP
KIC_5480736,5480736,2,0,8.56767,131.532,2.621,AFP
KIC_5480766,5480766,1,0,2.16172,132.021,7.364,NTP
KIC_5527172,5527172,1,0,3.18396,132.865,3.722,AFP
KIC_5528773,5528773,1,0,2.28809,132.292,3.636,AFP
KIC_5528773,5528773,3,0,2.28864,132.473,5.615,AFP
KIC_5542466,5542466,2,1,2.35577,133.122,1.768,PC
KIC_5542466,5542466,3,1,4.74673,134.625,2.139,PC
KIC_5542983,5542983,1,0,4.76884,132.105,1.556,AFP
KIC_5559651,5559651,1,0,0.514713,131.991,1.308,AFP
KIC_5567711,5567711,1,0,1.79815,132.464,7.66,NTP
KIC_5596440,5596440,1,0,10.4749,140.696,1.403,AFP
KIC_5596440,5596440,2,0,10.4749,140.846,16.02,AFP
KIC_5617854,5617854,1,1,3.51749,132.03,1.512,PC
KIC_5618126,5618126,2,0,0.729606,131.745,3.292,NTP
KIC_5638429,5638429,1,0,0.687642,131.691,3.024,NTP
KIC_5640085,5640085,1,1,10.1396,137.892,2.728,PC
KIC_5640085,5640085,2,1,43.5746,151.233,6.203,PC
KIC_5640438,5640438,1,0,0.997371,132.043,3.465,AFP
KIC_5648823,5648823,2,0,2.26229,132.61,8.719,AFP
KIC_5649177,5649177,1,0,0.520354,131.757,1.681,AFP
KIC_5649177,5649177,2,0,0.520345,131.521,1.633,AFP
KIC_5649206,5649206,1,0,2.44674,131.521,5.042,AFP
KIC_5376106,5376106,1,0,481.651,215.197,15.33,NTP
KIC_5376614,5376614,1,0,2.81682,133.214,17.88,NTP
KIC_5376624,5376624,1,0,0.503799,131.931,1.346,AFP
KIC_5376624,5376624,2,0,0.503831,131.654,1.374,AFP
KIC_5385566,5385566,1,0,12.4254,141.542,21.12,AFP
KIC_5385566,5385566,2,0,6.21345,133.919,13.55,AFP
KIC_5385575,5385575,1,0,12.4252,141.565,19.97,AFP
KIC_5385575,5385575,2,0,12.4258,133.954,23.69,AFP
KIC_5390672,5390672,2,0,4.11514,131.693,5.976,AFP
KIC_5390694,5390694,1,0,1.59215,133.067,3.685,AFP
KIC_5390694,5390694,2,0,1.59225,132.472,3.486,AFP
KIC_5428254,5428254,4,0,33.8985,158.133,2.711,NTP
KIC_5428254,5428254,5,0,0.61991,131.78,2.0,AFP
KIC_5428471,5428471,1,0,0.755043,131.824,2.333,AFP
KIC_5428657,5428657,1,1,1.54287,132.618,1.193,PC
KIC_5444276,5444276,2,0,0.713499,131.697,4.935,AFP
KIC_5444334,5444334,1,0,0.759712,131.804,3.304,AFP
KIC_5444384,5444384,1,0,0.75972,131.826,1.57,AFP
KIC_5461501,5461501,3,0,2.37609,132.729,7.758,AFP
KIC_5461501,5461501,4,0,2.37626,133.687,6.0,AFP
KIC_5462649,5462649,1,0,2.7869,132.996,5.343,NTP
KIC_5462692,5462692,1,0,0.548954,131.726,2.41,NTP
KIC_5471415,5471415,2,0,12.4256,133.954,22.39,AFP
KIC_5471480,5471480,1,0,12.4251,141.561,20.8,AFP
KIC_5475187,5475187,1,0,0.623953,131.894,1.236,AFP
KIC_5475187,5475187,2,0,0.623965,132.092,2.0,AFP
KIC_5475431,5475431,1,0,0.91848,131.839,1.691,AFP
KIC_5475431,5475431,2,0,0.918263,132.343,1.911,AFP
KIC_5475494,5475494,1,0,0.736183,132.092,1.126,AFP
KIC_5480766,5480766,2,0,4.32309,135.014,14.26,NTP
KIC_5529501,5529501,1,0,1.51947,132.585,2.462,AFP
KIC_5529552,5529552,1,0,0.759719,131.828,2.698,AFP
KIC_5544903,5544903,1,0,7.57561,138.232,3.401,AFP
KIC_5545321,5545321,1,0,1.15074,131.881,2.883,NTP
KIC_5545566,5545566,1,0,0.700043,131.82,2.256,AFP
KIC_5560556,5560556,2,0,0.685482,131.689,1.558,AFP
KIC_5560556,5560556,3,0,0.68552,132.128,1.78,AFP
KIC_5560556,5560556,4,0,0.685537,131.884,2.0,AFP
KIC_5597970,5597970,1,0,6.71738,137.21,3.634,AFP
KIC_5597970,5597970,2,0,6.71738,133.852,3.488,AFP
KIC_5620305,5620305,2,0,0.543942,131.755,0.5144,AFP
KIC_5620305,5620305,3,0,0.543929,131.912,0.9066,AFP
KIC_5620305,5620305,4,0,0.54393,131.531,0.7324,AFP
KIC_5640438,5640438,2,0,0.997378,131.701,3.13,AFP
KIC_5640438,5640438,3,0,0.997357,132.386,2.5,AFP
KIC_5641294,5641294,1,0,6.53991,137.415,9.867,AFP
KIC_5641294,5641294,2,0,6.5393,133.971,11.27,AFP
KIC_5649215,5649215,1,0,2.44674,131.522,3.959,AFP
KIC_5649325,5649325,1,0,195.614,167.739,23.92,AFP
KIC_5376642,5376642,1,0,0.503795,131.925,1.507,AFP
KIC_5376836,5376836,1,0,3.47942,133.318,3.46,AFP
KIC_5376836,5376836,2,0,3.47942,131.581,3.01,AFP
KIC_5385647,5385647,1,0,12.4283,141.389,14.88,AFP
KIC_5385667,5385667,1,0,12.4264,141.411,17.27,AFP
KIC_5385667,5385667,2,0,12.4251,134.005,17.71,AFP
KIC_5390694,5390694,3,0,1.59216,132.005,5.884,AFP
KIC_5391059,5391059,1,0,0.648449,131.822,2.085,AFP
KIC_5428668,5428668,1,0,0.703395,131.663,0.7459,AFP
KIC_5429100,5429100,1,0,4.6855,134.042,15.08,AFP
KIC_5429100,5429100,2,0,4.68453,132.737,12.37,AFP
KIC_5444491,5444491,1,0,0.759702,131.831,2.271,AFP
KIC_5444548,5444548,1,1,13.2493,139.774,4.512,PC
KIC_5462901,5462901,1,0,5.27072,136.18,1.5,AFP
KIC_5462901,5462901,2,0,5.27073,133.546,2.731,AFP
KIC_5462901,5462901,3,0,5.27054,136.255,26.55,AFP
KIC_5471480,5471480,2,0,12.4252,134.002,20.19,AFP
KIC_5471489,5471489,1,0,12.4242,141.626,16.95,AFP
KIC_5471489,5471489,2,0,12.4267,133.91,20.08,AFP
KIC_5475735,5475735,1,0,2.99197,134.155,5.221,AFP
KIC_5481148,5481148,1,0,22.0235,135.185,1.923,AFP
KIC_5481416,5481416,1,0,2.38406,133.438,2.208,AFP
KIC_5481426,5481426,1,0,2.38402,133.455,3.413,AFP
KIC_5529560,5529560,1,0,0.759746,131.82,2.157,AFP
KIC_5529643,5529643,1,0,0.759738,131.813,2.096,AFP
KIC_5529738,5529738,1,0,0.75973,131.81,1.719,AFP
KIC_5530112,5530112,1,1,9.68635,132.029,2.14,PC
KIC_5545566,5545566,2,0,0.700099,132.122,2.872,AFP
KIC_5545815,5545815,1,0,4.35371,134.094,1.951,AFP
KIC_5546277,5546277,1,0,7.50028,137.385,2.612,AFP
KIC_5546277,5546277,2,0,7.50026,133.782,2.675,AFP
KIC_5560691,5560691,1,0,0.740076,131.845,1.415,AFP
KIC_5560691,5560691,2,0,0.740066,131.928,1.348,AFP
KIC_5560731,5560731,1,0,1.60346,131.825,5.498,AFP
KIC_5598595,5598595,1,0,0.648761,131.756,2.355,AFP
KIC_5598645,5598645,1,0,0.648771,131.74,1.678,AFP
KIC_5599579,5599579,1,0,7.68667,135.42,14.58,AFP
KIC_5620395,5620395,1,0,1.64713,131.797,3.483,NTP
KIC_5620711,5620711,1,0,2.0007,133.457,9.976,NTP
KIC_5641294,5641294,3,0,6.54079,132.393,14.08,AFP
KIC_5641294,5641294,4,0,3.27026,131.901,8.678,AFP
KIC_5641294,5641294,5,0,3.27022,132.918,12.43,AFP
KIC_5641490,5641490,1,0,1.02899,132.07,3.218,AFP
KIC_5649833,5649833,1,0,0.597932,131.954,1.09,AFP
KIC_5649837,5649837,1,0,0.597933,131.955,1.5,AFP
KIC_5649956,5649956,1,0,1.20784,132.32,3.178,AFP
KIC_5649964,5649964,1,0,1.73795,132.099,3.519,AFP
KIC_5380812,5380812,2,0,1.53773,132.186,4.971,AFP
KIC_5380812,5380812,3,0,1.53776,132.986,5.017,AFP
KIC_5385697,5385697,1,0,12.4258,141.502,19.89,AFP
KIC_5385697,5385697,2,0,12.4259,133.945,21.08,AFP
KIC_5385750,5385750,1,0,12.4287,140.943,11.05,AFP
KIC_5385750,5385750,2,0,12.4284,133.398,9.721,AFP
KIC_5391059,5391059,2,0,0.640946,131.642,2.046,AFP
KIC_5391059,5391059,3,0,0.636775,131.621,1.463,AFP
KIC_5391338,5391338,1,0,0.529006,131.96,1.175,AFP
KIC_5430471,5430471,1,0,0.876564,131.888,1.41,AFP
KIC_5430471,5430471,2,0,0.876525,132.162,1.956,AFP
KIC_5430471,5430471,3,0,2.20563,132.937,4.575,NTP
KIC_5444549,5444549,1,0,31.1386,135.702,5.283,AFP
KIC_5444549,5444549,2,0,31.1382,157.672,4.292,AFP
KIC_5445681,5445681,1,1,20.3507,142.744,7.028,PC
KIC_5446009,5446009,1,0,3.62368,135.128,9.816,NTP
KIC_5466537,5466537,1,0,0.92086,132.343,1.73,AFP
KIC_5466537,5466537,2,0,0.920846,132.102,1.743,AFP
KIC_5471489,5471489,3,0,39.2821,139.919,2.097,AFP
KIC_5471496,5471496,1,0,12.4258,141.507,21.98,AFP
KIC_5471496,5471496,2,0,12.4254,133.974,23.74,AFP
KIC_5471566,5471566,1,0,0.962829,132.191,2.526,AFP
KIC_5475736,5475736,1,0,2.99185,134.183,5.301,AFP
KIC_5475736,5475736,2,0,2.99186,132.751,1.562,AFP
KIC_5475736,5475736,3,0,2.99189,132.612,1.544,AFP
KIC_5481781,5481781,1,0,2.03543,132.793,7.222,AFP
KIC_5481781,5481781,2,0,2.03634,132.587,10.1,AFP
KIC_5481781,5481781,3,0,97.8169,152.121,7.213,NTP
KIC_5530441,5530441,1,0,4.3571,131.615,11.64,NTP
KIC_5530689,5530689,1,0,459.335,260.296,7.937,NTP
KIC_5530714,5530714,1,0,2.052,131.542,4.753,AFP
KIC_5546691,5546691,1,1,12.9463,139.41,9.309,PC
KIC_5546761,5546761,1,1,17.67,131.605,6.036,PC
KIC_5546767,5546767,1,0,2.12311,132.899,7.034,NTP
KIC_5547480,5547480,1,0,3.97987,132.071,1.685,AFP
KIC_5560731,5560731,2,0,1.60315,133.125,3.567,AFP
KIC_5560731,5560731,3,0,1.60277,132.745,5.864,AFP
KIC_5561278,5561278,1,1,20.3105,146.824,5.385,PC
KIC_5599579,5599579,2,0,7.68737,137.08,14.84,AFP
KIC_5599774,5599774,1,1,8.4964,138.736,2.316,PC
KIC_5621125,5621125,1,1,14.8008,132.82,5.747,PC
KIC_5621299,5621299,1,0,0.938943,131.827,1.955,AFP
KIC_5621333,5621333,1,1,27.0968,139.34,8.471,PC
KIC_5641490,5641490,2,0,1.02904,132.525,3.521,AFP
KIC_5641711,5641711,2,0,0.706518,132.217,2.467,AFP
KIC_5641711,5641711,3,0,0.706521,131.856,2.383,AFP
KIC_5649964,5649964,2,0,1.73802,133.203,3.246,AFP
KIC_5649964,5649964,3,0,1.73804,132.64,6.318,AFP
KIC_5650062,5650062,1,0,0.954051,132.329,1.393,AFP
KIC_5650062,5650062,2,0,0.95405,131.604,1.466,AFP
KIC_5381448,5381448,1,0,0.71884,131.824,2.714,NTP
KIC_5381448,5381448,3,0,5.02703,132.257,8.831,NTP
KIC_5385750,5385750,3,0,37.2727,159.305,12.49,AFP
KIC_5385754,5385754,3,0,0.880786,132.138,3.0,NTP
KIC_5385773,5385773,1,0,12.4254,141.531,17.46,AFP
KIC_5391338,5391338,2,0,0.529005,131.694,1.313,AFP
KIC_5391416,5391416,1,0,0.534895,131.746,1.582,AFP
KIC_5391416,5391416,2,0,0.534894,132.021,1.211,AFP
KIC_5391416,5391416,3,0,0.940528,131.826,2.0,NTP
KIC_5391911,5391911,1,0,0.782054,131.898,1.132,AFP
KIC_5431027,5431027,1,1,8.82335,136.895,6.631,PC
KIC_5435597,5435597,1,0,1.60519,131.99,1.675,AFP
KIC_5435597,5435597,2,0,1.60457,131.94,5.755,AFP
KIC_5435620,5435620,1,0,0.989258,131.756,1.061,AFP
KIC_5446068,5446068,2,0,0.82971,131.725,2.377,NTP
KIC_5446285,5446285,1,0,10.927,134.388,1.812,AFP
KIC_5446285,5446285,2,0,10.9537,132.255,8.682,AFP
KIC_5467102,5467102,1,0,2.84569,134.292,8.431,AFP
KIC_5467102,5467102,2,0,2.84569,132.871,5.785,AFP
KIC_5467113,5467113,1,0,2.84575,134.27,7.5,AFP
KIC_5467124,5467124,1,0,2.84579,134.268,4.958,AFP
KIC_5471574,5471574,1,0,0.962804,132.222,2.307,AFP
KIC_5471574,5471574,2,0,12.4254,141.534,19.12,AFP
KIC_5471574,5471574,3,0,12.4258,133.946,20.85,AFP
KIC_5476273,5476273,1,0,1.64644,132.483,5.558,AFP
KIC_5476273,5476273,2,0,1.64648,131.899,4.918,AFP
KIC_5476473,5476473,1,0,0.80889,131.558,2.677,AFP
KIC_5482030,5482030,1,0,1.89394,132.33,4.46,AFP
KIC_5482030,5482030,2,0,1.89383,133.112,4.511,AFP
KIC_5482030,5482030,3,0,1.89384,131.605,4.56,AFP
KIC_5530714,5530714,2,0,2.05284,132.555,2.506,AFP
KIC_5530714,5530714,3,0,2.04868,132.512,6.552,AFP
KIC_5530816,5530816,1,0,0.623877,131.673,2.124,NTP
KIC_5551220,5551220,1,0,5.199,135.986,4.464,AFP
KIC_5551220,5551220,2,0,5.1992,133.855,4.325,AFP
KIC_5551220,5551220,3,0,5.19926,135.053,4.471,AFP
KIC_5562090,5562090,1,1,28.8431,143.825,3.342,PC
KIC_5601258,5601258,1,1,8.84792,140.148,1.995,PC
KIC_5602588,5602588,1,1,11.0181,139.884,4.24,PC
KIC_5621333,5621333,2,1,11.5475,139.978,6.455,PC
KIC_5621586,5621586,1,1,5.25413,133.739,3.02,PC
KIC_5622250,5622250,1,0,16.2942,143.194,5.998,AFP
KIC_5642620,5642620,1,1,75.8577,165.567,4.513,PC
KIC_5642620,5642620,2,0,0.986791,132.065,1.028,AFP
KIC_5642620,5642620,3,0,0.986787,131.581,1.228,AFP
KIC_5642688,5642688,1,1,1.47331,132.861,1.303,PC
KIC_5650062,5650062,3,0,1.01587,131.518,3.544,NTP
KIC_5650314,5650314,1,0,1.07026,131.843,3.501,AFP
KIC_5650341,5650341,1,0,0.745444,131.549,2.274,NTP
KIC_5383248,5383248,1,1,16.2385,138.543,3.859,PC
KIC_5383476,5383476,1,0,1.62642,132.462,3.274,NTP
KIC_5383615,5383615,1,0,0.745891,131.848,2.351,NTP
KIC_5385773,5385773,2,0,12.4245,134.056,16.41,AFP
KIC_5392089,5392089,2,0,1.47967,131.625,4.983,NTP
KIC_5392089,5392089,3,0,2.26076,132.696,4.666,NTP
KIC_5392089,5392089,4,0,97.4975,197.743,11.34,NTP
KIC_5435620,5435620,2,0,0.989257,132.197,1.31,AFP
KIC_5435620,5435620,3,0,0.652369,131.978,1.821,AFP
KIC_5435620,5435620,4,0,0.652449,131.801,2.0,AFP
KIC_5435816,5435816,1,1,181.852,251.878,5.681,PC
KIC_5449777,5449777,1,1,7.21695,132.981,1.889,PC
KIC_5467126,5467126,1,0,2.84574,134.282,7.023,AFP
KIC_5467531,5467531,1,0,4.88235,135.386,5.348,AFP
KIC_5467531,5467531,2,0,4.88264,136.235,7.081,AFP
KIC_5471606,5471606,1,0,0.962817,132.206,1.39,AFP
KIC_5471619,5471619,1,0,0.964611,132.413,2.366,AFP
KIC_5471619,5471619,2,0,0.961871,132.403,2.588,AFP
KIC_5476473,5476473,2,0,0.808929,131.955,2.456,AFP
KIC_5476671,5476671,1,0,0.824161,131.695,1.049,AFP
KIC_5482494,5482494,1,0,3.28609,133.064,8.07,AFP
KIC_5482494,5482494,2,0,3.28598,134.221,11.56,AFP
KIC_5482603,5482603,1,0,3.88257,134.824,2.628,AFP
KIC_5530881,5530881,1,0,5.08248,132.962,3.5,AFP
KIC_5530881,5530881,2,0,5.08252,135.501,4.95,AFP
KIC_5530882,5530882,1,0,5.08262,132.943,2.715,AFP
KIC_5551240,5551240,1,1,4.13957,134.05,3.35,PC
KIC_5551417,5551417,1,0,0.524496,131.996,1.319,AFP
KIC_5562784,5562784,1,0,25.3372,142.238,9.714,AFP
KIC_5563057,5563057,1,1,1.04951,132.247,3.324,PC
KIC_5603049,5603049,1,0,0.585605,132.02,1.5,AFP
KIC_5603049,5603049,2,0,0.585599,131.736,1.481,AFP
KIC_5603049,5603049,3,0,0.5856,131.591,1.345,AFP
KIC_5607631,5607631,1,0,20.5697,140.249,2.433,AFP
KIC_5622250,5622250,2,0,16.2942,131.773,6.246,AFP
KIC_5622707,5622707,1,0,1.69779,132.672,4.689,AFP
KIC_5622707,5622707,2,0,1.69751,132.19,4.306,AFP
KIC_5643103,5643103,1,0,2.94565,131.95,4.443,AFP
KIC_5643103,5643103,2,0,2.94557,132.511,4.186,AFP
KIC_5643103,5643103,3,0,2.94571,134.344,4.885,AFP
KIC_5650341,5650341,2,0,7.45447,137.324,2.121,AFP
KIC_5650341,5650341,4,0,7.45485,138.042,2.676,AFP
KIC_5384079,5384079,1,1,7.05679,132.531,2.018,PC
KIC_5384079,5384079,2,1,17.2654,135.355,5.108,PC
KIC_5384183,5384183,1,0,0.620989,131.585,2.508,NTP
KIC_5384194,5384194,1,0,1.24213,132.725,8.7,NTP
KIC_5385792,5385792,1,0,12.4259,141.221,6.562,AFP
KIC_5392402,5392402,1,0,1.55891,131.742,5.176,NTP
KIC_5436013,5436013,1,1,25.8861,157.043,4.259,PC
KIC_5436338,5436338,1,1,6.30923,133.995,1.326,PC
KIC_5436502,5436502,1,1,23.6537,147.722,8.25,PC
KIC_5436502,5436502,2,1,13.2335,140.324,6.873,PC
KIC_5450428,5450428,2,0,1.56602,132.765,4.666,NTP
KIC_5450814,5450814,1,0,6.48752,137.625,2.442,AFP
KIC_5450814,5450814,2,0,6.48751,134.267,1.049,AFP
KIC_5467531,5467531,3,0,0.852405,131.74,3.714,AFP
KIC_5467531,5467531,4,0,0.852469,132.121,3.289,AFP
KIC_5470739,5470739,1,1,19.179,139.744,5.163,PC
KIC_5470851,5470851,1,0,12.4253,141.678,11.79,AFP
KIC_5471675,5471675,1,0,0.962838,132.199,3.095,AFP
KIC_5471675,5471675,2,0,12.4257,141.567,15.06,AFP
KIC_5471688,5471688,1,0,12.4262,141.488,17.79,AFP
KIC_5471688,5471688,2,0,12.4258,133.946,20.56,AFP
KIC_5476671,5476671,2,0,0.824183,132.105,1.028,AFP
KIC_5476864,5476864,1,0,2.59014,133.395,4.24,AFP
KIC_5476864,5476864,2,0,2.5901,132.777,4.631,AFP
KIC_5476864,5476864,3,0,2.59027,134.044,7.06,AFP
KIC_5476864,5476864,4,0,2.59015,132.1,9.0,AFP
KIC_5511081,5511081,1,1,13.7271,138.744,7.269,PC
KIC_5511081,5511081,2,1,24.311,137.038,8.972,PC
KIC_5511081,5511081,3,1,44.4302,143.551,10.27,PC
KIC_5511081,5511081,4,1,9.34145,132.388,6.186,PC
KIC_5531576,5531576,1,1,7.95356,134.893,2.662,PC
KIC_5531576,5531576,2,1,4.14452,131.785,2.364,PC
KIC_5551417,5551417,2,0,0.524467,131.762,1.745,AFP
KIC_5551504,5551504,1,0,1.20453,131.94,1.531,AFP
KIC_5551625,5551625,1,0,2.17418,131.506,8.05,AFP
KIC_5551625,5551625,2,0,2.17422,132.55,3.142,AFP
KIC_5563080,5563080,1,0,0.785463,131.865,1.017,AFP
KIC_5563289,5563289,1,0,1.57571,131.565,6.514,AFP
KIC_5563289,5563289,2,0,1.57575,132.194,6.186,AFP
KIC_5607784,5607784,1,0,3.28187,131.887,4.483,AFP
KIC_5607784,5607784,2,0,3.28174,133.271,5.788,AFP
KIC_5608334,5608334,1,0,0.693896,132.159,5.182,AFP
KIC_5608334,5608334,2,0,0.690953,131.682,1.074,AFP
KIC_5622759,5622759,1,0,1.86832,132.019,5.851,AFP
KIC_5622759,5622759,2,0,1.86788,133.128,5.907,AFP
KIC_5622812,5622812,1,0,459.217,260.378,3.514,NTP
KIC_5623833,5623833,1,0,0.566802,131.814,1.85,NTP
KIC_5643201,5643201,1,0,0.643845,131.566,1.803,AFP
KIC_5643201,5643201,2,0,0.643817,132.011,2.162,AFP
KIC_5643492,5643492,1,0,41.8655,161.175,6.7,AFP
KIC_5643492,5643492,2,0,41.8653,146.205,9.534,AFP
KIC_5650420,5650420,1,0,1.04941,131.806,2.375,AFP
KIC_5650583,5650583,1,0,0.51865,131.924,0.8458,AFP
KIC_5650583,5650583,2,0,0.51864,131.67,1.072,AFP
KIC_5650699,5650699,1,0,5.52405,132.891,10.11,AFP
KIC_5384194,5384194,2,0,21.8581,152.289,5.655,NTP
KIC_5384653,5384653,1,0,0.805195,132.152,2.79,AFP
KIC_5384653,5384653,2,0,0.80514,131.546,2.723,AFP
KIC_5385838,5385838,1,0,12.4256,141.25,9.548,AFP
KIC_5385838,5385838,2,0,12.4254,134.3,8.339,AFP
KIC_5385838,5385838,3,0,12.4197,134.355,0.9302,AFP
KIC_5385838,5385838,4,0,12.4332,141.061,3.588,AFP
KIC_5392451,5392451,1,0,5.91456,132.235,17.2,AFP
KIC_5392451,5392451,2,0,5.91488,134.289,18.13,AFP
KIC_5392702,5392702,1,0,12.2143,141.37,9.304,AFP
KIC_5436502,5436502,3,1,6.15571,134.807,4.98,PC
KIC_5436502,5436502,4,1,2.09081,132.082,3.256,PC
KIC_5436502,5436502,5,1,50.4468,178.497,6.946,PC
KIC_5450881,5450881,1,0,0.611627,131.731,1.39,AFP
KIC_5450881,5450881,2,0,1.2232,131.92,1.571,AFP
KIC_5450881,5450881,3,0,1.22323,132.032,1.346,AFP
KIC_5450881,5450881,4,0,0.611622,131.58,2.0,AFP
KIC_5470960,5470960,1,0,12.4244,141.609,17.57,AFP
KIC_5470960,5470960,2,0,12.425,133.891,16.43,AFP
KIC_5471010,5471010,1,0,12.4236,141.709,16.22,AFP
KIC_5471010,5471010,2,0,12.4237,134.176,21.1,AFP
KIC_5471688,5471688,3,0,0.962795,132.232,2.645,AFP
KIC_5471690,5471690,1,0,12.4258,141.522,17.64,AFP
KIC_5471690,5471690,2,0,12.4251,134.011,17.42,AFP
KIC_5477805,5477805,1,0,5.00675,134.541,1.933,AFP
KIC_5478055,5478055,1,0,15.8523,142.524,4.919,AFP
KIC_5511659,5511659,1,1,8.52905,135.743,3.651,PC
KIC_5531657,5531657,3,0,0.799129,131.597,1.102,NTP
KIC_5531694,5531694,1,1,5.1695,134.126,4.436,PC
KIC_5551672,5551672,1,1,2.18441,133.683,1.043,PC
KIC_5551779,5551779,1,0,500.979,176.589,9.159,NTP
KIC_5563300,5563300,1,1,71.0546,134.735,1.942,PC
KIC_5563507,5563507,1,0,3.07981,132.15,11.48,NTP
KIC_5563937,5563937,1,0,0.518578,131.81,0.654,AFP
KIC_5563937,5563937,2,0,0.519443,131.777,1.5,AFP
KIC_5608566,5608566,1,0,4.397,132.45,1.865,AFP
KIC_5609593,5609593,1,1,136.206,234.717,5.535,PC
KIC_5623852,5623852,1,0,0.568851,131.716,1.515,NTP
KIC_5629353,5629353,1,1,33.3187,150.102,6.76,PC
KIC_5629353,5629353,2,1,7.58459,137.818,3.726,PC
KIC_5644412,5644412,1,1,1.53818,132.494,1.778,PC
KIC_5645170,5645170,1,1,5.38607,133.966,2.074,PC
KIC_5650699,5650699,2,0,5.52414,131.695,7.862,AFP
KIC_5650699,5650699,3,0,5.52421,134.042,9.189,AFP
KIC_5650699,5650699,4,0,5.52482,136.045,15.27,AFP
KIC_5384713,5384713,1,1,60.3266,145.059,1.29,PC
KIC_5384713,5384713,2,1,12.6714,137.508,2.529,PC
KIC_5384713,5384713,3,1,2.63594,132.321,1.499,PC
KIC_5384802,5384802,1,0,3.04156,133.987,3.139,AFP
KIC_5385838,5385838,5,0,4.142,134.109,7.543,AFP
KIC_5385838,5385838,6,0,12.4164,134.588,2.304,AFP
KIC_5385838,5385838,7,0,4.14202,133.013,11.45,AFP
KIC_5385838,5385838,8,0,6.21364,134.271,12.23,AFP
KIC_5392871,5392871,1,0,42.3988,142.479,16.36,AFP
KIC_5392871,5392871,2,0,42.3992,151.964,7.17,AFP
KIC_5392897,5392897,1,0,42.3993,142.465,18.42,AFP
KIC_5392897,5392897,2,0,42.399,151.968,6.0,AFP
KIC_5393558,5393558,1,0,10.2171,137.246,4.378,AFP
KIC_5437243,5437243,1,0,4.295,132.206,14.17,NTP
KIC_5450893,5450893,1,1,4.82053,135.783,3.4,PC
KIC_5455434,5455434,1,0,1.37472,131.836,8.605,NTP
KIC_5456023,5456023,1,0,131.98,179.578,4.5,AFP
KIC_5471059,5471059,1,0,2.63691,132.072,0.8001,AFP
KIC_5471059,5471059,2,0,2.63689,133.936,1.325,AFP
KIC_5471059,5471059,3,0,12.4245,141.588,16.14,AFP
KIC_5471690,5471690,3,0,0.96277,132.238,2.276,AFP
KIC_5471769,5471769,1,0,12.4244,141.662,15.41,AFP
KIC_5471769,5471769,2,0,12.4255,134.008,18.39,AFP
KIC_5471770,5471770,1,0,12.4255,141.553,17.4,AFP
KIC_5478083,5478083,1,0,15.8524,142.521,5.293,AFP
KIC_5478766,5478766,1,0,3.13265,133.788,6.183,AFP
KIC_5511659,5511659,2,1,17.236,148.417,3.838,PC
KIC_5513012,5513012,1,1,0.679333,132.182,1.237,PC
KIC_5531694,5531694,2,1,8.11367,132.802,4.163,PC
KIC_5531953,5531953,1,1,6.93912,138.337,2.051,PC
KIC_5531953,5531953,2,1,1.99281,131.709,1.329,PC
KIC_5531953,5531953,3,1,3.53105,134.319,1.403,PC
KIC_5552562,5552562,1,1,5.93219,135.625,4.246,PC
KIC_5552808,5552808,1,0,0.927456,131.641,2.548,AFP
KIC_5564247,5564247,1,0,1.7272,132.558,2.09,AFP
KIC_5564325,5564325,1,0,0.744833,132.242,2.425,AFP
KIC_5629449,5629449,1,0,0.707282,131.712,2.589,AFP
KIC_5629449,5629449,2,0,0.710312,131.693,2.007,AFP
KIC_5629449,5629449,3,0,0.71148,132.08,2.506,AFP
KIC_5629449,5629449,4,0,0.720771,131.951,2.0,AFP
KIC_5645694,5645694,1,0,0.659475,132.151,1.294,AFP
KIC_5645694,5645694,2,0,0.655569,131.651,0.8259,AFP
KIC_5651104,5651104,1,0,3.04033,133.465,1.913,AFP
KIC_5651181,5651181,1,0,1.1856,131.802,2.206,AFP
KIC_5651181,5651181,2,0,1.18563,132.382,2.132,AFP
KIC_5385139,5385139,1,0,12.4278,141.442,15.34,AFP
KIC_5385139,5385139,2,0,12.4256,133.871,16.22,AFP
KIC_5386163,5386163,1,0,12.4235,141.712,17.38,AFP
KIC_5386163,5386163,2,0,12.4243,133.956,14.88,AFP
KIC_5386264,5386264,1,0,12.4259,133.953,16.25,AFP
KIC_5393558,5393558,2,0,10.2171,131.987,5.885,AFP
KIC_5393589,5393589,1,0,0.655051,131.772,1.901,AFP
KIC_5393589,5393589,2,0,0.655112,131.591,1.879,AFP
KIC_5437348,5437348,1,0,6.4482,131.628,13.77,NTP
KIC_5437348,5437348,2,0,4.29976,134.022,21.85,NTP
KIC_5437762,5437762,1,1,4.04465,133.628,3.218,PC
KIC_5456023,5456023,2,0,131.978,243.181,9.864,AFP
KIC_5456359,5456359,1,0,7.45892,138.255,17.85,AFP
KIC_5456359,5456359,2,0,7.46175,133.514,15.84,AFP
KIC_5471059,5471059,4,0,12.4257,133.98,19.85,AFP
KIC_5471068,5471068,1,0,12.4281,141.32,18.33,AFP
KIC_5471068,5471068,2,0,12.4241,134.065,21.45,AFP
KIC_5471108,5471108,1,0,12.4268,141.424,16.41,AFP
KIC_5471770,5471770,2,0,12.4273,133.83,17.64,AFP
KIC_5471792,5471792,1,0,12.4259,141.501,18.33,AFP
KIC_5471792,5471792,2,0,12.4243,134.151,16.22,AFP
KIC_5478766,5478766,3,0,3.133,132.4,9.222,AFP
KIC_5479106,5479106,1,0,5.04095,134.163,16.41,AFP
KIC_5513648,5513648,1,1,32.8586,133.51,2.873,PC
KIC_5513822,5513822,1,0,0.755087,131.827,2.482,AFP
KIC_5513833,5513833,1,0,0.755066,131.848,2.68,AFP
KIC_5513857,5513857,1,0,0.755091,131.814,2.718,AFP
KIC_5534476,5534476,1,0,2.15382,133.499,2.641,NTP
KIC_5534476,5534476,2,0,1.02547,131.587,1.998,AFP
KIC_5552808,5552808,2,0,0.927533,131.893,2.916,AFP
KIC_5553624,5553624,1,0,25.7621,139.725,10.5,AFP
KIC_5553624,5553624,2,0,25.762,150.558,2.5,AFP
KIC_5553624,5553624,3,0,25.762,150.378,15.0,AFP
KIC_5564325,5564325,2,0,0.744943,131.721,1.511,AFP
KIC_5564597,5564597,1,0,2.98197,134.203,3.424,NTP
KIC_5564600,5564600,1,0,0.634665,131.542,1.992,AFP
KIC_5564600,5564600,2,0,0.634679,131.748,2.003,AFP
KIC_5564600,5564600,3,0,0.634684,131.959,2.0,AFP
KIC_5611966,5611966,1,0,497.395,183.634,16.73,NTP
KIC_5613330,5613330,1,1,23.4496,136.026,8.695,PC
KIC_5629538,5629538,1,1,15.1873,134.055,4.297,PC
KIC_5629985,5629985,1,0,2.27192,132.53,3.345,AFP
KIC_5630212,5630212,1,0,47.5845,173.019,17.18,AFP
KIC_5630212,5630212,2,0,47.5843,174.119,8.172,AFP
KIC_5645788,5645788,2,0,0.871062,131.516,3.028,AFP
KIC_5645788,5645788,3,0,0.871071,131.924,3.766,AFP
KIC_5645883,5645883,1,0,1.96349,132.628,8.812,AFP
KIC_5651327,5651327,1,0,0.984295,132.445,1.502,AFP
KIC_5651327,5651327,2,0,0.97526,131.964,1.841,AFP
KIC_5651829,5651829,1,0,0.772147,132.208,1.411,AFP
KIC_5651846,5651846,1,1,31.1921,153.832,2.848,PC
KIC_5385141,5385141,2,0,1.01899,132.071,3.693,AFP
KIC_5385141,5385141,3,0,1.01899,131.556,3.639,AFP
KIC_5385150,5385150,1,0,12.4291,141.186,16.7,AFP
KIC_5386264,5386264,2,0,12.4287,141.324,23.12,AFP
KIC_5386271,5386271,1,0,12.4272,141.431,14.63,AFP
KIC_5386403,5386403,1,0,21.6659,144.52,16.98,NTP
KIC_5386872,5386872,1,0,1.80604,133.047,4.824,NTP
KIC_5393589,5393589,3,0,0.655068,131.93,1.5,AFP
KIC_5393984,5393984,1,0,1.20331,131.974,4.933,AFP
KIC_5393984,5393984,2,0,2.54378,132.477,8.466,NTP
KIC_5393984,5393984,4,0,1.20335,132.39,4.5,AFP
KIC_5437945,5437945,1,1,440.784,139.352,21.64,PC
KIC_5437945,5437945,2,1,220.129,245.991,21.27,PC
KIC_5438099,5438099,1,1,7.2402,137.809,2.876,PC
KIC_5438099,5438099,2,1,17.3266,135.266,4.164,PC
KIC_5456359,5456359,3,0,7.45932,135.672,11.92,AFP
KIC_5456651,5456651,1,1,11.7631,133.884,2.875,PC
KIC_5456651,5456651,2,1,56.2281,132.287,3.487,PC
KIC_5471108,5471108,2,0,447.403,556.441,13.9,AFP
KIC_5471141,5471141,1,0,12.4255,141.533,18.06,AFP
KIC_5471141,5471141,2,0,12.4233,134.173,14.67,AFP
KIC_5472644,5472644,1,0,5.54132,133.614,15.66,AFP
KIC_5472644,5472644,2,0,5.54082,136.517,14.73,AFP
KIC_5472950,5472950,1,0,1.07593,131.878,6.976,AFP
KIC_5472950,5472950,2,0,1.07301,131.52,1.991,AFP
KIC_5479106,5479106,2,0,5.04157,135.531,14.39,AFP
KIC_5479717,5479717,1,0,0.697979,132.154,1.573,AFP
KIC_5479800,5479800,1,0,1.7012,132.564,2.427,AFP
KIC_5513866,5513866,1,0,0.755101,131.81,2.035,AFP
KIC_5513893,5513893,1,0,0.755102,131.817,2.446,AFP
KIC_5513897,5513897,1,0,0.755085,131.824,2.119,AFP
KIC_5534814,5534814,1,1,4.85939,134.136,2.226,PC
KIC_5534941,5534941,1,1,3.7006,133.167,5.146,PC
KIC_5534965,5534965,1,0,243.821,159.496,10.87,AFP
KIC_5553652,5553652,1,0,24.3282,141.052,5.953,AFP
KIC_5553652,5553652,2,0,24.328,150.369,3.789,AFP
KIC_5553959,5553959,1,1,10.01,131.615,1.437,PC
KIC_5565261,5565261,1,0,2.36233,131.711,2.545,AFP
KIC_5565486,5565486,1,1,1.41253,131.702,3.5,PC
KIC_5613821,5613821,1,1,5.06103,134.456,2.722,PC
KIC_5614247,5614247,1,0,5.71612,133.681,11.32,AFP
KIC_5614247,5614247,2,0,5.71575,132.626,8.62,AFP
KIC_5614247,5614247,3,0,5.71583,134.638,7.48,AFP
KIC_5630362,5630362,1,0,0.59049,131.747,1.888,AFP
KIC_5630362,5630362,2,0,0.590527,131.524,1.961,AFP
KIC_5631630,5631630,1,1,25.9619,138.97,6.291,PC
KIC_5645883,5645883,2,0,1.96271,132.496,6.312,AFP
KIC_5646170,5646170,1,0,4.39164,132.449,10.42,AFP
KIC_5646170,5646170,2,0,4.39874,133.125,10.42,AFP
KIC_5652071,5652071,1,0,1.02044,132.253,2.916,NTP
KIC_5652237,5652237,1,0,4.46457,132.312,2.905,AFP
KIC_5652260,5652260,1,0,4.46455,132.32,4.304,AFP
KIC_5385150,5385150,2,0,12.4237,134.163,18.16,AFP
KIC_5385187,5385187,1,0,12.4253,134.023,20.67,AFP
KIC_5385187,5385187,2,0,6.21425,134.952,10.29,AFP
KIC_5385269,5385269,1,0,12.4242,141.651,17.36,AFP
KIC_5386872,5386872,2,0,3.61204,134.404,4.496,AFP
KIC_5386872,5386872,3,0,3.61038,134.076,4.427,AFP
KIC_5386904,5386904,1,0,4.85929,132.641,3.825,AFP
KIC_5394574,5394574,1,0,0.656832,131.864,2.168,AFP
KIC_5394574,5394574,2,0,0.656885,132.163,2.823,AFP
KIC_5438099,5438099,3,1,4.64621,131.57,2.421,PC
KIC_5438099,5438099,4,1,44.8414,135.66,5.754,PC
KIC_5438757,5438757,1,1,10.3508,133.712,6.103,PC
KIC_5438757,5438757,2,1,62.923,151.682,11.27,PC
KIC_5457326,5457326,1,1,2.49912,133.1,1.913,PC
KIC_5458779,5458779,1,0,3.51178,132.458,12.74,AFP
KIC_5471158,5471158,1,0,12.4254,141.549,20.27,AFP
KIC_5471158,5471158,2,0,12.4276,133.857,18.28,AFP
KIC_5471192,5471192,1,0,12.427,141.421,19.36,AFP
KIC_5471192,5471192,2,0,12.4264,133.897,17.48,AFP
KIC_5473087,5473087,1,0,459.321,260.203,3.327,NTP
KIC_5473171,5473171,1,0,0.657389,132.001,1.994,AFP
KIC_5473171,5473171,2,0,0.657386,131.611,1.501,AFP
KIC_5473171,5473171,3,0,0.657375,132.154,1.389,AFP
KIC_5479802,5479802,1,0,13.2627,136.285,3.929,AFP
KIC_5479821,5479821,3,0,6.80484,135.942,2.106,AFP
KIC_5514283,5514283,1,0,0.565375,131.708,2.232,AFP
KIC_5514283,5514283,2,0,0.565361,131.988,1.872,AFP
KIC_5514383,5514383,1,1,6.88341,138.245,2.111,PC
KIC_5517340,5517340,1,0,9.75277,135.851,14.54,NTP
KIC_5535280,5535280,1,0,74.9853,146.139,6.238,AFP
KIC_5535280,5535280,2,0,74.9853,138.62,6.345,AFP
KIC_5535792,5535792,1,0,1.03361,131.993,3.041,AFP
KIC_5556726,5556726,1,0,0.962809,132.211,2.402,AFP
KIC_5556769,5556769,1,0,12.4281,141.394,15.04,AFP
KIC_5565497,5565497,1,0,1.41255,131.7,3.426,AFP
KIC_5614247,5614247,4,0,5.71559,137.167,6.758,AFP
KIC_5615282,5615282,1,0,1.35645,132.554,6.783,NTP
KIC_5616197,5616197,1,0,301.708,273.393,14.66,NTP
KIC_5632701,5632701,1,0,3.67502,131.713,6.358,AFP
KIC_5646170,5646170,3,0,4.38361,132.143,6.268,AFP
KIC_5647514,5647514,1,0,0.874679,132.004,2.285,AFP
KIC_5652893,5652893,1,1,14.0095,132.968,3.479,PC
KIC_5652983,5652983,1,1,498.393,244.081,6.112,PC
KIC_5385269,5385269,2,0,12.4278,133.783,16.78,AFP
KIC_5385304,5385304,1,1,78.7326,168.732,3.785,PC
KIC_5385410,5385410,1,1,11.4959,139.375,2.354,PC
KIC_5387183,5387183,1,0,0.653638,131.931,2.11,NTP
KIC_5387843,5387843,1,1,0.870678,132.092,1.244,PC
KIC_5395490,5395490,1,0,1.86368,132.032,6.427,NTP
KIC_5396122,5396122,1,0,15.4443,138.167,1.566,AFP
KIC_5396122,5396122,2,0,15.4445,145.321,1.91,AFP
KIC_5396265,5396265,1,0,3.8265,133.888,6.073,AFP
KIC_5440317,5440317,1,1,2.31943,131.935,1.457,PC
KIC_5440651,5440651,1,0,0.502808,131.612,0.8414,NTP
KIC_5458795,5458795,1,0,3.51195,132.36,14.09,AFP
KIC_5458845,5458845,1,0,3.51135,132.702,11.6,AFP
KIC_5458845,5458845,2,0,3.51149,134.335,12.26,AFP
KIC_5458882,5458882,1,0,2.24699,132.223,7.935,AFP
KIC_5471202,5471202,1,0,12.4257,141.512,19.84,AFP
KIC_5471202,5471202,2,0,12.4256,133.975,21.24,AFP
KIC_5471217,5471217,1,0,12.425,141.582,17.95,AFP
KIC_5473171,5473171,4,0,0.657389,131.745,1.5,AFP
KIC_5473535,5473535,1,0,1.67366,131.671,1.496,AFP
KIC_5473535,5473535,2,0,0.836828,131.676,1.445,NTP
KIC_5473556,5473556,1,0,11.2588,134.738,8.959,AFP
KIC_5473556,5473556,2,0,11.2589,140.948,5.0,AFP
KIC_5479871,5479871,1,0,1.70133,132.529,5.298,AFP
KIC_5479950,5479950,1,0,3.40253,134.201,11.14,AFP
KIC_5520547,5520547,1,1,11.2006,137.507,3.959,PC
KIC_5521300,5521300,1,0,18.1357,138.314,1.425,AFP
KIC_5521300,5521300,2,0,18.1358,133.955,2.58,AFP
KIC_5521686,5521686,1,0,459.3,260.241,2.516,NTP
KIC_5535792,5535792,3,0,1.03337,132.492,3.048,AFP
KIC_5535890,5535890,1,0,3.25519,134.601,2.413,AFP
KIC_5556804,5556804,1,0,12.4226,141.82,14.79,AFP
KIC_5556804,5556804,2,0,12.4267,133.924,15.03,AFP
KIC_5556830,5556830,1,0,12.4291,141.2,16.02,AFP
KIC_5557072,5557072,1,0,0.816515,131.93,2.111,AFP
KIC_5557072,5557072,2,0,0.81647,132.257,3.0,AFP
KIC_5565700,5565700,1,0,2.34892,133.58,5.713,AFP
KIC_5565700,5565700,2,0,2.34865,132.41,7.3,AFP
KIC_5565700,5565700,3,0,2.8412,131.555,9.0,NTP
KIC_5616896,5616896,1,0,370.305,260.268,10.83,NTP
KIC_5617102,5617102,1,0,0.59696,132.062,1.814,AFP
KIC_5617102,5617102,2,0,0.596968,131.749,1.645,AFP
KIC_5632912,5632912,1,0,0.823006,131.665,2.786,AFP
KIC_5632912,5632912,2,0,0.822956,132.038,2.51,AFP
KIC_5632912,5632912,3,0,0.822937,132.24,2.463,AFP
KIC_5647514,5647514,2,0,0.874667,131.571,1.973,AFP
KIC_5647974,5647974,1,0,0.858306,131.655,2.333,NTP
KIC_5653152,5653152,1,0,3.58963,132.984,2.857,AFP
KIC_5385410,5385410,2,0,12.4261,141.495,17.86,AFP
KIC_5385410,5385410,3,0,12.4249,134.047,19.54,AFP
KIC_5385439,5385439,1,0,12.4262,141.478,20.09,AFP
KIC_5385439,5385439,2,0,12.4254,133.978,19.85,AFP
KIC_5396265,5396265,2,0,3.82609,132.643,13.88,AFP
KIC_5396936,5396936,1,0,3.02381,134.356,11.14,AFP
KIC_5396936,5396936,2,0,3.02394,132.138,10.58,AFP
KIC_5396936,5396936,3,0,2.85553,132.944,17.4,NTP
KIC_5440852,5440852,2,0,0.986938,132.281,2.821,AFP
KIC_5440852,5440852,3,0,0.987028,131.744,3.091,AFP
KIC_5441980,5441980,1,1,5.89399,132.228,1.349,PC
KIC_5458882,5458882,2,0,2.24679,131.549,6.092,AFP
KIC_5458953,5458953,1,0,3.51128,132.605,12.05,AFP
KIC_5459805,5459805,1,0,0.532749,131.852,1.271,AFP
KIC_5459805,5459805,2,0,0.532717,131.534,2.0,AFP
KIC_5471217,5471217,2,0,12.4254,133.967,19.09,AFP
KIC_5471271,5471271,1,0,12.4254,141.525,18.72,AFP
KIC_5471271,5471271,2,0,12.4257,133.951,19.01,AFP
KIC_5471289,5471289,1,0,12.4259,141.501,19.49,AFP
KIC_5473584,5473584,1,0,7.20024,135.884,7.911,AFP
KIC_5473584,5473584,2,0,7.20061,136.866,12.24,AFP
KIC_5480040,5480040,2,0,4.33551,135.314,15.19,AFP
KIC_5480040,5480040,3,0,4.33607,133.457,11.8,AFP
KIC_5522154,5522154,1,0,0.531702,131.563,1.13,AFP
KIC_5522154,5522154,2,0,0.531804,131.847,1.841,AFP
KIC_5522154,5522154,3,0,0.531989,131.806,1.58,AFP
KIC_5524229,5524229,1,0,22.4933,132.25,3.743,NTP
KIC_5536038,5536038,1,0,0.694649,132.224,2.91,AFP
KIC_5536038,5536038,2,0,0.694568,131.771,2.602,AFP
KIC_5536715,5536715,1,0,0.701304,131.765,1.212,AFP
KIC_5536715,5536715,2,0,0.701311,131.992,1.213,AFP
KIC_5536715,5536715,3,0,0.701321,131.52,1.5,AFP
KIC_5557072,5557072,3,0,0.816526,131.663,3.0,AFP
KIC_5557821,5557821,1,0,2.92877,133.704,2.732,AFP
KIC_5566536,5566536,1,0,1.17875,132.111,1.835,NTP
KIC_5566536,5566536,2,0,1.05272,131.576,1.192,AFP
KIC_5566536,5566536,3,0,1.0527,132.171,0.7168,AFP
KIC_5566636,5566636,1,0,1.21703,131.871,5.845,NTP
KIC_5617259,5617259,1,0,1.04827,132.28,4.704,NTP
KIC_5636642,5636642,1,0,0.933488,132.103,1.19,AFP
KIC_5636642,5636642,2,0,0.933475,131.652,1.5,AFP
KIC_5636648,5636648,1,0,0.933479,132.108,0.6652,AFP
KIC_5648096,5648096,1,0,1.79559,132.048,2.865,NTP
KIC_5648096,5648096,2,0,0.897772,131.909,2.837,NTP
KIC_5648096,5648096,3,0,0.689568,131.742,2.216,AFP
KIC_5653163,5653163,1,0,2.40439,133.217,5.043,AFP
KIC_5653849,5653849,1,0,111.039,152.786,37.51,AFP
KIC_5385469,5385469,1,0,12.4235,141.794,8.162,AFP
KIC_5385471,5385471,1,0,12.426,141.497,21.71,AFP
KIC_5385471,5385471,2,0,12.4261,133.93,23.69,AFP
KIC_5389234,5389234,1,0,0.818369,131.899,1.567,AFP
KIC_5389234,5389234,2,0,0.82383,132.163,3.464,AFP
KIC_5389540,5389540,1,0,10.2622,133.211,4.867,AFP
KIC_5396950,5396950,1,0,3.75109,133.341,6.663,AFP
KIC_5396950,5396950,2,0,3.75149,134.795,11.21,AFP
KIC_5397166,5397166,1,0,1.81198,132.273,2.309,AFP
KIC_5442451,5442451,1,0,278.358,165.184,2.319,NTP
KIC_5442451,5442451,2,0,268.869,375.778,12.78,NTP
KIC_5459805,5459805,3,0,0.532718,131.711,1.5,AFP
KIC_5460434,5460434,1,0,1.38663,132.484,4.606,AFP
KIC_5460434,5460434,2,0,1.38626,132.009,5.649,AFP
KIC_5460835,5460835,1,0,21.5393,144.154,5.336,AFP
KIC_5123624,5123624,2,0,0.935604,131.914,1.208,AFP
KIC_5124254,5124254,1,0,14.0498,140.507,2.885,AFP
KIC_5124667,5124667,1,1,150.878,206.694,8.775,PC
KIC_5125048,5125048,1,0,0.568188,132.067,2.0,AFP
KIC_5179979,5179979,2,0,1.04569,131.585,1.997,AFP
KIC_5179979,5179979,3,0,1.04569,132.11,3.5,AFP
KIC_5200521,5200521,2,0,1.24738,131.57,2.314,AFP
KIC_5200521,5200521,3,0,1.24736,132.21,2.673,AFP
KIC_5215251,5215251,1,0,2.55427,131.846,7.896,AFP
KIC_5257082,5257082,1,0,10.0853,140.969,1.868,AFP
KIC_5262539,5262539,1,0,491.046,202.759,9.009,NTP
KIC_5262664,5262664,1,0,515.081,251.134,6.94,NTP
KIC_5282051,5282051,1,0,5.91039,135.688,3.929,AFP
KIC_5282345,5282345,1,0,357.001,373.112,20.2,NTP
KIC_5301091,5301091,1,0,3.29844,131.609,7.856,AFP
KIC_5306862,5306862,1,0,2.02558,131.865,4.101,AFP
KIC_5306862,5306862,2,0,2.02557,132.878,3.715,AFP
KIC_5307568,5307568,1,0,2.62839,131.621,3.061,AFP
KIC_5354490,5354490,1,0,5.22132,131.789,14.26,NTP
KIC_5355882,5355882,1,0,8.74433,133.577,15.35,NTP
KIC_5374403,5374403,1,1,40.8365,152.876,5.211,PC
KIC_5374838,5374838,1,1,230.179,230.058,13.28,PC
KIC_5374854,5374854,1,1,23.7831,132.185,7.977,PC
KIC_4946956,4946956,2,0,0.508139,131.949,1.785,AFP
KIC_4947130,4947130,1,0,0.711861,131.732,2.404,AFP
KIC_4947130,4947130,3,0,0.7119,132.082,2.388,AFP
KIC_4995948,4995948,1,0,1.01467,131.921,3.097,AFP
KIC_4995948,4995948,2,0,1.01472,132.402,4.42,AFP
KIC_5020319,5020319,1,1,16.7199,137.961,3.364,PC
KIC_5020319,5020319,2,0,459.287,260.268,4.328,NTP
KIC_5033298,5033298,1,0,0.664162,132.011,2.825,AFP
KIC_5033823,5033823,1,1,0.741751,131.583,1.187,PC
KIC_5034039,5034039,1,0,0.937233,132.149,3.166,AFP
KIC_5080346,5080346,1,0,2.31174,132.325,7.588,AFP
KIC_5080346,5080346,2,0,2.31172,133.513,7.8,AFP
KIC_5080636,5080636,1,1,4.19449,134.135,1.687,PC
KIC_5103942,5103942,1,0,10.1018,131.806,1.553,AFP
KIC_5103942,5103942,2,0,10.1017,136.814,1.272,AFP
KIC_5103998,5103998,1,0,174.77,172.472,2.354,AFP
KIC_5125048,5125048,2,0,0.568186,131.793,2.019,AFP
KIC_5125347,5125347,1,1,7.16528,132.963,1.832,PC
KIC_5126182,5126182,1,1,13.0035,131.992,3.901,PC
KIC_5180796,5180796,2,0,0.760626,131.683,2.706,NTP
KIC_5180796,5180796,3,0,78.4463,163.679,7.915,NTP
KIC_5181100,5181100,1,0,13.5992,136.477,22.0,NTP
KIC_5201115,5201115,1,0,3.45704,131.816,3.253,AFP
KIC_5201115,5201115,2,0,1.72846,131.833,3.573,AFP
KIC_5201593,5201593,1,0,0.50727,131.771,1.352,AFP
KIC_5201596,5201596,1,0,0.507272,131.776,1.692,AFP
KIC_5215669,5215669,1,0,0.949705,131.609,3.979,NTP
KIC_5215672,5215672,1,0,8.1893,138.29,14.13,AFP
KIC_5215672,5215672,2,0,8.18962,136.434,14.84,AFP
KIC_5263732,5263732,1,0,488.269,201.946,13.79,NTP
KIC_5263749,5263749,1,0,4.96839,131.683,12.03,AFP
KIC_5283458,5283458,1,1,30.694,150.807,2.953,PC
KIC_5283542,5283542,1,0,5.97582,132.945,2.548,AFP
KIC_5283728,5283728,1,1,43.6845,168.864,10.33,PC
KIC_5301091,5301091,2,0,3.29875,133.09,10.15,AFP
KIC_5307858,5307858,1,0,1.86729,132.074,3.005,AFP
KIC_5307990,5307990,1,0,0.987607,131.981,1.014,AFP
KIC_5308052,5308052,1,0,0.53257,131.747,1.233,AFP
KIC_5356349,5356349,2,0,0.815458,132.023,2.071,AFP
KIC_5356349,5356349,3,0,0.815445,131.621,2.449,AFP
KIC_5356593,5356593,1,0,45.9779,148.642,7.467,AFP
KIC_4935813,4935813,2,0,1.48522,132.336,5.299,AFP
KIC_4935914,4935914,1,0,3.48632,134.874,2.816,AFP
KIC_4935914,4935914,2,0,3.48633,133.128,2.004,AFP
KIC_4936020,4936020,1,0,459.339,260.156,4.269,NTP
KIC_4947556,4947556,2,1,13.0268,139.147,0.7628,PC
KIC_4947726,4947726,1,0,4.72609,132.923,4.383,AFP
KIC_4996558,4996558,1,0,3.01714,133.691,3.081,AFP
KIC_5000179,5000179,1,0,3.63297,131.831,2.302,NTP
KIC_5000179,5000179,2,0,1.21098,132.141,3.374,NTP
KIC_5021024,5021024,1,0,0.520522,132.017,1.489,NTP
KIC_5021174,5021174,1,0,4.04504,132.238,2.0,AFP
KIC_5021176,5021176,1,0,4.04507,132.232,2.138,AFP
KIC_5021176,5021176,2,0,2.02254,132.226,2.273,AFP
KIC_5034039,5034039,2,0,0.937273,131.647,3.007,AFP
KIC_5034333,5034333,1,0,6.93245,134.876,8.402,AFP
KIC_5034333,5034333,2,0,2.311,132.472,4.925,AFP
KIC_5080636,5080636,2,0,0.530664,131.739,1.069,AFP
KIC_5080636,5080636,3,0,0.530781,131.523,1.189,AFP
KIC_5106292,5106292,1,0,4.42269,133.137,14.27,NTP
KIC_5106313,5106313,1,1,3.89523,131.862,1.628,PC
KIC_5108214,5108214,1,0,2.11912,132.597,4.063,AFP
KIC_5108514,5108514,1,0,0.953327,131.647,1.737,AFP
KIC_5126627,5126627,1,0,1.00948,131.646,3.717,NTP
KIC_5128673,5128673,1,1,87.9729,168.293,14.8,PC
KIC_5129453,5129453,1,1,3.05769,133.077,1.959,PC
KIC_5181804,5181804,1,0,4.35047,132.27,2.558,AFP
KIC_5201676,5201676,1,0,0.507267,131.78,1.841,AFP
KIC_5201695,5201695,1,0,0.507252,131.79,1.471,AFP
KIC_5201756,5201756,1,0,0.586193,131.586,2.033,AFP
KIC_5215700,5215700,1,0,0.656208,132.095,3.347,AFP
KIC_5215980,5215980,1,0,2.53116,132.488,8.285,AFP
KIC_5263749,5263749,3,0,4.96933,133.942,14.18,AFP
KIC_5263802,5263802,1,0,3.35025,131.833,4.107,AFP
KIC_5264304,5264304,1,0,120.582,248.239,8.302,AFP
KIC_5284779,5284779,1,0,1.38287,131.625,3.276,AFP
KIC_5284779,5284779,2,0,1.38288,131.877,2.432,AFP
KIC_5301101,5301101,3,0,0.565679,131.629,1.492,AFP
KIC_5301101,5301101,4,0,0.565711,131.896,2.598,AFP
KIC_5301750,5301750,1,1,8.72583,138.769,4.665,PC
KIC_5308052,5308052,2,0,0.53258,131.529,1.211,AFP
KIC_5308052,5308052,3,0,0.532585,131.836,1.5,AFP
KIC_5308296,5308296,1,1,36.7218,151.244,7.75,PC
KIC_5308387,5308387,1,0,0.620743,132.1,1.78,AFP
KIC_5356593,5356593,2,0,45.9778,168.941,9.596,AFP
KIC_5356665,5356665,1,0,0.615101,131.662,2.14,NTP
KIC_5357470,5357470,1,0,2.17299,132.969,1.623,AFP
KIC_4936180,4936180,1,0,4.64093,131.952,1.559,AFP
KIC_4936284,4936284,1,0,459.185,260.299,6.459,NTP
KIC_4936524,4936524,1,0,1.67478,132.442,6.708,NTP
KIC_4936990,4936990,1,0,10.3145,137.705,3.497,AFP
KIC_4947726,4947726,2,0,4.72609,135.525,3.258,AFP
KIC_4948730,4948730,1,0,23.0295,139.855,6.61,AFP
KIC_4948730,4948730,2,0,23.0293,151.152,5.47,AFP
KIC_5001655,5001655,1,0,2.29046,133.214,8.44,AFP
KIC_5021432,5021432,1,0,14.0565,136.756,2.556,NTP
KIC_5021732,5021732,1,0,15.0395,144.137,5.389,AFP
KIC_5034333,5034333,4,0,6.93266,134.103,5.166,AFP
KIC_5034333,5034333,5,0,2.31081,132.049,4.5,AFP
KIC_5035237,5035237,1,0,370.477,437.554,13.76,NTP
KIC_5035849,5035849,1,0,517.644,261.353,7.382,NTP
KIC_5084171,5084171,1,1,153.98,165.488,9.086,PC
KIC_5084289,5084289,1,0,1.3618,131.927,2.375,NTP
KIC_5084942,5084942,1,1,3.10551,133.21,1.701,PC
KIC_5108514,5108514,2,0,0.95339,132.215,2.042,AFP
KIC_5108514,5108514,3,0,0.95341,131.888,3.0,AFP
KIC_5108946,5108946,1,0,0.591272,131.752,1.096,AFP
KIC_5110034,5110034,1,0,3.93018,134.314,7.496,AFP
KIC_5129738,5129738,1,0,5.79542,136.711,15.51,AFP
KIC_5129738,5129738,2,0,5.79554,134.888,15.7,AFP
KIC_5130369,5130369,1,0,19.9786,137.172,10.23,AFP
KIC_5181817,5181817,1,0,4.35046,132.275,1.776,AFP
KIC_5182451,5182451,1,0,552.905,183.791,17.16,NTP
KIC_5201756,5201756,2,0,0.586315,131.858,2.675,AFP
KIC_5201872,5201872,1,0,0.659364,131.859,2.173,NTP
KIC_5202905,5202905,1,1,22.8243,144.478,6.974,PC
KIC_5202905,5202905,2,1,14.8446,143.579,5.909,PC
KIC_5217586,5217586,1,0,26.0694,143.123,7.278,AFP
KIC_5217733,5217733,1,0,161.254,189.098,24.27,AFP
KIC_5217733,5217733,2,0,161.256,216.384,49.43,AFP
KIC_5264304,5264304,2,0,120.582,215.495,8.586,AFP
KIC_5264764,5264764,1,0,1.90515,131.724,6.751,AFP
KIC_5264764,5264764,2,0,1.90505,132.758,6.052,AFP
KIC_5264888,5264888,1,0,0.952376,131.86,4.042,AFP
KIC_5286045,5286045,1,0,1.15424,132.101,3.516,AFP
KIC_5286045,5286045,2,0,1.15444,132.526,3.92,AFP
KIC_5301750,5301750,2,1,12.883,135.184,6.135,PC
KIC_5301750,5301750,3,1,27.4345,145.123,5.175,PC
KIC_5301750,5301750,4,1,44.5523,160.286,5.947,PC
KIC_5301750,5301750,5,1,4.22455,135.428,2.941,PC
KIC_5308419,5308419,1,0,0.620736,132.104,1.288,AFP
KIC_5308537,5308537,1,1,14.2652,143.218,3.473,PC
KIC_5308663,5308663,1,0,0.784507,131.991,1.258,AFP
KIC_5308663,5308663,2,1,20.0681,150.762,4.979,PC
KIC_5357470,5357470,2,0,2.17269,133.57,0.6147,AFP
KIC_5357545,5357545,1,1,3.75727,133.964,1.113,PC
KIC_5357901,5357901,1,1,3.79702,133.509,2.352,PC
KIC_5358212,5358212,1,0,0.53591,131.958,1.917,NTP
KIC_4936990,4936990,2,0,10.3145,132.537,3.525,AFP
KIC_4937143,4937143,1,0,9.84893,139.589,5.302,AFP
KIC_4937143,4937143,2,0,9.84888,135.99,5.649,AFP
KIC_4949027,4949027,1,0,1.06101,132.527,1.766,AFP
KIC_4949187,4949187,1,0,11.9782,140.737,10.27,AFP
KIC_4949187,4949187,2,0,11.9782,131.656,14.25,AFP
KIC_4949187,4949187,3,0,2.99495,133.981,8.455,NTP
KIC_5002361,5002361,2,0,0.536091,131.629,1.781,NTP
KIC_5003117,5003117,1,0,37.6073,153.164,6.671,AFP
KIC_5021732,5021732,2,0,15.0395,137.207,5.353,AFP
KIC_5021737,5021737,1,0,15.0395,144.137,5.299,AFP
KIC_5021737,5021737,2,0,15.0395,137.207,5.211,AFP
KIC_5021899,5021899,1,1,21.8129,152.198,4.376,PC
KIC_5035972,5035972,1,0,49.2668,141.921,5.501,AFP
KIC_5035972,5035972,2,0,49.2669,133.609,4.497,AFP
KIC_5036037,5036037,1,0,0.544645,131.848,1.5,AFP
KIC_5087223,5087223,1,0,5.62236,132.753,1.031,NTP
KIC_5088308,5088308,1,0,0.868371,131.521,3.232,AFP
KIC_5088308,5088308,2,0,0.868328,132.059,3.067,AFP
KIC_5110034,5110034,2,0,3.93071,135.313,9.019,AFP
KIC_5130369,5130369,2,0,19.9786,146.397,9.971,AFP
KIC_5130380,5130380,1,0,19.9791,137.146,10.57,AFP
KIC_5130380,5130380,2,0,19.9786,146.378,10.23,AFP
KIC_5183357,5183357,1,1,61.0373,175.177,8.321,PC
KIC_5184584,5184584,1,1,53.4495,149.201,5.303,PC
KIC_5184709,5184709,1,0,10.5791,141.075,1.577,AFP
KIC_5202905,5202905,3,0,0.565723,131.736,2.35,NTP
KIC_5202905,5202905,4,0,0.768916,132.11,3.424,NTP
KIC_5206128,5206128,1,0,0.659772,131.94,2.136,AFP
KIC_5206128,5206128,2,0,0.659798,131.592,2.124,AFP
KIC_5217791,5217791,1,0,0.966849,132.156,6.342,NTP
KIC_5217891,5217891,1,0,161.24,189.172,23.74,AFP
KIC_5265212,5265212,1,0,43.0916,136.272,14.5,NTP
KIC_5265699,5265699,1,0,0.689044,132.166,1.679,AFP
KIC_5265699,5265699,2,0,0.689095,131.522,1.822,AFP
KIC_5267721,5267721,1,0,0.63221,131.963,2.061,AFP
KIC_5286780,5286780,1,0,0.722429,132.207,2.96,AFP
KIC_5286780,5286780,2,0,0.722505,131.795,4.13,AFP
KIC_5286786,5286786,1,0,9.94872,138.553,3.181,AFP
KIC_5302006,5302006,1,0,6.14631,132.75,3.187,AFP
KIC_5308666,5308666,1,0,0.784499,131.994,1.366,AFP
KIC_5308666,5308666,2,0,0.784689,131.823,1.747,AFP
KIC_5308777,5308777,1,0,0.944604,132.23,2.841,AFP
KIC_5358241,5358241,1,1,18.6493,137.474,4.415,PC
KIC_5358241,5358241,2,1,38.5574,163.857,5.249,PC
KIC_5358241,5358241,3,1,9.75201,138.781,4.032,PC
KIC_4949524,4949524,1,0,1.23307,132.502,1.42,AFP
KIC_4949751,4949751,1,0,31.8051,154.585,7.729,AFP
KIC_5003117,5003117,2,0,37.608,132.132,6.067,AFP
KIC_5003342,5003342,1,0,0.923722,131.716,3.657,AFP
KIC_5003342,5003342,2,0,0.923713,132.18,2.848,AFP
KIC_5003670,5003670,1,1,7.99137,136.268,3.265,PC
KIC_5022440,5022440,1,0,3.69395,133.611,2.248,AFP
KIC_5022440,5022440,2,0,3.69395,131.763,2.192,AFP
KIC_5022535,5022535,1,0,0.662566,131.593,1.614,NTP
KIC_5036037,5036037,2,0,0.544645,131.577,1.499,AFP
KIC_5036480,5036480,1,0,1.06102,132.517,2.212,AFP
KIC_5036491,5036491,1,0,0.73693,131.982,1.645,AFP
KIC_5088400,5088400,1,1,8.82719,139.731,2.52,PC
KIC_5088536,5088536,1,1,27.5087,154.596,5.852,PC
KIC_5088536,5088536,2,1,8.45747,139.067,3.315,PC
KIC_5088536,5088536,3,1,87.5177,201.159,1.866,PC
KIC_5110423,5110423,1,0,2.68523,133.729,3.763,AFP
KIC_5111544,5111544,1,0,459.258,260.322,4.828,NTP
KIC_5112198,5112198,1,0,3.21588,133.51,4.936,NTP
KIC_5130563,5130563,1,0,0.915788,132.272,0.8779,NTP
KIC_5130740,5130740,1,0,210.306,285.127,6.643,AFP
KIC_5130890,5130890,1,0,0.910578,131.521,2.731,AFP
KIC_5184863,5184863,1,0,9.03811,133.0,12.18,NTP
KIC_5184863,5184863,2,0,4.51958,132.288,14.17,NTP
KIC_5184911,5184911,1,1,4.11582,134.121,1.446,PC
KIC_5206233,5206233,1,0,6.19585,134.237,2.526,AFP
KIC_5206767,5206767,1,0,0.801009,131.696,2.43,AFP
KIC_5206767,5206767,2,0,0.801197,131.922,2.536,AFP
KIC_5217910,5217910,1,0,3.55371,132.124,6.317,AFP
KIC_5217910,5217910,2,0,3.55466,133.515,14.37,AFP
KIC_5218014,5218014,1,0,10.8453,138.334,4.35,AFP
KIC_5218014,5218014,2,0,10.8453,142.235,5.295,AFP
KIC_5267721,5267721,2,0,0.631167,131.705,1.864,AFP
KIC_5286786,5286786,2,0,9.94874,133.803,3.814,AFP
KIC_5287983,5287983,1,0,2.50708,133.398,1.417,AFP
KIC_5302556,5302556,1,0,2.22435,132.668,6.463,NTP
KIC_5302556,5302556,2,0,0.74154,132.212,1.141,NTP
KIC_5302643,5302643,1,0,69.2005,145.95,5.326,AFP
KIC_5308780,5308780,1,0,2.16688,131.622,8.336,AFP
KIC_5308780,5308780,2,0,2.16699,132.647,7.539,AFP
KIC_5358624,5358624,1,1,3.52563,134.792,2.624,PC
KIC_5360082,5360082,1,0,11.355,133.2,13.98,AFP
KIC_4937435,4937435,1,0,0.505736,131.919,1.729,AFP
KIC_4937435,4937435,2,0,0.50573,131.674,1.675,AFP
KIC_4937872,4937872,2,0,2.08167,132.927,1.505,AFP
KIC_4949769,4949769,1,0,1.56409,132.95,1.31,AFP
KIC_4949769,4949769,2,0,1.56402,131.562,1.593,AFP
KIC_4949795,4949795,1,0,1.56402,133.061,4.993,AFP
KIC_4949801,4949801,1,0,1.56409,133.024,7.66,AFP
KIC_5004705,5004705,1,0,0.900297,132.133,2.949,NTP
KIC_5004909,5004909,1,1,40.6546,164.501,7.737,PC
KIC_5005121,5005121,1,1,76.4227,164.484,7.419,PC
KIC_5022828,5022828,1,1,23.5541,144.214,7.226,PC
KIC_5022943,5022943,1,0,0.637251,131.932,2.198,AFP
KIC_5023338,5023338,1,0,0.563823,131.702,1.028,AFP
KIC_5036491,5036491,2,0,0.736952,132.25,1.957,AFP
KIC_5036493,5036493,1,0,0.736978,131.958,2.253,AFP
KIC_5036493,5036493,2,0,0.736964,132.213,2.316,AFP
KIC_5088591,5088591,1,1,14.5324,140.725,3.206,PC
KIC_5089498,5089498,1,0,0.638747,131.971,2.009,AFP
KIC_5089498,5089498,2,0,0.638725,131.77,2.031,AFP
KIC_5089498,5089498,3,0,0.638726,131.551,2.0,AFP
KIC_5112567,5112567,1,0,1.61589,133.13,0.9016,AFP
KIC_5113053,5113053,1,0,1.59258,131.687,4.785,AFP
KIC_5113146,5113146,1,0,18.7898,143.821,4.128,AFP
KIC_5113557,5113557,1,0,0.867069,132.143,2.53,AFP
KIC_5113557,5113557,2,0,0.867455,132.329,4.693,AFP
KIC_5130890,5130890,2,0,0.910595,132.014,3.304,AFP
KIC_5130983,5130983,1,0,86.4386,144.589,4.664,AFP
KIC_5130983,5130983,2,0,86.4414,200.561,9.723,AFP
KIC_5131180,5131180,1,1,14.8518,133.444,3.483,PC
KIC_5185032,5185032,1,0,0.571134,131.58,2.05,AFP
KIC_5185032,5185032,2,0,0.571141,131.855,2.046,AFP
KIC_5185153,5185153,1,0,3.25178,134.394,12.05,AFP
KIC_5207966,5207966,1,0,0.991955,132.26,0.8484,AFP
KIC_5218441,5218441,1,0,3.61376,131.671,5.577,AFP
KIC_5218618,5218618,1,0,3.43815,134.426,7.313,NTP
KIC_5269411,5269411,1,0,14.095,134.595,16.87,NTP
KIC_5269467,5269467,1,1,33.8679,137.515,3.69,PC
KIC_5287983,5287983,2,0,2.50704,132.152,1.175,AFP
KIC_5288019,5288019,1,0,487.216,204.15,9.69,NTP
KIC_5288071,5288071,2,0,459.301,260.246,3.271,NTP
KIC_5302643,5302643,2,0,0.557895,131.732,1.577,AFP
KIC_5302643,5302643,3,0,0.558327,131.933,1.538,AFP
KIC_5302643,5302643,4,0,0.558661,131.934,2.0,AFP
KIC_5309353,5309353,1,0,1.37637,132.571,1.749,AFP
KIC_5309353,5309353,2,0,1.37636,131.889,1.397,AFP
KIC_5360082,5360082,2,0,11.355,138.872,13.85,AFP
KIC_5360920,5360920,1,1,14.624,144.452,1.96,PC
KIC_5360974,5360974,1,0,29.8041,150.684,2.335,AFP
KIC_5360974,5360974,2,0,29.8044,145.62,4.3,AFP
KIC_4937872,4937872,3,0,2.08167,131.613,2.642,AFP
KIC_4938281,4938281,1,0,1.45145,131.766,4.519,AFP
KIC_4938281,4938281,2,0,1.45165,132.812,1.809,AFP
KIC_4938281,4938281,3,0,1.45148,131.943,9.191,AFP
KIC_4949825,4949825,1,0,1.56409,133.036,4.918,AFP
KIC_4950232,4950232,1,0,0.979436,132.425,1.108,AFP
KIC_5007345,5007345,1,1,7.01071,138.405,2.163,PC
KIC_5007640,5007640,1,0,2.10453,132.896,7.08,AFP
KIC_5007640,5007640,2,0,2.10455,132.265,4.772,AFP
KIC_5023338,5023338,2,0,0.563822,131.944,1.026,AFP
KIC_5023338,5023338,3,0,0.563814,131.547,1.06,AFP
KIC_5023948,5023948,1,0,1.82469,132.866,4.088,AFP
KIC_5036516,5036516,1,0,1.06097,132.564,2.463,AFP
KIC_5036537,5036537,1,0,1.061,132.527,2.237,AFP
KIC_5090286,5090286,1,0,109.197,204.788,14.36,NTP
KIC_5090690,5090690,1,0,12.0117,140.601,3.754,AFP
KIC_5090937,5090937,1,0,1.95571,133.272,11.54,NTP
KIC_5091016,5091016,1,0,5.76566,134.962,2.653,AFP
KIC_5113809,5113809,1,0,1.54737,132.887,4.902,AFP
KIC_5113809,5113809,2,0,1.54755,131.895,4.355,AFP
KIC_5131276,5131276,1,0,0.668848,131.858,1.278,AFP
KIC_5164255,5164255,1,1,15.3756,142.866,3.252,PC
KIC_5164458,5164458,1,0,0.715461,131.784,1.419,NTP
KIC_5185153,5185153,2,0,3.25135,132.826,13.77,AFP
KIC_5185321,5185321,1,0,6.20505,134.571,14.67,AFP
KIC_5185321,5185321,2,0,6.20479,136.731,10.72,AFP
KIC_5185897,5185897,1,1,4.08139,133.862,2.345,PC
KIC_5207966,5207966,2,0,0.995053,131.957,2.281,AFP
KIC_5208962,5208962,1,1,0.876821,131.791,1.207,PC
KIC_5209234,5209234,1,0,1.00305,131.667,1.407,NTP
KIC_5209234,5209234,2,0,0.573186,131.946,1.399,AFP
KIC_5209234,5209234,3,0,0.573179,131.505,2.0,AFP
KIC_5218835,5218835,1,0,2.26499,133.324,5.262,NTP
KIC_5219207,5219207,1,0,0.832336,132.099,1.376,AFP
KIC_5219207,5219207,2,0,0.832336,131.686,1.406,AFP
KIC_5270698,5270698,1,0,3.96433,132.065,4.703,AFP
KIC_5271090,5271090,1,0,10.1552,139.296,1.27,NTP
KIC_5288570,5288570,1,0,1.72851,131.814,3.304,AFP
KIC_5288577,5288577,1,0,1.72848,131.832,3.283,AFP
KIC_5288937,5288937,1,0,0.893249,131.846,2.638,AFP
KIC_5303346,5303346,1,0,37.3248,143.039,7.03,AFP
KIC_5303551,5303551,1,0,2.39909,133.064,3.148,AFP
KIC_5309796,5309796,1,0,1.80851,132.605,3.236,AFP
KIC_5309796,5309796,2,0,1.80848,133.086,4.821,AFP
KIC_5361145,5361145,1,0,0.845829,131.508,3.047,NTP
KIC_5364071,5364071,1,1,7.20385,134.267,2.616,PC
KIC_5364071,5364071,2,1,2.57657,133.48,1.669,PC
KIC_5364071,5364071,3,1,10.9128,137.114,3.066,PC
KIC_4938893,4938893,1,0,0.589761,131.699,1.875,NTP
KIC_4951030,4951030,1,0,0.501955,131.734,1.2,AFP
KIC_4951030,4951030,2,0,0.502028,131.873,1.501,AFP
KIC_4951030,4951030,3,0,0.502021,131.539,1.5,AFP
KIC_5008245,5008245,1,1,2.60727,131.83,2.649,PC
KIC_5008501,5008501,1,0,0.968015,131.76,1.027,AFP
KIC_5023956,5023956,1,0,1.82464,132.887,3.602,AFP
KIC_5024126,5024126,1,0,0.787133,131.725,0.9754,AFP
KIC_5024138,5024138,1,0,0.833986,132.215,1.12,AFP
KIC_5024138,5024138,2,0,0.833927,131.823,1.089,AFP
KIC_5036705,5036705,1,1,4.14785,135.539,3.587,PC
KIC_5036761,5036761,1,0,0.738585,131.958,2.386,AFP
KIC_5036761,5036761,2,0,0.738645,131.786,2.825,AFP
KIC_5091075,5091075,1,0,1.25632,131.69,2.296,NTP
KIC_5091614,5091614,1,0,21.1425,138.392,5.165,AFP
KIC_5091614,5091614,2,0,21.1425,150.904,4.867,AFP
KIC_5092266,5092266,1,1,44.87,141.118,4.049,PC
KIC_5113822,5113822,1,1,23.6415,148.961,5.986,PC
KIC_5113822,5113822,2,1,67.0933,146.568,7.206,PC
KIC_5114470,5114470,1,0,459.253,260.34,3.577,NTP
KIC_5114623,5114623,1,0,389.278,284.647,13.37,AFP
KIC_5115178,5115178,1,0,12.8517,132.84,5.688,AFP
KIC_5167392,5167392,1,0,2.20427,132.873,1.71,NTP
KIC_5167392,5167392,2,0,1.10213,131.54,2.014,AFP
KIC_5167392,5167392,3,0,1.10211,131.999,3.048,AFP
KIC_5185897,5185897,2,1,6.8344,136.861,2.218,PC
KIC_5185897,5185897,3,1,11.4194,142.118,3.215,PC
KIC_5209712,5209712,1,0,0.566852,131.987,1.823,AFP
KIC_5209712,5209712,2,0,0.566872,131.707,1.733,AFP
KIC_5209845,5209845,1,1,11.9539,140.272,2.834,PC
KIC_5219234,5219234,1,1,5.4871,136.595,2.771,PC
KIC_5219234,5219234,2,1,8.29089,135.78,3.11,PC
KIC_5219234,5219234,3,1,3.2053,133.482,2.229,PC
KIC_5219234,5219234,4,1,16.7386,141.816,2.364,PC
KIC_5271224,5271224,1,0,2.30003,132.432,7.311,NTP
KIC_5271224,5271224,2,0,3.451,131.858,7.068,AFP
KIC_5271224,5271224,3,0,3.4515,133.856,8.241,AFP
KIC_5271224,5271224,4,0,6.90132,136.092,7.135,NTP
KIC_5288937,5288937,2,0,0.893272,132.286,2.335,AFP
KIC_5289854,5289854,1,1,9.69493,133.983,2.692,PC
KIC_5289854,5289854,2,1,15.3825,139.08,3.772,PC
KIC_5289857,5289857,1,0,26.5246,156.168,2.591,AFP
KIC_5303557,5303557,1,0,2.39908,133.061,2.598,AFP
KIC_5304184,5304184,1,0,1.8046,132.356,5.889,AFP
KIC_5304184,5304184,2,0,1.80458,132.982,6.259,AFP
KIC_5310172,5310172,1,0,0.692996,132.125,2.544,NTP
KIC_5310172,5310172,2,0,0.73016,132.224,2.727,NTP
KIC_5364071,5364071,4,1,18.5961,141.267,2.361,PC
KIC_5369827,5369827,1,1,3.60693,134.777,1.022,PC
KIC_5370023,5370023,1,0,5.92226,134.512,8.692,AFP
KIC_5370023,5370023,2,0,5.92262,131.935,12.45,AFP
KIC_4939346,4939346,1,1,71.3117,132.389,8.805,PC
KIC_4939346,4939346,2,1,34.9179,157.621,8.376,PC
KIC_4939533,4939533,1,1,5.77216,134.923,2.592,PC
KIC_4951249,4951249,1,0,4.52345,135.46,2.042,AFP
KIC_4951447,4951447,1,0,1.62035,133.142,1.987,AFP
KIC_4951447,4951447,2,0,1.62042,132.319,1.971,AFP
KIC_5008954,5008954,1,0,1.77456,133.097,1.74,NTP
KIC_5008954,5008954,2,0,2.34142,132.885,6.645,AFP
KIC_5008954,5008954,3,0,2.34145,133.431,5.183,AFP
KIC_5024177,5024177,1,0,0.787048,131.773,1.063,AFP
KIC_5024177,5024177,2,0,0.787062,132.155,1.062,AFP
KIC_5024252,5024252,1,0,2.15044,132.346,3.808,AFP
KIC_5024268,5024268,1,0,2.15054,132.315,3.546,AFP
KIC_5036966,5036966,1,0,62.7357,152.219,10.82,AFP
KIC_5036966,5036966,2,0,62.7348,191.614,12.15,AFP
KIC_5037568,5037568,1,0,5.82929,136.609,13.31,NTP
KIC_5092655,5092655,1,0,0.783245,131.757,1.818,AFP
KIC_5115178,5115178,2,0,12.8517,137.553,5.595,AFP
KIC_5115379,5115379,1,0,4.20622,132.235,12.19,NTP
KIC_5115607,5115607,1,0,10.8441,135.85,15.13,NTP
KIC_5171493,5171493,1,0,0.842273,131.745,3.258,AFP
KIC_5171493,5171493,2,0,0.842257,132.044,2.003,AFP
KIC_5192090,5192090,2,0,1.14739,132.157,1.975,NTP
KIC_5193077,5193077,1,0,22.2944,146.444,1.876,AFP
KIC_5193384,5193384,1,0,21.379,147.163,15.0,AFP
KIC_5193384,5193384,2,0,21.3783,136.426,21.95,AFP
KIC_5193386,5193386,1,0,21.3783,147.204,25.59,AFP
KIC_5209910,5209910,1,0,0.76466,131.963,2.343,AFP
KIC_5209910,5209910,2,0,0.764641,132.135,1.865,AFP
KIC_5210475,5210475,1,0,1.0089,131.897,1.47,AFP
KIC_5219533,5219533,1,0,0.549111,131.655,1.397,AFP
KIC_5219533,5219533,2,0,0.549106,131.929,1.599,AFP
KIC_5219533,5219533,3,0,0.559798,131.701,2.0,AFP
KIC_5271608,5271608,1,0,2.49046,133.448,2.026,AFP
KIC_5289959,5289959,1,0,459.146,260.334,17.53,NTP
KIC_5294571,5294571,1,0,0.9219,132.141,5.006,AFP
KIC_5294571,5294571,2,0,0.920901,132.084,2.502,AFP
KIC_5294571,5294571,3,0,0.926258,132.052,1.523,AFP
KIC_5304634,5304634,1,0,2.31269,132.834,6.848,NTP
KIC_5310857,5310857,1,0,3.17396,134.625,6.004,AFP
KIC_5310857,5310857,2,0,3.17433,133.473,9.541,AFP
KIC_5339567,5339567,1,1,4.86642,134.015,2.333,PC
KIC_5370023,5370023,3,0,2.96098,133.233,7.594,NTP
KIC_5370302,5370302,1,0,3.90435,134.349,3.816,AFP
KIC_5370302,5370302,2,0,3.90436,132.392,3.444,AFP
KIC_4940092,4940092,1,0,1.74328,132.627,6.188,NTP
KIC_4940226,4940226,1,0,1.66814,131.895,6.501,NTP
KIC_4951877,4951877,1,1,24.7963,145.528,8.337,PC
KIC_4952259,4952259,1,0,3.78677,134.921,5.257,AFP
KIC_5008954,5008954,4,0,2.54213,134.027,5.911,NTP
KIC_5008954,5008954,5,0,1.47475,131.676,4.768,NTP
KIC_5009189,5009189,1,0,4.93915,135.047,1.127,AFP
KIC_5024292,5024292,1,0,2.15051,132.308,3.5,NTP
KIC_5024414,5024414,1,0,1.52591,132.703,1.876,AFP
KIC_5024450,5024450,1,0,1.52593,132.694,2.97,AFP
KIC_5037568,5037568,2,0,3.88652,133.108,12.19,NTP
KIC_5093223,5093223,1,0,368.249,460.56,3.865,NTP
KIC_5094301,5094301,1,0,0.995182,132.473,2.27,AFP
KIC_5094301,5094301,2,0,0.99523,131.965,1.53,AFP
KIC_5094412,5094412,1,1,276.883,176.52,2.836,PC
KIC_5115607,5115607,2,0,5.42171,132.609,12.85,NTP
KIC_5115637,5115637,2,0,1.66916,132.741,4.113,NTP
KIC_5174492,5174492,2,0,0.720588,131.997,2.587,AFP
KIC_5193386,5193386,2,0,21.3783,136.425,21.64,AFP
KIC_5193400,5193400,1,0,10.6887,136.362,6.439,AFP
KIC_5193659,5193659,1,1,14.3195,134.174,3.552,PC
KIC_5211199,5211199,1,1,4.56202,132.646,2.742,PC
KIC_5211199,5211199,2,1,6.68236,132.187,3.357,PC
KIC_5272233,5272233,1,1,9.0244,133.54,3.133,PC
KIC_5272233,5272233,2,1,17.3409,138.969,3.433,PC
KIC_5272524,5272524,1,0,3.76861,133.173,11.46,NTP
KIC_5272571,5272571,1,0,1.28796,132.048,3.899,AFP
KIC_5294945,5294945,1,1,32.5473,133.677,6.862,PC
KIC_5295670,5295670,1,0,3.77231,133.059,12.12,NTP
KIC_5304634,5304634,2,0,143.255,218.95,4.601,NTP
KIC_5304819,5304819,1,0,0.690237,132.044,2.02,AFP
KIC_5304819,5304819,2,0,0.690271,131.693,2.333,AFP
KIC_5340644,5340644,1,1,8.22241,131.845,2.709,PC
KIC_5340878,5340878,1,1,0.539914,131.554,1.133,PC
KIC_5342061,5342061,1,1,64.0349,159.038,9.054,PC
KIC_5342473,5342473,1,1,4.64494,136.024,3.314,PC
KIC_5370646,5370646,1,0,1.01611,132.111,3.463,AFP
KIC_5370646,5370646,2,0,1.01609,131.601,1.887,AFP
KIC_5371013,5371013,1,0,459.21,260.401,1.911,NTP
KIC_5371090,5371090,1,0,1.19183,131.594,6.089,AFP
KIC_4940438,4940438,1,0,9.08591,136.652,1.504,AFP
KIC_4940438,4940438,2,0,9.08605,136.435,7.728,AFP
KIC_4944828,4944828,1,0,0.909547,131.699,3.691,NTP
KIC_4945035,4945035,1,0,1.17468,131.837,1.488,AFP
KIC_4952259,4952259,2,0,3.78673,132.436,5.658,AFP
KIC_4952259,4952259,3,0,0.946939,132.043,7.259,NTP
KIC_4952341,4952341,1,0,3.59368,134.822,4.967,AFP
KIC_5009189,5009189,2,0,4.93913,133.124,0.9953,AFP
KIC_5009743,5009743,1,1,41.698,169.575,5.639,PC
KIC_5010302,5010302,1,0,1.6326,132.452,3.034,AFP
KIC_5024482,5024482,1,0,1.5259,132.704,1.693,AFP
KIC_5025217,5025217,1,0,1.7875,132.469,5.685,AFP
KIC_5025217,5025217,2,0,1.78762,131.542,4.105,AFP
KIC_5038443,5038443,1,0,1.95849,132.19,3.854,NTP
KIC_5038469,5038469,3,0,0.761764,132.074,2.087,NTP
KIC_5094751,5094751,1,1,6.48163,135.942,3.873,PC
KIC_5094751,5094751,2,1,21.2226,137.574,6.693,PC
KIC_5115778,5115778,1,0,3.52617,132.781,10.86,NTP
KIC_5119143,5119143,2,0,0.599995,131.564,1.98,NTP
KIC_5119143,5119143,3,0,3.47341,133.927,3.361,NTP
KIC_5174492,5174492,3,0,0.720586,131.632,2.569,AFP
KIC_5174677,5174677,1,1,43.5428,150.424,3.573,PC
KIC_5174858,5174858,1,1,7.97091,134.057,1.331,PC
KIC_5193735,5193735,1,0,327.354,196.421,15.9,NTP
KIC_5195172,5195172,1,0,1.48029,132.889,2.52,AFP
KIC_5195945,5195945,1,0,14.5367,132.372,2.998,AFP
KIC_5211922,5211922,1,0,27.6853,132.704,4.091,AFP
KIC_5212220,5212220,1,0,1.08748,131.777,1.194,AFP
KIC_5212696,5212696,1,0,1.30663,131.935,1.779,AFP
KIC_5220201,5220201,1,0,0.566669,131.862,2.164,AFP
KIC_5220201,5220201,2,0,0.56666,131.604,2.343,AFP
KIC_5272673,5272673,1,0,0.825096,131.521,2.045,AFP
KIC_5272673,5272673,2,0,0.825059,131.832,1.091,AFP
KIC_5296455,5296455,1,0,2.94937,133.664,5.677,NTP
KIC_5305128,5305128,1,0,3.13236,133.859,12.9,AFP
KIC_5305128,5305128,2,0,3.13192,132.161,7.043,AFP
KIC_5305148,5305148,1,0,572.766,131.511,7.5,NTP
KIC_5371492,5371492,1,0,4.06701,133.787,13.49,AFP
KIC_5371492,5371492,2,0,4.06687,131.927,14.04,AFP
KIC_5371776,5371776,1,1,3.2957,133.966,1.817,PC
KIC_4945107,4945107,1,0,0.571362,131.703,2.152,AFP
KIC_4945107,4945107,2,0,0.571366,131.993,2.189,AFP
KIC_4952341,4952341,2,0,5.46139,135.371,9.466,AFP
KIC_4952341,4952341,3,0,5.46152,134.182,9.237,AFP
KIC_4952608,4952608,1,0,0.591074,132.048,1.708,AFP
KIC_4952608,4952608,2,0,0.591072,131.914,1.643,AFP
KIC_5010302,5010302,2,0,1.63268,131.785,4.543,AFP
KIC_5014753,5014753,1,0,3.17062,134.002,2.702,AFP
KIC_5014753,5014753,2,0,3.17063,132.414,2.139,AFP
KIC_5014903,5014903,1,0,7.72765,136.199,1.945,AFP
KIC_5025234,5025234,1,0,3.55404,133.808,5.757,NTP
KIC_5025234,5025234,2,0,1.77588,131.834,5.086,NTP
KIC_5025294,5025294,1,0,5.46269,134.265,3.224,AFP
KIC_5038493,5038493,1,0,7.92626,135.892,14.96,AFP
KIC_5038493,5038493,2,0,7.92536,134.409,16.28,AFP
KIC_5039129,5039129,1,0,1.31963,132.084,2.112,AFP
KIC_5039228,5039228,1,1,7.7967,134.419,4.925,PC
KIC_5095082,5095082,1,1,20.6577,145.656,8.217,PC
KIC_5119619,5119619,1,0,1.11205,132.019,1.614,AFP
KIC_5120087,5120087,1,1,17.9798,146.285,5.874,PC
KIC_5120165,5120165,1,0,0.795061,131.861,2.488,AFP
KIC_5174920,5174920,1,0,0.950478,131.753,2.71,AFP
KIC_5174920,5174920,2,0,0.950471,132.221,2.941,AFP
KIC_5175024,5175024,1,1,23.4775,145.349,7.268,PC
KIC_5175986,5175986,1,0,0.868379,132.07,1.157,AFP
KIC_5196646,5196646,1,0,1.0424,131.737,3.466,AFP
KIC_5196646,5196646,2,0,1.04243,132.209,2.266,AFP
KIC_5196787,5196787,1,0,0.827365,132.305,1.615,AFP
KIC_5212696,5212696,2,0,1.30665,132.41,1.396,AFP
KIC_5212696,5212696,3,0,1.30665,132.738,1.413,AFP
KIC_5212962,5212962,1,0,1.55858,132.133,5.133,NTP
KIC_5220762,5220762,1,0,3.35029,133.105,11.96,NTP
KIC_5220979,5220979,1,0,4.61007,134.084,14.66,AFP
KIC_5220979,5220979,2,0,4.60951,131.816,11.52,AFP
KIC_5252423,5252423,1,1,8.10363,136.431,3.218,PC
KIC_5272673,5272673,3,0,0.825136,132.057,2.746,AFP
KIC_5272878,5272878,1,1,6.36583,132.942,2.928,PC
KIC_5273625,5273625,1,0,1.36139,132.479,4.617,NTP
KIC_5296692,5296692,2,0,2.13707,133.398,3.5,AFP
KIC_5296692,5296692,3,0,2.13701,132.195,3.0,AFP
KIC_5297298,5297298,1,0,34.1936,155.297,5.456,AFP
KIC_5305404,5305404,1,0,161.253,189.104,23.4,AFP
KIC_5305404,5305404,2,0,161.264,216.366,47.41,AFP
KIC_5350244,5350244,1,1,12.5722,143.07,4.753,PC
KIC_5350447,5350447,1,0,70.752,175.363,6.132,AFP
KIC_5371776,5371776,2,1,9.65349,134.856,3.147,PC
KIC_5371776,5371776,3,1,5.31597,132.427,1.096,PC
KIC_5371776,5371776,4,1,1.49914,131.571,1.433,PC
KIC_5371777,5371777,1,1,0.991628,131.556,2.109,PC
KIC_4945285,4945285,1,0,12.6937,143.0,14.93,NTP
KIC_4945346,4945346,1,0,0.594193,132.039,1.987,AFP
KIC_4945346,4945346,2,0,0.594176,131.608,1.725,AFP
KIC_4945547,4945547,1,0,0.564519,131.941,3.015,AFP
KIC_5015459,5015459,1,1,158.322,251.752,1.698,PC
KIC_5015913,5015913,1,0,1.17996,132.205,1.411,AFP
KIC_5016163,5016163,1,0,2.62285,131.852,4.5,AFP
KIC_5025294,5025294,2,0,5.46269,136.312,4.048,AFP
KIC_5025294,5025294,3,0,663.637,137.642,6.825,NTP
KIC_5025464,5025464,1,0,1.65823,132.703,4.465,NTP
KIC_5039441,5039441,1,0,2.15139,133.108,3.311,AFP
KIC_5039441,5039441,2,0,2.15139,132.027,2.5,AFP
KIC_5040077,5040077,1,1,0.89639,132.292,1.274,PC
KIC_5095635,5095635,1,1,0.754465,131.961,1.096,PC
KIC_5096053,5096053,1,1,1.71785,132.931,1.041,PC
KIC_5120165,5120165,2,0,0.795136,132.187,3.584,AFP
KIC_5120225,5120225,2,0,1.04156,132.076,1.125,AFP
KIC_5120225,5120225,3,0,1.04158,131.655,1.287,AFP
KIC_5176531,5176531,1,0,0.805491,131.78,1.775,AFP
KIC_5176531,5176531,2,0,0.805496,131.933,1.477,AFP
KIC_5196787,5196787,3,0,0.837949,132.261,2.082,AFP
KIC_5196851,5196851,1,0,0.552765,132.062,3.843,AFP
KIC_5196851,5196851,2,0,0.541418,131.576,1.38,AFP
KIC_5196864,5196864,1,0,2.50342,131.947,1.109,AFP
KIC_5212962,5212962,2,0,2.10621,132.914,6.272,AFP
KIC_5212962,5212962,3,0,2.10599,131.518,7.5,AFP
KIC_5212962,5212962,4,0,2.10606,131.97,5.712,AFP
KIC_5213157,5213157,1,0,2.12626,133.409,6.869,NTP
KIC_5252423,5252423,2,1,4.7151,134.961,2.629,PC
KIC_5253740,5253740,1,0,0.626689,132.083,2.065,AFP
KIC_5273973,5273973,1,0,13.4728,131.713,8.853,NTP
KIC_5280587,5280587,1,1,35.6222,141.46,5.263,PC
KIC_5280983,5280983,1,0,3.69125,133.906,5.824,NTP
KIC_5281113,5281113,1,1,11.1793,131.641,3.218,PC
KIC_5297343,5297343,1,0,2.12268,132.917,7.4,AFP
KIC_5297343,5297343,2,0,2.12267,131.825,7.973,AFP
KIC_5297681,5297681,1,0,0.568494,131.635,0.66,AFP
KIC_5297681,5297681,2,0,0.568494,132.035,1.132,AFP
KIC_5305451,5305451,1,0,161.254,189.098,24.18,AFP
KIC_5305471,5305471,1,0,161.254,189.102,23.37,AFP
KIC_5350447,5350447,2,0,70.7536,134.132,5.431,AFP
KIC_5350598,5350598,1,0,0.743161,132.174,2.346,AFP
KIC_5350598,5350598,2,0,0.743197,131.666,2.075,AFP
KIC_5351250,5351250,1,1,7.382,136.161,3.126,PC
KIC_5371796,5371796,1,0,459.374,260.088,3.289,NTP
KIC_5372141,5372141,1,0,6.48925,132.369,15.0,AFP
KIC_5372141,5372141,2,0,6.48896,137.533,14.87,AFP
KIC_4945764,4945764,1,1,19.8751,148.395,7.833,PC
KIC_4945764,4945764,3,0,0.795978,132.276,1.543,AFP
KIC_4945764,4945764,4,0,0.796051,131.845,3.0,AFP
KIC_4954074,4954074,1,0,0.626317,131.857,1.477,AFP
KIC_4954074,4954074,2,0,0.626381,132.129,2.112,AFP
KIC_4989057,4989057,1,1,7.23404,137.674,2.168,PC
KIC_4989879,4989879,1,0,3.77115,134.496,7.744,AFP
KIC_5019101,5019101,3,0,6.38668,134.829,11.01,NTP
KIC_5026326,5026326,1,0,1.39772,132.344,3.055,AFP
KIC_5027441,5027441,1,0,1.83918,132.835,5.981,NTP
KIC_5040223,5040223,1,0,0.995976,132.192,2.119,AFP
KIC_5041569,5041569,1,1,2.53542,132.226,5.514,PC
KIC_5042210,5042210,1,1,12.1468,131.552,6.295,PC
KIC_5042785,5042785,1,0,1.67476,132.775,5.665,NTP
KIC_5096095,5096095,1,0,383.973,411.143,10.02,NTP
KIC_5096590,5096590,1,1,29.6093,137.337,5.986,PC
KIC_5097278,5097278,1,0,0.766891,132.174,1.469,AFP
KIC_5097278,5097278,2,0,0.766889,131.716,1.451,AFP
KIC_5177065,5177065,1,0,3.13502,133.271,11.45,AFP
KIC_5177065,5177065,2,0,3.13526,134.146,7.878,AFP
KIC_5177065,5177065,3,0,1.25368,132.694,3.052,NTP
KIC_5177104,5177104,1,1,3.02167,133.476,2.774,PC
KIC_5197233,5197233,1,1,7.01607,133.951,3.69,PC
KIC_5198246,5198246,1,0,3.5733,133.793,7.38,NTP
KIC_5213221,5213221,1,0,1.76587,132.706,2.241,NTP
KIC_5253740,5253740,3,0,0.626728,131.758,2.029,AFP
KIC_5253802,5253802,1,1,8.79647,134.31,4.196,PC
KIC_5254230,5254230,1,0,7.03557,137.945,2.509,AFP
KIC_5281281,5281281,1,0,2.9729,132.74,7.41,NTP
KIC_5281619,5281619,1,0,6.25006,133.515,13.87,AFP
KIC_5297681,5297681,3,0,0.5685,131.792,0.6816,AFP
KIC_5298466,5298466,1,0,1.1713,132.369,3.035,AFP
KIC_5298466,5298466,2,0,1.17136,131.659,3.148,AFP
KIC_5306383,5306383,1,0,0.842307,131.754,1.224,AFP
KIC_5351250,5351250,2,1,12.5609,141.676,3.752,PC
KIC_5351250,5351250,3,1,30.826,153.02,5.767,PC
KIC_5351250,5351250,4,1,3.42802,132.373,2.38,PC
KIC_5372348,5372348,1,0,0.688495,131.974,2.251,AFP
KIC_5372348,5372348,2,0,0.688459,131.717,2.637,AFP
KIC_5372966,5372966,1,0,9.28636,134.676,3.54,AFP
KIC_5373377,5373377,1,0,1.32809,132.866,5.709,AFP
KIC_4945877,4945877,1,0,1.33968,132.167,1.763,AFP
KIC_4946049,4946049,1,0,1.87883,133.1,3.372,AFP
KIC_4946581,4946581,1,1,28.6223,147.653,39.46,PC
KIC_4989879,4989879,2,0,3.77138,133.629,8.736,AFP
KIC_4990101,4990101,1,0,420.24,224.087,2.492,NTP
KIC_5019234,5019234,1,0,0.566897,131.673,1.373,AFP
KIC_5019234,5019234,2,0,0.566935,131.931,1.668,AFP
KIC_5019567,5019567,1,0,1.17436,131.683,3.483,AFP
KIC_5027859,5027859,1,1,33.3723,153.607,3.377,PC
KIC_5031804,5031804,2,0,1.37363,132.153,5.367,AFP
KIC_5042785,5042785,2,0,0.837342,131.548,2.372,NTP
KIC_5077629,5077629,1,0,7.91937,132.584,3.344,AFP
KIC_5077629,5077629,2,0,7.91917,136.562,2.911,AFP
KIC_5097454,5097454,1,0,1.28816,131.946,2.866,AFP
KIC_5097470,5097470,1,0,1.28806,131.99,3.147,AFP
KIC_5097868,5097868,1,0,6.80256,132.396,2.668,AFP
KIC_5098444,5098444,1,0,26.9492,151.02,10.37,AFP
KIC_5121511,5121511,1,1,30.9966,160.789,2.906,PC
KIC_5122112,5122112,1,0,3.05517,134.437,1.618,AFP
KIC_5122112,5122112,2,0,3.05517,132.932,1.111,AFP
KIC_5177859,5177859,1,1,6.98473,135.998,2.551,PC
KIC_5179328,5179328,1,0,0.671538,131.597,4.278,NTP
KIC_5179609,5179609,1,0,43.9311,134.214,12.92,AFP
KIC_5199426,5199426,1,0,78.6044,143.995,4.676,AFP
KIC_5199772,5199772,1,0,3.1496,133.411,7.766,NTP
KIC_5213230,5213230,1,1,52.6083,158.629,8.888,PC
KIC_5213404,5213404,1,1,20.7059,139.969,8.851,PC
KIC_5213902,5213902,1,0,1.1948,132.189,1.36,AFP
KIC_5254230,5254230,2,0,7.03536,134.397,2.496,AFP
KIC_5255552,5255552,1,0,32.4561,137.596,7.46,AFP
KIC_5255552,5255552,2,0,32.466,155.629,10.5,AFP
KIC_5255939,5255939,1,0,1.52011,133.05,2.312,NTP
KIC_5281619,5281619,2,0,6.24905,136.152,13.36,AFP
KIC_5281619,5281619,3,0,3.12503,131.515,12.21,NTP
KIC_5282049,5282049,1,0,5.91037,135.691,3.894,AFP
KIC_5282049,5282049,2,0,2.95529,132.709,3.672,AFP
KIC_5298620,5298620,1,0,12.4245,141.626,16.5,AFP
KIC_5299459,5299459,1,1,10.4157,132.631,2.759,PC
KIC_5299459,5299459,2,1,13.0843,132.63,3.086,PC
KIC_5306383,5306383,2,0,0.842339,132.16,1.159,AFP
KIC_5306631,5306631,1,0,4.6986,132.438,15.01,NTP
KIC_5306720,5306720,1,0,27.3644,143.462,3.504,AFP
KIC_5351540,5351540,1,0,1.1116,131.759,2.623,NTP
KIC_5352640,5352640,1,1,2.94243,133.861,1.516,PC
KIC_5373377,5373377,2,0,1.32821,131.972,3.759,AFP
KIC_4946627,4946627,1,0,0.561279,131.573,1.4,NTP
KIC_4946680,4946680,1,0,8.66531,132.213,2.17,AFP
KIC_4946680,4946680,2,0,8.66526,135.909,3.089,AFP
KIC_4946956,4946956,1,0,0.508122,131.712,1.678,AFP
KIC_4990977,4990977,1,0,2.64903,133.38,2.446,AFP
KIC_4990977,4990977,2,0,2.64902,132.056,2.306,AFP
KIC_4991208,4991208,1,1,2.44357,132.808,1.867,PC
KIC_5019567,5019567,2,0,1.17439,132.273,3.146,AFP
KIC_5020034,5020034,1,0,2.11908,132.6,4.765,AFP
KIC_5020044,5020044,1,0,2.11906,132.604,3.741,AFP
KIC_5031804,5031804,3,0,1.37348,131.515,1.984,AFP
KIC_5031857,5031857,1,1,24.8121,131.668,3.904,PC
KIC_5031857,5031857,2,1,7.13699,131.743,2.527,PC
KIC_5078025,5078025,1,0,0.6963,131.52,2.311,AFP
KIC_5078025,5078025,2,0,0.696274,131.883,2.156,AFP
KIC_5078939,5078939,1,0,1.95859,132.261,2.161,AFP
KIC_5098444,5098444,2,0,26.9492,141.29,20.06,AFP
KIC_5098757,5098757,1,0,2.95493,134.279,8.488,AFP
KIC_5098757,5098757,2,0,2.95474,132.837,5.014,AFP
KIC_5123246,5123246,1,0,0.707784,131.922,2.166,AFP
KIC_5123246,5123246,2,0,0.707814,131.541,2.849,AFP
KIC_5123624,5123624,1,0,0.935601,132.377,0.8627,AFP
KIC_6286155,6286155,2,0,14.5417,144.276,8.386,AFP
KIC_6286161,6286161,1,0,14.5418,137.58,4.5,AFP
KIC_6286161,6286161,2,0,14.5418,144.27,8.982,AFP
KIC_6301745,6301745,3,0,0.675135,131.533,2.007,AFP
KIC_6301745,6301745,4,0,0.675152,131.842,2.0,AFP
KIC_6302589,6302589,1,0,0.52805,131.855,1.473,NTP
KIC_6302589,6302589,2,0,1.97144,131.802,3.888,AFP
KIC_6314185,6314185,1,0,1.43326,132.822,3.596,AFP
KIC_6314185,6314185,2,0,1.43328,132.089,1.5,AFP
KIC_6359802,6359802,4,0,463.906,166.282,7.951,NTP
KIC_6359926,6359926,1,1,49.4748,166.139,10.38,PC
KIC_6362386,6362386,1,0,4.5924,133.14,4.939,AFP
KIC_6372194,6372194,1,1,281.592,261.819,5.677,PC
KIC_6372268,6372268,1,0,5.21988,133.617,4.561,AFP
KIC_6372268,6372268,2,0,5.22003,133.865,4.789,AFP
KIC_6372268,6372268,3,0,5.21997,136.517,2.0,AFP
KIC_6372320,6372320,1,0,0.835882,131.77,3.293,AFP
KIC_6387542,6387542,1,1,2.53475,132.683,4.181,PC
KIC_6387557,6387557,1,1,103.722,176.08,5.983,PC
KIC_6387591,6387591,1,0,1.13481,132.43,3.501,AFP
KIC_6387591,6387591,2,0,1.13481,132.217,2.153,AFP
KIC_6424561,6424561,1,1,6.67166,131.926,2.872,PC
KIC_6425135,6425135,1,0,1.01543,131.905,2.549,NTP
KIC_6425597,6425597,1,0,29.1191,138.501,3.432,AFP
KIC_6442340,6442340,2,1,7.78202,133.587,3.873,PC
KIC_6442340,6442340,3,1,23.4431,152.006,5.536,PC
KIC_6442377,6442377,1,1,30.2291,134.522,6.504,PC
KIC_6442735,6442735,1,1,18.7825,147.834,5.324,PC
KIC_6452607,6452607,1,0,4.16456,135.413,7.981,AFP
KIC_6452607,6452607,2,0,4.16496,132.054,3.16,AFP
KIC_6452607,6452607,3,0,1.0411,131.999,5.051,NTP
KIC_6469690,6469690,2,0,3.28021,131.598,9.153,AFP
KIC_6469690,6469690,3,0,3.28052,133.659,5.553,AFP
KIC_6122790,6122790,2,0,1.11905,132.283,2.295,AFP
KIC_6123324,6123324,3,0,0.554095,132.061,1.32,AFP
KIC_6141503,6141503,2,0,1.41677,132.428,5.631,AFP
KIC_6141725,6141725,1,0,0.610387,131.79,2.023,NTP
KIC_6142862,6142862,1,0,5.3346,133.432,2.635,AFP
KIC_6183478,6183478,2,0,0.59036,131.592,1.965,AFP
KIC_6183511,6183511,1,1,0.727343,131.64,1.212,PC
KIC_6184298,6184298,1,0,1.41936,132.476,5.833,NTP
KIC_6184894,6184894,1,1,7.20281,135.196,2.803,PC
KIC_6206125,6206125,2,0,0.86004,131.545,3.0,AFP
KIC_6206125,6206125,3,0,0.860049,131.811,2.204,AFP
KIC_6206143,6206143,1,0,0.63306,131.735,2.04,NTP
KIC_6206214,6206214,1,1,13.5397,143.149,4.207,PC
KIC_6225475,6225475,1,0,10.94,141.476,15.7,NTP
KIC_6226290,6226290,1,1,14.0883,137.345,4.283,PC
KIC_6263593,6263593,2,0,459.329,260.167,4.036,NTP
KIC_6264750,6264750,1,1,53.2858,172.294,6.439,PC
KIC_6265665,6265665,1,1,44.2022,163.204,4.775,PC
KIC_6287313,6287313,1,1,10.6279,137.819,4.566,PC
KIC_6287517,6287517,1,0,1.73654,131.975,5.877,NTP
KIC_6287517,6287517,2,0,1.8581,131.819,5.078,NTP
KIC_6302589,6302589,3,0,1.97157,132.423,4.029,AFP
KIC_6302655,6302655,1,0,3.47116,132.266,4.637,AFP
KIC_6302655,6302655,2,0,1.73551,132.445,3.825,NTP
KIC_6302655,6302655,3,0,3.47106,133.844,3.841,AFP
KIC_6341932,6341932,1,0,1.45542,131.776,2.944,NTP
KIC_6342333,6342333,1,1,80.2316,162.399,3.995,PC
KIC_6342398,6342398,1,0,1.21077,132.299,5.613,NTP
KIC_6362874,6362874,1,1,0.974865,132.102,1.42,PC
KIC_6363494,6363494,1,0,0.907818,131.911,2.971,AFP
KIC_6363560,6363560,1,0,0.907775,131.933,1.909,AFP
KIC_6372320,6372320,2,0,0.835929,132.14,3.391,AFP
KIC_6372633,6372633,1,0,1.05305,131.635,1.364,AFP
KIC_6372633,6372633,2,0,1.05341,131.685,3.612,AFP
KIC_6387819,6387819,1,0,11.2448,136.619,15.9,AFP
KIC_6387819,6387819,2,0,5.62234,134.788,15.84,NTP
KIC_6387819,6387819,3,0,11.2452,137.662,4.261,AFP
KIC_6387887,6387887,1,0,0.650694,131.836,0.955,AFP
KIC_6425957,6425957,1,1,2.75563,132.268,1.785,PC
KIC_6425957,6425957,2,1,20.3065,132.045,2.74,PC
KIC_6426158,6426158,1,0,0.973112,132.064,2.33,AFP
KIC_6443093,6443093,1,1,389.315,351.364,5.144,PC
KIC_6443122,6443122,1,0,1.62257,133.053,6.383,AFP
KIC_6443122,6443122,2,0,1.62117,133.211,5.848,AFP
KIC_6452742,6452742,2,0,1.3758,132.343,2.612,NTP
KIC_6452742,6452742,3,0,4.1256,135.559,7.325,NTP
KIC_6070714,6070714,1,0,0.53486,131.577,1.544,AFP
KIC_6070714,6070714,2,0,0.535638,131.505,2.0,AFP
KIC_6071684,6071684,1,0,0.987208,132.105,1.498,AFP
KIC_6071684,6071684,2,0,0.987204,131.618,1.187,AFP
KIC_6123324,6123324,4,0,0.554037,131.697,2.0,AFP
KIC_6124426,6124426,1,0,0.591122,131.976,1.774,AFP
KIC_6124512,6124512,1,1,8.38392,134.416,5.068,PC
KIC_6142919,6142919,3,0,2.91037,133.824,5.803,NTP
KIC_6143316,6143316,1,0,3.19863,132.667,8.597,NTP
KIC_6185331,6185331,1,1,49.7701,159.986,10.09,PC
KIC_6185496,6185496,1,0,0.949268,132.015,1.196,AFP
KIC_6206470,6206470,1,0,1.8045,132.442,2.243,AFP
KIC_6206559,6206559,1,0,1.24531,132.236,2.73,AFP
KIC_6206627,6206627,1,0,1.20927,132.015,2.725,NTP
KIC_6206627,6206627,2,0,0.522239,131.928,1.308,AFP
KIC_6226293,6226293,2,0,0.805693,132.133,2.617,AFP
KIC_6226293,6226293,3,0,0.805734,131.688,3.0,AFP
KIC_6226908,6226908,1,1,19.5972,135.27,4.119,PC
KIC_6265792,6265792,1,1,0.935126,132.195,1.416,PC
KIC_6302655,6302655,4,0,3.47124,131.914,2.986,AFP
KIC_6302655,6302655,5,0,0.595417,131.555,2.0,NTP
KIC_6302903,6302903,1,0,4.00568,132.439,9.061,AFP
KIC_6302903,6302903,2,0,4.00535,134.616,8.462,AFP
KIC_6342566,6342566,1,0,315.963,206.02,4.927,NTP
KIC_6343170,6343170,1,1,9.95661,136.588,3.075,PC
KIC_6343576,6343576,1,0,6.39903,134.714,3.05,AFP
KIC_6363900,6363900,1,0,0.605722,131.849,0.897,AFP
KIC_6363900,6363900,2,0,0.605902,131.78,1.755,AFP
KIC_6364064,6364064,1,0,5.24357,132.751,12.06,AFP
KIC_6364067,6364067,1,0,5.24359,132.727,11.55,AFP
KIC_6373680,6373680,1,0,2.87064,133.671,1.663,AFP
KIC_6374004,6374004,1,0,3.9804,134.028,13.74,AFP
KIC_6374004,6374004,2,0,3.98109,131.758,15.74,AFP
KIC_6374063,6374063,1,0,2.11576,132.103,5.91,AFP
KIC_6387887,6387887,2,0,0.650708,132.045,1.5,AFP
KIC_6387895,6387895,1,0,1.14499,131.733,3.517,NTP
KIC_6387895,6387895,2,0,0.52293,131.554,1.209,AFP
KIC_6387895,6387895,3,0,0.522753,131.997,3.929,AFP
KIC_6426158,6426158,2,0,4.86563,131.557,1.316,NTP
KIC_6426158,6426158,3,0,2.43279,132.371,1.449,NTP
KIC_6426158,6426158,4,0,1.21645,132.603,2.695,NTP
KIC_6426158,6426158,5,0,0.973235,131.599,3.25,AFP
KIC_6443274,6443274,1,0,608.206,160.712,13.76,NTP
KIC_6443392,6443392,1,0,0.776974,132.277,1.741,AFP
KIC_6443392,6443392,2,0,0.776973,131.889,1.5,AFP
KIC_6444896,6444896,1,1,8.68899,133.251,1.007,PC
KIC_6461219,6461219,2,0,0.91437,132.198,2.05,NTP
KIC_6461601,6461601,1,0,2.2801,133.196,5.085,NTP
KIC_6071903,6071903,1,1,24.3079,154.057,2.589,PC
KIC_6072593,6072593,1,0,5.07541,133.925,1.736,AFP
KIC_6073006,6073006,1,0,1.34557,131.62,2.985,NTP
KIC_6124941,6124941,1,0,5.67016,136.2,0.7068,AFP
KIC_6125282,6125282,1,0,0.532056,131.946,1.689,AFP
KIC_6125481,6125481,1,1,23.2059,134.35,4.376,PC
KIC_6143929,6143929,1,0,3.99684,132.077,12.18,AFP
KIC_6143929,6143929,2,0,3.99817,134.367,13.53,AFP
KIC_6144039,6144039,1,1,2.85853,132.295,2.253,PC
KIC_6145201,6145201,1,0,22.7833,145.54,4.352,AFP
KIC_6185496,6185496,2,0,0.949241,131.549,1.159,AFP
KIC_6185711,6185711,1,0,11.7023,139.428,1.962,AFP
KIC_6185717,6185717,1,0,11.7022,139.431,2.754,AFP
KIC_6185717,6185717,2,0,11.7022,133.988,1.621,AFP
KIC_6206627,6206627,3,0,0.522237,131.681,1.302,AFP
KIC_6227199,6227199,1,0,6.03117,135.593,15.3,NTP
KIC_6227560,6227560,1,0,2.40175,133.711,2.168,AFP
KIC_6266741,6266741,1,1,7.93058,137.795,3.656,PC
KIC_6266741,6266741,2,1,16.6659,146.87,4.107,PC
KIC_6267414,6267414,1,0,459.267,260.315,3.649,NTP
KIC_6289081,6289081,1,0,4.08898,134.853,11.77,NTP
KIC_6289257,6289257,1,1,19.6742,136.921,3.612,PC
KIC_6289257,6289257,2,1,5.21105,131.538,3.281,PC
KIC_6289344,6289344,1,0,160.413,262.399,5.095,AFP
KIC_6303679,6303679,1,0,3.62598,132.16,6.481,NTP
KIC_6305192,6305192,1,1,8.02512,132.469,5.512,PC
KIC_6305572,6305572,1,0,1.50008,131.925,2.845,AFP
KIC_6344431,6344431,2,0,2.3065,133.676,10.37,NTP
KIC_6345732,6345732,1,1,20.2641,135.284,4.349,PC
KIC_6345732,6345732,2,1,7.44136,137.749,4.673,PC
KIC_6364126,6364126,1,0,5.24321,132.836,11.57,AFP
KIC_6364143,6364143,1,0,5.24327,132.82,11.67,AFP
KIC_6364162,6364162,1,0,5.24376,132.69,11.45,AFP
KIC_6374063,6374063,2,0,2.1157,133.613,6.496,AFP
KIC_6380533,6380533,1,0,409.102,447.533,12.47,NTP
KIC_6388333,6388333,1,0,0.635907,131.877,1.499,AFP
KIC_6388333,6388333,2,0,0.635895,131.738,1.229,AFP
KIC_6388333,6388333,3,0,0.635888,131.585,1.236,AFP
KIC_6388443,6388443,1,0,1.76349,132.745,5.817,NTP
KIC_6426592,6426592,1,0,394.674,346.149,5.0,AFP
KIC_6426592,6426592,2,0,459.243,260.359,3.14,NTP
KIC_6428700,6428700,1,1,8.20398,136.875,3.153,PC
KIC_6428700,6428700,2,1,14.4964,143.418,3.203,PC
KIC_6445601,6445601,1,0,0.923479,132.025,4.108,NTP
KIC_6461850,6461850,1,0,0.544974,131.519,1.177,AFP
KIC_6100062,6100062,1,0,3.50329,131.664,9.045,NTP
KIC_6103049,6103049,1,0,0.643162,131.889,1.121,NTP
KIC_6103377,6103377,1,1,20.071,136.937,6.429,PC
KIC_6126076,6126076,1,0,0.909269,131.756,1.786,AFP
KIC_6126076,6126076,2,0,0.909311,132.174,1.242,AFP
KIC_6145201,6145201,2,0,22.7837,135.452,5.351,AFP
KIC_6145471,6145471,1,0,459.259,260.336,2.07,NTP
KIC_6145614,6145614,1,0,1.44503,131.687,3.592,AFP
KIC_6145614,6145614,2,0,1.44475,132.964,1.779,AFP
KIC_6186964,6186964,1,1,2.16454,131.841,1.441,PC
KIC_6187341,6187341,1,0,0.984599,132.387,0.9554,AFP
KIC_6207535,6207535,1,0,0.657455,131.912,2.812,NTP
KIC_6208741,6208741,1,0,1.4,132.642,5.763,NTP
KIC_6228201,6228201,1,0,2.21765,133.184,1.869,AFP
KIC_6228201,6228201,2,0,1.10879,131.664,3.211,NTP
KIC_6228201,6228201,3,0,2.21763,132.221,1.25,AFP
KIC_6228306,6228306,1,0,0.609177,131.901,1.562,AFP
KIC_6267425,6267425,1,0,3.16646,134.006,2.933,AFP
KIC_6267425,6267425,2,0,3.16646,132.422,2.169,AFP
KIC_6267535,6267535,1,1,6.07975,134.103,7.01,PC
KIC_6289468,6289468,1,0,0.616146,131.572,1.428,AFP
KIC_6289468,6289468,2,0,0.616148,131.821,1.408,AFP
KIC_6289468,6289468,3,0,0.615612,131.955,1.5,AFP
KIC_6305572,6305572,2,0,1.50008,132.843,2.707,AFP
KIC_6305938,6305938,1,0,2.26031,131.562,5.716,NTP
KIC_6306896,6306896,1,0,2.11298,131.992,6.336,NTP
KIC_6346698,6346698,1,0,1.22032,132.358,3.462,AFP
KIC_6346698,6346698,2,0,1.22014,131.941,3.012,AFP
KIC_6346698,6346698,3,0,1.22026,132.133,2.046,AFP
KIC_6364195,6364195,1,0,5.24383,132.702,11.62,AFP
KIC_6364200,6364200,1,0,5.24407,132.683,9.408,AFP
KIC_6364215,6364215,1,1,2.1008,132.271,2.213,PC
KIC_6364215,6364215,2,0,5.24388,132.615,12.2,AFP
KIC_6380544,6380544,1,0,1.94843,132.117,5.36,AFP
KIC_6380544,6380544,2,0,1.94843,132.938,6.349,AFP
KIC_6388443,6388443,3,0,111.024,210.747,2.654,NTP
KIC_6388466,6388466,1,0,2.53819,133.353,7.768,AFP
KIC_6388466,6388466,2,0,2.53796,132.152,8.208,AFP
KIC_6428794,6428794,1,1,169.134,201.814,8.621,PC
KIC_6428850,6428850,1,0,5.52834,134.645,11.74,AFP
KIC_6428850,6428850,2,0,5.52847,132.728,5.901,AFP
KIC_6428850,6428850,3,0,2.76431,133.023,7.828,NTP
KIC_6446951,6446951,1,0,0.604013,131.924,1.699,AFP
KIC_6446951,6446951,2,0,0.604003,131.629,2.43,AFP
KIC_6447258,6447258,1,0,5.543,133.431,13.51,NTP
KIC_6462863,6462863,1,1,22.343,132.742,6.708,PC
KIC_6462863,6462863,2,1,54.32,161.243,8.539,PC
KIC_6103377,6103377,2,1,7.03965,137.415,3.127,PC
KIC_6105113,6105113,1,0,0.879401,132.297,1.917,AFP
KIC_6105113,6105113,2,0,0.879403,131.853,1.708,AFP
KIC_6105462,6105462,1,1,25.0823,134.134,6.177,PC
KIC_6127239,6127239,1,0,0.786685,131.742,2.478,AFP
KIC_6127239,6127239,2,0,0.786695,132.126,2.434,AFP
KIC_6127822,6127822,1,0,1.42199,132.783,9.105,NTP
KIC_6145939,6145939,1,0,17.7455,137.697,3.978,AFP
KIC_6146418,6146418,1,0,22.4462,149.16,8.015,AFP
KIC_6146418,6146418,2,0,22.4462,153.932,11.3,AFP
KIC_6187341,6187341,2,0,0.984575,131.905,0.7443,AFP
KIC_6187665,6187665,1,0,0.519149,131.633,0.9893,AFP
KIC_6209293,6209293,2,0,2.08282,131.82,4.892,NTP
KIC_6209347,6209347,1,0,2.13658,133.027,2.39,AFP
KIC_6209347,6209347,2,0,2.13658,131.958,1.644,AFP
KIC_6228306,6228306,2,0,1.21844,132.342,1.939,AFP
KIC_6228306,6228306,3,0,1.21842,132.191,1.841,AFP
KIC_6228306,6228306,4,0,0.609204,132.042,2.0,AFP
KIC_6268648,6268648,1,1,15.8662,141.086,4.116,PC
KIC_6268648,6268648,2,1,94.0939,196.748,10.65,PC
KIC_6289468,6289468,4,0,0.616836,131.555,2.05,AFP
KIC_6289650,6289650,1,1,166.788,245.143,5.918,PC
KIC_6289897,6289897,1,0,1.55933,132.548,2.596,AFP
KIC_6306896,6306896,2,0,0.704327,131.543,2.172,NTP
KIC_6307062,6307062,1,0,75.3788,167.103,5.0,AFP
KIC_6307062,6307062,2,0,75.379,155.498,7.759,AFP
KIC_6346809,6346809,1,1,17.5771,137.73,1.539,PC
KIC_6346894,6346894,1,0,572.402,405.304,15.21,NTP
KIC_6347258,6347258,1,0,485.15,442.275,7.227,NTP
KIC_6364247,6364247,1,0,5.2443,132.618,10.9,AFP
KIC_6364276,6364276,1,0,5.2437,132.716,9.773,AFP
KIC_6364294,6364294,1,0,5.24387,132.742,8.57,AFP
KIC_6381128,6381128,1,0,0.612838,131.759,1.345,AFP
KIC_6381128,6381128,2,0,0.612843,131.604,1.37,AFP
KIC_6388770,6388770,1,0,21.3405,134.153,14.93,AFP
KIC_6388994,6388994,1,0,1.08852,131.954,3.261,AFP
KIC_6388994,6388994,2,0,1.08864,132.234,2.602,AFP
KIC_6428850,6428850,4,0,5.52845,136.708,11.21,AFP
KIC_6428850,6428850,5,0,5.5286,133.588,3.659,AFP
KIC_6428942,6428942,1,0,534.849,209.03,14.91,NTP
KIC_6429742,6429742,1,0,0.545891,132.07,1.648,AFP
KIC_6447258,6447258,2,0,11.0805,141.624,14.65,AFP
KIC_6447258,6447258,3,0,11.0865,132.173,15.01,AFP
KIC_6447258,6447258,4,0,11.0864,136.191,15.1,AFP
KIC_6462863,6462863,3,1,10.4237,138.009,5.337,PC
KIC_6462863,6462863,4,1,3.74317,131.619,3.718,PC
KIC_6105462,6105462,2,1,89.7228,163.15,10.59,PC
KIC_6106282,6106282,1,1,101.11,215.525,7.837,PC
KIC_6109688,6109688,1,0,14.0868,140.287,10.08,AFP
KIC_6128027,6128027,1,0,5.45577,136.907,2.901,AFP
KIC_6128027,6128027,2,0,5.45577,134.162,2.761,AFP
KIC_6147122,6147122,1,0,15.4516,142.213,2.461,AFP
KIC_6147122,6147122,2,0,15.4516,134.172,4.081,AFP
KIC_6187665,6187665,2,0,0.519153,131.799,1.498,AFP
KIC_6187665,6187665,3,0,0.519153,131.973,1.496,AFP
KIC_6191521,6191521,1,1,80.8721,203.896,11.12,PC
KIC_6209677,6209677,1,1,7.76857,138.045,3.032,PC
KIC_6209677,6209677,2,1,2.5374,132.353,1.67,PC
KIC_6268722,6268722,1,0,2.63843,133.004,2.414,AFP
KIC_6268722,6268722,2,0,2.63844,131.685,1.684,AFP
KIC_6268890,6268890,1,0,2.33148,132.974,8.906,AFP
KIC_6268890,6268890,2,0,2.33152,133.265,14.14,AFP
KIC_6268890,6268890,3,0,2.33146,132.311,6.0,AFP
KIC_6290382,6290382,1,0,6.12816,137.028,2.58,AFP
KIC_6290382,6290382,2,0,6.12814,133.989,2.511,AFP
KIC_6307063,6307063,1,0,376.895,317.865,6.566,AFP
KIC_6307063,6307063,2,0,75.3778,167.124,4.506,AFP
KIC_6307063,6307063,3,0,376.895,306.246,5.144,AFP
KIC_6347299,6347299,1,1,14.4009,131.786,4.015,PC
KIC_6347299,6347299,2,1,25.6617,155.136,4.618,PC
KIC_6349881,6349881,1,1,198.088,319.735,8.29,PC
KIC_6350031,6350031,1,1,5.17816,135.694,5.27,PC
KIC_6364307,6364307,1,0,5.24363,132.765,10.06,AFP
KIC_6364327,6364327,1,0,5.24392,132.696,11.81,AFP
KIC_6364582,6364582,1,1,30.8609,138.315,4.13,PC
KIC_6365076,6365076,1,0,544.52,274.546,2.789,NTP
KIC_6381128,6381128,3,0,0.61283,131.921,1.486,AFP
KIC_6381128,6381128,4,0,0.703909,131.907,2.5,NTP
KIC_6381306,6381306,1,0,0.528712,131.73,1.492,AFP
KIC_6381306,6381306,2,0,0.528845,131.892,1.766,AFP
KIC_6381309,6381309,1,0,2.08883,133.1,6.138,NTP
KIC_6389098,6389098,3,0,0.590527,132.063,2.175,NTP
KIC_6429742,6429742,2,0,0.54592,131.683,1.821,AFP
KIC_6429742,6429742,3,0,0.545932,131.849,1.494,AFP
KIC_6429812,6429812,1,1,94.2889,166.512,4.196,PC
KIC_6448173,6448173,2,0,0.693172,132.01,1.992,AFP
KIC_6448173,6448173,3,0,0.693182,131.67,2.639,AFP
KIC_6462901,6462901,1,0,6.36087,133.761,12.57,NTP
KIC_6109688,6109688,2,0,14.0868,133.884,4.873,AFP
KIC_6109688,6109688,3,0,3.45691,132.983,8.399,NTP
KIC_6109688,6109688,4,0,1.72842,132.131,4.5,NTP
KIC_6128579,6128579,1,0,470.694,237.665,16.89,NTP
KIC_6128830,6128830,1,0,4.84116,136.025,14.76,AFP
KIC_6128830,6128830,2,0,4.84198,132.732,14.91,AFP
KIC_6147573,6147573,1,0,25.8368,137.364,6.319,AFP
KIC_6147573,6147573,2,0,25.8368,156.132,6.48,AFP
KIC_6148271,6148271,1,0,1.78553,133.003,4.045,AFP
KIC_6148498,6148498,1,0,6.2349,137.22,14.15,AFP
KIC_6191945,6191945,1,0,6.80738,135.53,1.958,AFP
KIC_6195556,6195556,1,0,0.859389,131.796,1.653,AFP
KIC_6195556,6195556,2,0,0.859714,131.931,3.549,AFP
KIC_6209798,6209798,1,0,0.602701,131.938,1.24,AFP
KIC_6229502,6229502,2,0,1.53783,132.475,4.527,AFP
KIC_6229502,6229502,3,0,1.53734,131.966,5.113,AFP
KIC_6269070,6269070,1,1,2.76121,131.613,3.592,PC
KIC_6272413,6272413,1,1,4.89718,133.402,1.79,PC
KIC_6290411,6290411,1,0,0.860242,132.286,1.522,AFP
KIC_6290411,6290411,2,0,0.860241,131.843,3.326,AFP
KIC_6290648,6290648,1,0,0.674917,131.599,2.193,AFP
KIC_6290648,6290648,2,0,0.674907,131.951,2.043,AFP
KIC_6307083,6307083,1,0,376.892,393.249,6.709,AFP
KIC_6307083,6307083,2,0,75.3792,167.098,4.627,AFP
KIC_6307083,6307083,3,0,75.3787,155.493,6.212,AFP
KIC_6350476,6350476,1,0,1.11058,131.58,1.21,AFP
KIC_6350522,6350522,1,0,491.514,248.942,11.73,NTP
KIC_6350882,6350882,1,1,5.04398,136.018,1.776,PC
KIC_6351097,6351097,1,0,12.4913,136.309,2.738,AFP
KIC_6365156,6365156,1,1,10.2142,140.061,6.047,PC
KIC_6365321,6365321,1,0,0.848493,131.883,0.7263,AFP
KIC_6366501,6366501,1,0,1.20822,132.133,2.886,AFP
KIC_6366501,6366501,2,0,1.2081,131.853,3.572,AFP
KIC_6381517,6381517,1,0,2.06045,131.721,5.395,AFP
KIC_6381517,6381517,2,0,2.0606,132.41,3.676,AFP
KIC_6381846,6381846,1,1,4.16696,132.213,2.812,PC
KIC_6389755,6389755,1,0,1.55195,131.568,5.644,NTP
KIC_6390080,6390080,1,0,5.08133,132.029,16.07,NTP
KIC_6390080,6390080,2,0,10.1621,135.803,16.15,AFP
KIC_6430330,6430330,1,0,0.728534,131.787,2.166,AFP
KIC_6430330,6430330,2,0,0.728597,132.045,2.261,AFP
KIC_6431624,6431624,1,0,0.80508,132.014,5.353,NTP
KIC_6431670,6431670,1,0,29.9113,153.593,4.5,AFP
KIC_6431670,6431670,2,0,29.9115,144.83,5.0,AFP
KIC_6448362,6448362,1,0,0.824309,131.797,1.86,AFP
KIC_6448362,6448362,2,0,0.824332,132.193,2.211,AFP
KIC_6448362,6448362,3,0,0.824382,131.626,2.328,AFP
KIC_6463436,6463436,1,0,0.538855,131.888,2.092,NTP
KIC_6113656,6113656,1,0,2.64652,132.669,3.988,AFP
KIC_6113656,6113656,2,0,2.64651,133.15,5.011,AFP
KIC_6113806,6113806,1,0,0.933755,131.542,2.526,AFP
KIC_6128995,6128995,1,0,517.851,261.152,13.74,NTP
KIC_6128995,6128995,2,0,413.181,352.761,15.71,NTP
KIC_6129524,6129524,1,1,0.881825,131.701,1.408,PC
KIC_6148498,6148498,2,0,6.2342,133.92,14.67,AFP
KIC_6149910,6149910,1,1,131.187,172.391,6.993,PC
KIC_6196457,6196457,1,1,13.7488,138.033,5.993,PC
KIC_6196457,6196457,2,1,26.7231,147.938,8.806,PC
KIC_6196457,6196457,3,1,49.357,134.289,10.98,PC
KIC_6197038,6197038,1,0,9.75171,138.537,12.0,AFP
KIC_6197215,6197215,1,1,10.6134,135.689,1.05,PC
KIC_6211812,6211812,1,1,2.52397,133.871,1.166,PC
KIC_6213774,6213774,1,0,2.8141,133.567,6.157,NTP
KIC_6230532,6230532,2,0,1.44881,132.689,5.751,NTP
KIC_6230921,6230921,1,0,0.539169,131.611,4.011,NTP
KIC_6230921,6230921,2,0,30.7311,147.534,2.0,NTP
KIC_6231401,6231401,1,0,6.09196,137.588,3.582,AFP
KIC_6231401,6231401,2,0,6.09196,134.631,3.524,AFP
KIC_6276477,6276477,1,1,10.3553,139.873,3.426,PC
KIC_6276791,6276791,1,1,9.32862,135.879,1.561,PC
KIC_6276791,6276791,2,1,5.30178,135.994,2.285,PC
KIC_6276994,6276994,1,0,1.106,131.84,1.568,AFP
KIC_6290935,6290935,1,1,5.53326,132.15,3.381,PC
KIC_6291033,6291033,1,1,3.70595,132.891,4.886,PC
KIC_6291110,6291110,1,0,506.214,344.595,8.847,NTP
KIC_6307243,6307243,1,0,451.832,254.824,9.803,NTP
KIC_6307521,6307521,1,0,29.745,157.391,21.82,AFP
KIC_6307537,6307537,1,0,29.7446,157.403,26.36,AFP
KIC_6356207,6356207,1,1,3.7642,132.349,2.006,PC
KIC_6356627,6356627,1,0,4.2096,132.933,10.32,AFP
KIC_6366501,6366501,4,0,1.26858,132.563,2.489,AFP
KIC_6366501,6366501,5,0,1.26854,131.885,3.72,AFP
KIC_6381846,6381846,2,1,11.4635,137.386,2.594,PC
KIC_6381846,6381846,3,1,39.6061,168.045,6.747,PC
KIC_6382217,6382217,1,1,8.411,133.801,2.342,PC
KIC_6382217,6382217,2,1,5.79536,136.775,2.135,PC
KIC_6390080,6390080,3,0,10.1597,140.477,18.95,AFP
KIC_6390236,6390236,1,0,0.89878,131.668,1.551,AFP
KIC_6390236,6390236,2,0,0.898797,132.116,1.683,AFP
KIC_6390243,6390243,1,0,0.52378,132.02,1.5,AFP
KIC_6432054,6432054,3,0,0.586088,131.999,1.515,NTP
KIC_6448768,6448768,1,0,16.4868,131.604,7.074,AFP
KIC_6448768,6448768,2,0,16.4868,138.099,13.34,AFP
KIC_6448768,6448768,3,0,16.4863,132.046,23.06,AFP
KIC_6463499,6463499,1,0,94.4456,166.159,8.225,AFP
KIC_6463772,6463772,1,0,0.931624,132.306,2.16,AFP
KIC_6463772,6463772,2,0,0.931681,131.79,1.903,AFP
KIC_6464285,6464285,1,0,0.843628,131.957,2.596,AFP
KIC_6131130,6131130,1,1,10.5072,139.664,2.909,PC
KIC_6150977,6150977,1,0,2.76563,133.678,2.603,AFP
KIC_6150977,6150977,2,0,2.76562,132.299,2.593,AFP
KIC_6152521,6152521,1,0,0.94899,131.849,2.013,AFP
KIC_6152521,6152521,2,0,0.949643,132.19,1.346,AFP
KIC_6197344,6197344,1,1,36.7607,137.798,11.26,PC
KIC_6197810,6197810,1,0,7.05341,132.359,15.57,AFP
KIC_6197810,6197810,2,0,7.05293,133.622,16.41,AFP
KIC_6231451,6231451,1,0,0.501323,131.628,1.515,AFP
KIC_6231451,6231451,2,0,0.501316,131.893,1.504,AFP
KIC_6231451,6231451,3,0,0.814922,132.051,2.0,NTP
KIC_6231538,6231538,1,0,0.955263,131.919,2.463,AFP
KIC_6277167,6277167,1,0,459.445,259.964,4.258,NTP
KIC_6277594,6277594,1,1,3.66103,133.79,5.339,PC
KIC_6278127,6278127,1,0,1.30789,132.611,7.674,NTP
KIC_6291653,6291653,1,1,10.5263,134.417,2.579,PC
KIC_6291837,6291837,1,1,35.5974,151.922,6.652,PC
KIC_6292162,6292162,1,0,7.81484,138.705,3.003,AFP
KIC_6307537,6307537,2,0,29.7446,142.64,23.24,AFP
KIC_6308416,6308416,1,0,0.82138,132.225,1.552,AFP
KIC_6308416,6308416,2,0,0.821352,131.578,1.53,AFP
KIC_6356627,6356627,2,0,4.20905,134.26,5.219,AFP
KIC_6356627,6356627,3,0,4.20953,131.578,6.057,AFP
KIC_6356627,6356627,4,0,4.20894,132.081,14.14,AFP
KIC_6356692,6356692,1,1,11.3917,141.558,4.966,PC
KIC_6366512,6366512,1,0,0.591626,132.1,1.51,AFP
KIC_6366512,6366512,2,0,0.584921,131.621,1.922,AFP
KIC_6366512,6366512,3,0,0.595468,131.518,2.076,AFP
KIC_6366617,6366617,1,0,0.684167,131.787,0.9085,AFP
KIC_6382916,6382916,1,0,0.614108,132.033,1.534,AFP
KIC_6382916,6382916,2,0,0.604855,132.032,2.231,AFP
KIC_6383595,6383595,1,0,2.81538,132.668,4.797,NTP
KIC_6390243,6390243,2,0,0.52452,131.706,1.684,AFP
KIC_6390824,6390824,1,0,0.973545,131.553,0.9462,AFP
KIC_6391733,6391733,1,0,0.62749,131.709,2.14,NTP
KIC_6432059,6432059,1,0,0.769844,131.736,1.513,NTP
KIC_6432345,6432345,1,1,234.636,172.645,7.151,PC
KIC_6435936,6435936,1,1,56.056,145.11,4.619,PC
KIC_6436029,6436029,1,1,59.4967,146.956,6.095,PC
KIC_6448890,6448890,1,1,21.4053,147.103,10.11,PC
KIC_6448890,6448890,2,1,10.5006,135.659,12.78,PC
KIC_6449291,6449291,1,0,5.7768,133.627,3.019,AFP
KIC_6449358,6449358,1,0,5.7768,133.627,6.304,AFP
KIC_6449552,6449552,1,0,20.1487,135.809,4.5,AFP
KIC_6464285,6464285,2,0,0.84365,131.523,1.5,AFP
KIC_6464938,6464938,1,0,0.568374,131.908,1.415,AFP
KIC_6464938,6464938,2,0,0.56838,131.764,1.49,AFP
KIC_6464938,6464938,3,0,0.568373,131.633,1.5,AFP
KIC_6465159,6465159,1,0,2.26374,133.775,8.927,AFP
KIC_6113871,6113871,2,0,1.3469,132.726,2.887,AFP
KIC_6113871,6113871,3,0,1.34691,132.079,4.507,AFP
KIC_6114387,6114387,1,0,1.40632,132.214,2.494,NTP
KIC_6131236,6131236,1,1,6.79686,138.114,3.762,PC
KIC_6131659,6131659,1,0,17.528,144.561,4.5,AFP
KIC_6131659,6131659,2,0,17.5278,135.807,5.626,AFP
KIC_6132064,6132064,1,0,5.7735,136.958,13.47,AFP
KIC_6152974,6152974,1,1,20.172,141.209,3.293,PC
KIC_6152974,6152974,2,1,7.51858,132.529,2.788,PC
KIC_6153201,6153201,1,0,3.49461,134.836,8.322,AFP
KIC_6153201,6153201,2,0,3.49459,132.166,10.33,AFP
KIC_6198182,6198182,1,1,3.88149,135.123,2.741,PC
KIC_6198999,6198999,1,1,3.93247,132.552,2.583,PC
KIC_6220312,6220312,1,1,5.27353,135.655,5.327,PC
KIC_6220470,6220470,1,0,8.14414,136.505,8.833,AFP
KIC_6220470,6220470,2,0,8.14414,131.628,7.535,AFP
KIC_6231538,6231538,2,0,0.955277,131.581,2.461,AFP
KIC_6231538,6231538,3,0,0.955296,132.203,3.286,AFP
KIC_6278762,6278762,1,1,9.7405,134.878,1.661,PC
KIC_6278762,6278762,2,1,6.18945,134.782,2.609,PC
KIC_6278762,6278762,3,1,7.74356,135.088,2.858,PC
KIC_6278762,6278762,4,1,4.54588,131.522,1.791,PC
KIC_6292162,6292162,2,0,7.81485,134.791,2.901,AFP
KIC_6292452,6292452,1,0,0.960802,131.939,2.49,AFP
KIC_6292452,6292452,2,0,0.960611,131.858,3.456,AFP
KIC_6309129,6309129,1,0,6.2169,136.182,16.11,AFP
KIC_6309129,6309129,2,0,6.21685,133.94,16.24,AFP
KIC_6309264,6309264,1,0,14.2822,136.326,2.147,AFP
KIC_6309763,6309763,1,1,3.25166,132.041,1.533,PC
KIC_6356928,6356928,1,0,2.34372,132.443,5.994,AFP
KIC_6356928,6356928,3,0,2.34351,131.591,4.904,AFP
KIC_6366617,6366617,2,0,0.683357,131.611,1.992,AFP
KIC_6383785,6383785,1,1,5.64068,132.915,2.836,PC
KIC_6383785,6383785,2,1,3.62277,132.992,2.662,PC
KIC_6383821,6383821,1,1,27.0723,139.113,6.968,PC
KIC_6392244,6392244,1,0,0.582743,131.739,1.988,NTP
KIC_6392601,6392601,1,0,0.873457,131.532,2.915,AFP
KIC_6436029,6436029,2,1,505.467,458.075,10.04,PC
KIC_6437719,6437719,1,0,7.77603,133.653,14.22,NTP
KIC_6449552,6449552,2,0,20.1488,144.5,4.684,AFP
KIC_6450067,6450067,1,0,5.35977,134.992,11.81,AFP
KIC_6465159,6465159,2,0,2.26322,133.099,5.847,AFP
KIC_6466583,6466583,1,0,2.14212,132.671,4.918,NTP
KIC_6115025,6115025,2,0,0.810739,132.055,4.359,NTP
KIC_6132064,6132064,2,0,5.77605,133.185,15.44,AFP
KIC_6132088,6132088,1,0,5.15084,133.918,14.2,NTP
KIC_6137681,6137681,1,0,356.535,433.622,5.23,AFP
KIC_6153233,6153233,1,0,0.954075,131.702,3.115,AFP
KIC_6153233,6153233,2,0,0.954135,132.13,4.839,AFP
KIC_6153407,6153407,1,1,5.99078,134.542,1.608,PC
KIC_6199056,6199056,1,1,1.169,131.739,1.128,PC
KIC_6199702,6199702,1,0,0.80525,132.106,1.028,AFP
KIC_6199731,6199731,1,0,0.918595,132.235,2.085,AFP
KIC_6199731,6199731,2,0,0.918908,131.667,1.083,AFP
KIC_6221385,6221385,1,1,19.6728,134.271,5.07,PC
KIC_6221385,6221385,2,1,32.6625,152.679,6.764,PC
KIC_6221385,6221385,3,1,7.31377,137.573,2.232,PC
KIC_6221411,6221411,1,0,282.168,160.777,1.322,NTP
KIC_6231813,6231813,2,0,1.90248,133.041,2.868,NTP
KIC_6233466,6233466,1,0,15.8736,143.843,6.0,AFP
KIC_6233466,6233466,2,0,15.8734,135.627,7.873,AFP
KIC_6233483,6233483,1,0,15.8734,143.86,7.957,AFP
KIC_6233483,6233483,2,0,15.8734,135.628,7.589,AFP
KIC_6279388,6279388,1,0,0.683599,131.616,0.6861,AFP
KIC_6279388,6279388,2,0,0.684303,131.988,4.021,AFP
KIC_6279388,6279388,3,0,1.36642,131.656,2.015,NTP
KIC_6294556,6294556,1,0,0.681322,132.138,2.352,AFP
KIC_6310397,6310397,2,0,1.72644,133.008,5.232,AFP
KIC_6310397,6310397,3,0,1.72646,132.132,5.078,AFP
KIC_6357290,6357290,1,1,4.80995,133.011,2.003,PC
KIC_6357667,6357667,1,0,6.07292,137.408,15.16,NTP
KIC_6357702,6357702,2,0,0.724286,132.222,2.545,AFP
KIC_6367439,6367439,1,0,3.77903,132.084,9.789,AFP
KIC_6368175,6368175,1,1,21.1871,148.812,3.975,PC
KIC_6368175,6368175,2,1,31.8249,144.549,6.067,PC
KIC_6392601,6392601,2,0,0.873476,131.977,3.072,AFP
KIC_6392727,6392727,1,1,4.58352,133.306,2.75,PC
KIC_6421188,6421188,1,0,16.4344,136.288,5.192,AFP
KIC_6438099,6438099,1,1,21.6131,137.027,1.481,PC
KIC_6438216,6438216,1,0,459.333,260.178,3.708,NTP
KIC_6440528,6440528,1,0,0.566792,131.81,1.141,NTP
KIC_6440685,6440685,1,0,0.566747,131.891,2.556,NTP
KIC_6450067,6450067,3,0,5.35949,133.239,11.11,AFP
KIC_6450067,6450067,4,0,466.594,447.76,14.3,NTP
KIC_6450934,6450934,1,0,1.67297,133.069,6.601,AFP
KIC_6466583,6466583,2,0,4.28475,133.701,6.902,NTP
KIC_6467363,6467363,1,1,3.67935,134.995,3.42,PC
KIC_6115466,6115466,1,0,4.93116,136.302,14.24,AFP
KIC_6115466,6115466,2,0,4.92978,134.308,19.58,AFP
KIC_6115516,6115516,1,0,0.865738,131.59,1.094,AFP
KIC_6137704,6137704,1,1,178.268,255.351,5.864,PC
KIC_6137779,6137779,1,0,21.5325,131.881,4.23,AFP
KIC_6138109,6138109,1,0,1.08567,132.495,3.248,AFP
KIC_6153672,6153672,1,0,3.36443,131.667,0.9627,AFP
KIC_6200235,6200235,1,1,1.0784,132.168,1.33,PC
KIC_6200709,6200709,1,0,3.72355,134.946,3.534,AFP
KIC_6222079,6222079,1,0,1.94016,132.044,2.368,AFP
KIC_6222079,6222079,2,0,1.94017,131.505,6.491,AFP
KIC_6222381,6222381,1,0,0.813663,131.899,2.721,NTP
KIC_6233573,6233573,1,0,0.587467,132.088,1.307,AFP
KIC_6233748,6233748,2,0,2.67472,133.462,5.686,AFP
KIC_6279974,6279974,1,1,0.805252,132.105,1.044,PC
KIC_6294556,6294556,3,0,0.681315,131.803,2.474,AFP
KIC_6294819,6294819,1,1,0.675609,131.736,1.609,PC
KIC_6294889,6294889,1,0,0.699238,132.063,1.875,AFP
KIC_6310414,6310414,1,0,648.845,260.246,15.25,NTP
KIC_6310636,6310636,1,1,0.921012,132.044,2.499,PC
KIC_6310979,6310979,1,0,342.919,384.145,12.21,NTP
KIC_6357702,6357702,3,0,0.724276,131.762,2.442,AFP
KIC_6368222,6368222,3,0,82.9706,171.428,8.217,NTP
KIC_6368230,6368230,1,1,26.0847,149.419,6.837,PC
KIC_6385010,6385010,1,0,4.88812,136.121,12.94,AFP
KIC_6385010,6385010,2,0,4.88774,133.675,15.01,AFP
KIC_6421188,6421188,2,0,16.4343,142.484,6.355,AFP
KIC_6421503,6421503,1,0,2.15838,131.91,3.858,AFP
KIC_6421759,6421759,1,0,3.45966,133.612,1.26,AFP
KIC_6441258,6441258,1,0,0.83079,132.36,2.535,AFP
KIC_6441258,6441258,2,0,0.830821,131.904,4.656,AFP
KIC_6441436,6441436,1,0,0.6004,131.672,2.508,AFP
KIC_6441436,6441436,2,0,0.6004,132.047,2.0,AFP
KIC_6450934,6450934,2,0,1.67317,132.248,5.904,AFP
KIC_6451160,6451160,1,0,1.01711,131.691,3.206,AFP
KIC_6467363,6467363,2,1,7.4465,137.338,4.132,PC
KIC_6115603,6115603,2,0,2.11855,132.63,4.829,NTP
KIC_6116172,6116172,1,0,2.63364,133.759,7.436,NTP
KIC_6116172,6116172,2,0,5.2681,131.586,4.405,AFP
KIC_6138109,6138109,2,0,1.0857,131.82,2.977,AFP
KIC_6138109,6138109,3,0,1.08111,131.776,2.148,AFP
KIC_6139220,6139220,1,1,273.685,350.853,8.272,PC
KIC_6139591,6139591,1,0,0.802301,132.242,2.632,AFP
KIC_6181674,6181674,1,0,0.857369,131.645,3.245,AFP
KIC_6181674,6181674,2,0,0.857341,132.054,2.723,AFP
KIC_6200709,6200709,2,0,3.72353,133.092,2.928,AFP
KIC_6200715,6200715,1,0,3.72357,134.943,2.793,AFP
KIC_6200810,6200810,1,1,35.8761,147.486,4.624,PC
KIC_6205228,6205228,1,1,3.77059,133.392,1.992,PC
KIC_6222529,6222529,1,0,0.990238,132.204,2.878,AFP
KIC_6222529,6222529,2,0,0.9902,131.727,1.877,AFP
KIC_6222884,6222884,1,0,2.91695,132.169,7.496,NTP
KIC_6233748,6233748,3,0,2.67634,133.844,9.789,AFP
KIC_6233890,6233890,1,0,2.99547,132.767,3.586,AFP
KIC_6233890,6233890,2,0,7.36681,136.782,15.09,AFP
KIC_6233890,6233890,3,0,7.3662,135.133,12.24,AFP
KIC_6283224,6283224,1,0,0.766479,132.035,1.901,AFP
KIC_6283224,6283224,2,0,0.76648,131.645,1.5,AFP
KIC_6294889,6294889,2,0,0.69932,131.614,2.29,AFP
KIC_6300348,6300348,1,1,5.6959,133.536,3.575,PC
KIC_6301030,6301030,1,0,11.991,139.596,3.5,AFP
KIC_6301030,6301030,2,0,11.991,143.282,3.0,AFP
KIC_6301030,6301030,3,0,11.9905,131.552,15.0,AFP
KIC_6301030,6301030,4,0,11.9905,139.882,15.0,AFP
KIC_6311382,6311382,1,0,0.546331,131.828,1.417,NTP
KIC_6311520,6311520,1,0,0.941812,131.816,2.197,AFP
KIC_6311520,6311520,2,0,0.777149,131.797,2.512,AFP
KIC_6311520,6311520,3,0,0.777045,131.509,2.0,AFP
KIC_6311564,6311564,1,0,1.39137,131.562,3.582,NTP
KIC_6357958,6357958,1,0,1.61171,131.629,11.34,NTP
KIC_6358937,6358937,1,1,24.504,140.197,6.582,PC
KIC_6368905,6368905,1,0,220.718,303.846,7.371,AFP
KIC_6369131,6369131,1,1,8.07722,132.663,5.549,PC
KIC_6386784,6386784,1,0,1.99563,132.889,3.444,AFP
KIC_6421759,6421759,2,0,3.461,131.986,10.33,AFP
KIC_6421759,6421759,3,0,3.46095,133.726,9.312,AFP
KIC_6421759,6421759,4,0,37.3812,142.443,2.399,NTP
KIC_6441729,6441729,1,0,3.94515,133.158,6.944,AFP
KIC_6441729,6441729,2,0,3.94534,134.307,8.901,AFP
KIC_6441729,6441729,3,0,1.97286,133.384,5.586,NTP
KIC_6441729,6441729,4,0,1.31559,132.634,4.747,NTP
KIC_6451160,6451160,4,0,1.01712,132.198,2.5,AFP
KIC_6451294,6451294,1,0,2.27298,132.804,5.769,AFP
KIC_6451294,6451294,2,0,2.273,131.691,6.632,AFP
KIC_6468138,6468138,1,1,134.253,182.703,9.112,PC
KIC_6468337,6468337,1,0,0.959861,131.848,1.939,AFP
KIC_6468904,6468904,1,1,49.5385,132.506,1.806,PC
KIC_6116172,6116172,3,0,5.26852,135.701,4.049,AFP
KIC_6139591,6139591,2,0,0.802339,131.823,3.222,AFP
KIC_6139982,6139982,1,0,1.89119,132.796,2.877,AFP
KIC_6139982,6139982,2,0,1.89182,131.593,5.618,AFP
KIC_6182019,6182019,1,0,3.66497,134.152,3.93,AFP
KIC_6182019,6182019,2,0,3.66497,132.32,3.688,AFP
KIC_6182019,6182019,3,0,286.023,390.978,8.697,NTP
KIC_6182093,6182093,1,0,4.31176,133.464,12.09,AFP
KIC_6205384,6205384,1,0,3.72282,134.628,5.068,AFP
KIC_6205405,6205405,1,0,3.72295,134.612,9.767,AFP
KIC_6205460,6205460,1,0,3.72284,134.631,10.5,AFP
KIC_6205460,6205460,2,0,3.72281,132.78,9.915,AFP
KIC_6222884,6222884,2,0,11.667,133.746,16.77,AFP
KIC_6222884,6222884,4,0,11.6669,136.187,18.23,AFP
KIC_6233903,6233903,1,0,2.9954,132.782,6.573,AFP
KIC_6285094,6285094,1,0,5.24391,132.69,9.725,AFP
KIC_6285396,6285396,1,0,5.24355,132.703,6.006,AFP
KIC_6285397,6285397,1,0,5.24382,132.687,8.146,AFP
KIC_6301035,6301035,1,0,11.991,143.284,5.407,AFP
KIC_6301035,6301035,2,0,11.991,139.6,5.576,AFP
KIC_6301428,6301428,1,0,3.77645,132.048,12.55,AFP
KIC_6311681,6311681,1,0,0.844754,131.697,1.32,NTP
KIC_6311891,6311891,1,1,7.51757,137.575,2.577,PC
KIC_6359320,6359320,1,1,5.32661,133.415,3.452,PC
KIC_6359320,6359320,2,1,8.128,139.23,3.794,PC
KIC_6359320,6359320,3,1,2.83675,132.534,2.976,PC
KIC_6359798,6359798,1,0,14.154,140.699,4.537,AFP
KIC_6369222,6369222,1,0,1.22583,132.244,3.456,NTP
KIC_6370120,6370120,1,0,1.35478,131.642,1.39,AFP
KIC_6387185,6387185,1,0,0.635335,132.06,1.959,AFP
KIC_6387185,6387185,2,0,0.635343,131.743,2.017,AFP
KIC_6387257,6387257,1,0,2.7348,132.318,5.1,NTP
KIC_6421937,6421937,2,0,359.431,219.006,27.91,AFP
KIC_6421937,6421937,3,0,359.414,338.857,28.93,AFP
KIC_6422070,6422070,1,1,3.7619,134.274,3.171,PC
KIC_6422155,6422155,1,1,2.9403,131.681,2.593,PC
KIC_6441738,6441738,1,1,19.0373,148.55,3.431,PC
KIC_6441836,6441836,1,0,0.594714,131.908,1.365,AFP
KIC_6441836,6441836,2,0,0.594528,131.833,1.428,AFP
KIC_6442060,6442060,1,0,1.37781,131.882,4.385,AFP
KIC_6451605,6451605,1,0,0.556252,132.003,1.509,AFP
KIC_6451605,6451605,2,0,0.556286,131.9,3.341,AFP
KIC_6451876,6451876,1,0,0.659642,132.112,2.34,NTP
KIC_6468938,6468938,1,0,7.21701,135.453,4.407,AFP
KIC_6468938,6468938,2,0,7.21701,131.685,4.342,AFP
KIC_6468987,6468987,1,0,0.687418,131.939,2.553,AFP
KIC_6468987,6468987,2,0,0.687431,132.172,2.066,AFP
KIC_6118370,6118370,1,1,14.0325,138.084,6.855,PC
KIC_6118616,6118616,1,0,471.889,235.304,14.73,NTP
KIC_6119141,6119141,1,1,29.0726,136.974,2.524,PC
KIC_6119407,6119407,1,0,1.71571,132.615,3.249,AFP
KIC_6139982,6139982,3,0,1.89201,132.484,6.364,AFP
KIC_6140059,6140059,1,1,44.6229,137.935,12.98,PC
KIC_6140084,6140084,1,0,1.34854,131.942,2.907,NTP
KIC_6182093,6182093,2,0,4.31025,131.762,11.97,AFP
KIC_6182093,6182093,3,0,50.9008,150.314,3.296,NTP
KIC_6182846,6182846,1,0,6.39911,134.702,4.946,AFP
KIC_6182846,6182846,2,0,6.39911,137.901,4.828,AFP
KIC_6205468,6205468,1,0,3.7228,134.643,9.018,AFP
KIC_6205481,6205481,1,0,3.72276,134.65,8.794,AFP
KIC_6205483,6205483,1,0,3.72289,134.617,8.119,AFP
KIC_6205507,6205507,1,0,3.72262,134.686,10.98,AFP
KIC_6222898,6222898,2,0,3.8905,132.681,3.406,AFP
KIC_6223324,6223324,1,1,1.97504,132.368,2.177,PC
KIC_6223877,6223877,1,0,459.286,260.279,3.344,NTP
KIC_6224148,6224148,1,0,0.797018,132.004,1.055,AFP
KIC_6263470,6263470,1,0,4.63368,132.426,8.247,NTP
KIC_6263593,6263593,1,1,22.4766,136.823,3.515,PC
KIC_6285545,6285545,1,0,5.24382,132.668,11.66,AFP
KIC_6285985,6285985,1,0,5.94812,134.711,14.64,AFP
KIC_6285985,6285985,2,0,5.94837,136.934,8.843,AFP
KIC_6286155,6286155,1,0,14.5418,137.585,5.437,AFP
KIC_6301428,6301428,2,0,3.77786,133.574,12.43,AFP
KIC_6301745,6301745,1,0,0.692447,131.892,1.93,AFP
KIC_6301745,6301745,2,0,0.692441,131.54,2.0,AFP
KIC_6312314,6312314,1,0,1.22118,132.399,1.573,AFP
KIC_6312521,6312521,1,0,1.50776,132.945,3.126,AFP
KIC_6312534,6312534,1,0,1.50776,132.943,2.615,AFP
KIC_6314173,6314173,1,0,1.43325,132.832,3.5,AFP
KIC_6359798,6359798,2,0,14.154,144.177,4.058,AFP
KIC_6359802,6359802,1,0,14.154,140.7,4.469,AFP
KIC_6359802,6359802,2,0,14.154,144.176,4.166,AFP
KIC_6371322,6371322,1,0,1.78679,132.617,6.064,NTP
KIC_6372135,6372135,1,0,560.711,174.986,5.784,NTP
KIC_6387257,6387257,2,0,0.578652,131.613,0.5789,AFP
KIC_6387257,6387257,3,0,0.578653,132.017,1.344,AFP
KIC_6387450,6387450,1,0,3.66132,131.609,2.592,AFP
KIC_6387450,6387450,2,0,3.66133,133.44,2.582,AFP
KIC_6422155,6422155,2,1,6.38899,137.143,3.542,PC
KIC_6422155,6422155,3,1,14.627,136.236,3.965,PC
KIC_6422155,6422155,4,1,35.1187,152.12,3.723,PC
KIC_6422367,6422367,1,0,4.33157,134.69,1.787,AFP
KIC_6442060,6442060,2,0,1.37761,132.638,4.904,AFP
KIC_6442246,6442246,1,0,2.2127,132.767,2.999,AFP
KIC_6442340,6442340,1,1,13.1375,143.952,4.737,PC
KIC_6451936,6451936,1,1,8.00578,138.48,3.144,PC
KIC_6451936,6451936,2,1,4.26378,133.715,2.331,PC
KIC_6469599,6469599,1,0,0.946456,131.867,2.625,AFP
KIC_6469599,6469599,2,0,0.946567,132.293,5.078,AFP
KIC_6119407,6119407,2,0,1.71463,133.099,5.63,AFP
KIC_6119788,6119788,1,0,0.558108,131.926,1.871,AFP
KIC_6119788,6119788,2,0,0.558137,131.621,2.07,AFP
KIC_6122790,6122790,1,0,1.11986,132.172,3.284,AFP
KIC_6140581,6140581,1,0,512.326,154.369,11.2,NTP
KIC_6141372,6141372,1,0,0.58709,131.639,2.002,NTP
KIC_6141503,6141503,1,0,1.41672,131.795,3.707,AFP
KIC_6182849,6182849,1,0,6.39912,134.699,3.5,AFP
KIC_6182849,6182849,2,0,6.39911,137.901,5.085,AFP
KIC_6183478,6183478,1,0,0.59028,131.803,1.845,AFP
KIC_6205852,6205852,1,0,0.762741,132.146,1.226,AFP
KIC_6205852,6205852,2,0,0.762748,131.726,2.746,AFP
KIC_6205897,6205897,1,1,4.41769,133.963,1.841,PC
KIC_6206125,6206125,1,0,0.859824,132.271,3.803,AFP
KIC_6224148,6224148,2,0,0.797022,131.597,0.7985,AFP
KIC_6224312,6224312,1,0,0.860961,132.018,3.106,AFP
KIC_6224312,6224312,2,0,0.860943,131.59,3.421,AFP
KIC_5865766,5865766,1,0,3.67475,135.197,11.64,AFP
KIC_5865766,5865766,2,0,3.67451,134.35,7.673,AFP
KIC_5881813,5881813,1,1,109.647,190.678,6.3,PC
KIC_5881813,5881813,2,1,11.6153,131.987,2.2,PC
KIC_5899544,5899544,1,0,1.73942,132.244,2.253,AFP
KIC_5899971,5899971,1,0,0.957337,132.285,3.148,NTP
KIC_5964483,5964483,1,0,4.38614,133.389,7.992,AFP
KIC_5964483,5964483,2,0,4.38534,135.76,15.07,AFP
KIC_5965819,5965819,1,1,8.23982,137.755,5.69,PC
KIC_5982353,5982353,2,0,19.5631,144.845,6.894,AFP
KIC_5982368,5982368,1,0,19.5631,134.354,6.679,AFP
KIC_5983348,5983348,1,0,25.1508,150.346,7.689,AFP
KIC_6021275,6021275,3,1,6.17817,131.794,3.247,PC
KIC_6021275,6021275,4,1,110.287,239.216,4.27,PC
KIC_6022419,6022419,1,0,1.46829,131.537,1.834,NTP
KIC_6041803,6041803,1,0,2.1585,132.388,7.165,NTP
KIC_6042031,6042031,1,0,0.537099,131.572,1.168,AFP
KIC_6042214,6042214,1,0,27.0462,144.91,2.72,AFP
KIC_6060580,6060580,1,0,2.31337,133.198,2.413,AFP
KIC_6060580,6060580,2,0,2.31336,132.042,1.5,AFP
KIC_6061119,6061119,1,1,27.8076,158.906,4.218,PC
KIC_6070312,6070312,2,0,3.97848,135.224,7.393,AFP
KIC_6070312,6070312,3,0,3.97919,133.7,6.74,AFP
KIC_6070337,6070337,1,1,40.0688,143.747,2.125,PC
KIC_6070392,6070392,1,0,1.73834,132.873,8.685,NTP
KIC_5706966,5706966,1,1,12.5511,137.263,3.152,PC
KIC_5706966,5706966,2,1,24.0883,134.425,3.968,PC
KIC_5725312,5725312,2,0,0.530624,131.52,0.8776,AFP
KIC_5725312,5725312,3,0,0.530623,131.839,0.7711,AFP
KIC_5737166,5737166,2,0,5.42876,134.132,15.09,AFP
KIC_5737166,5737166,3,0,5.42862,136.837,17.07,AFP
KIC_5737687,5737687,1,0,0.740846,131.628,1.181,AFP
KIC_5737687,5737687,2,0,0.740854,131.936,1.308,AFP
KIC_5779852,5779852,1,1,252.08,240.234,4.028,PC
KIC_5780269,5780269,2,0,659.166,272.524,5.078,NTP
KIC_5794570,5794570,2,1,1.11612,131.852,1.344,PC
KIC_5794619,5794619,1,0,559.945,454.914,16.53,NTP
KIC_5814635,5814635,1,0,3.86964,131.624,2.373,AFP
KIC_5814635,5814635,2,0,3.8696,134.958,2.126,AFP
KIC_5814635,5814635,3,0,1.28982,132.255,2.855,NTP
KIC_5866001,5866001,1,0,1.74459,131.691,4.82,NTP
KIC_5866001,5866001,2,0,5.23344,132.559,14.69,NTP
KIC_5866001,5866001,3,0,2.61557,131.598,8.251,NTP
KIC_5866001,5866001,4,0,1.30838,131.628,4.379,NTP
KIC_5887393,5887393,1,0,1.55091,131.617,3.058,NTP
KIC_5888069,5888069,1,0,2.62325,132.649,8.217,NTP
KIC_5899971,5899971,2,0,1.91486,131.754,5.286,NTP
KIC_5900235,5900235,1,1,58.7702,174.782,6.817,PC
KIC_5952309,5952309,1,0,0.905694,132.183,1.301,AFP
KIC_5952366,5952366,1,0,0.90567,132.201,1.164,AFP
KIC_5952366,5952366,2,1,22.7359,144.061,52.52,PC
KIC_5952403,5952403,1,0,0.905683,132.195,0.8668,AFP
KIC_5965819,5965819,2,1,19.5907,144.657,6.888,PC
KIC_5965819,5965819,3,1,3.54552,132.377,4.171,PC
KIC_5965860,5965860,1,0,0.589525,131.87,1.851,AFP
KIC_5983348,5983348,2,0,25.1508,137.889,5.217,AFP
KIC_6022556,6022556,1,1,3.70985,134.892,2.92,PC
KIC_6022792,6022792,1,0,1.45174,131.92,4.116,NTP
KIC_6023835,6023835,1,0,1.20757,131.75,4.875,AFP
KIC_6042663,6042663,1,0,30.9718,151.532,8.32,AFP
KIC_6042663,6042663,2,0,30.9718,134.548,4.955,AFP
KIC_6043562,6043562,1,1,31.4203,132.739,3.852,PC
KIC_6061584,6061584,1,0,0.561994,131.648,1.585,AFP
KIC_6061584,6061584,2,0,0.561995,131.842,1.427,AFP
KIC_5685704,5685704,1,0,3.83194,132.617,12.19,NTP
KIC_5686174,5686174,1,1,14.2822,138.004,2.705,PC
KIC_5707308,5707308,1,0,2.94532,134.454,8.568,NTP
KIC_5707308,5707308,2,0,459.251,260.341,3.899,NTP
KIC_5725851,5725851,1,0,1.14014,132.33,3.201,AFP
KIC_5737687,5737687,3,0,0.578659,131.885,2.509,AFP
KIC_5737687,5737687,4,0,0.578656,131.613,2.0,AFP
KIC_5737902,5737902,1,0,0.60141,132.074,1.158,AFP
KIC_5780460,5780460,1,1,35.6176,161.418,8.554,PC
KIC_5780715,5780715,1,0,1.58316,131.97,1.12,AFP
KIC_5780855,5780855,1,1,5.67576,134.912,3.509,PC
KIC_5795522,5795522,1,0,4.3067,135.226,11.03,NTP
KIC_5795648,5795648,1,0,4.55337,135.434,3.196,AFP
KIC_5795648,5795648,2,0,4.55334,133.151,2.0,AFP
KIC_5796185,5796185,1,0,42.5593,161.57,3.531,AFP
KIC_5796185,5796185,2,0,42.559,133.496,6.0,AFP
KIC_5816165,5816165,1,0,0.591913,131.612,0.6541,AFP
KIC_5816288,5816288,1,0,0.633268,131.95,1.971,NTP
KIC_5816806,5816806,1,0,2.2277,132.232,5.192,AFP
KIC_5866001,5866001,5,0,0.747714,132.294,2.558,NTP
KIC_5866098,5866098,1,0,0.929903,132.042,1.367,AFP
KIC_5866098,5866098,2,0,0.929988,131.541,3.069,AFP
KIC_5866099,5866099,1,0,36.9772,133.627,3.838,AFP
KIC_5891196,5891196,2,0,4.16087,132.519,8.138,AFP
KIC_5900390,5900390,1,0,0.624663,131.877,1.395,AFP
KIC_5900574,5900574,1,0,1.58514,132.893,5.135,NTP
KIC_5900574,5900574,2,0,1.36646,132.749,4.263,NTP
KIC_5900574,5900574,3,0,0.91037,131.907,3.485,NTP
KIC_5952403,5952403,2,0,0.905667,131.749,1.479,AFP
KIC_5952457,5952457,1,0,0.905637,132.216,1.281,AFP
KIC_5953297,5953297,1,1,5.6201,132.95,2.504,PC
KIC_5965860,5965860,2,0,0.589595,132.104,1.523,AFP
KIC_5966154,5966154,1,1,25.6721,140.753,6.01,PC
KIC_5966154,5966154,2,1,151.885,176.412,11.67,PC
KIC_5966212,5966212,1,0,0.523468,131.774,1.498,AFP
KIC_5984278,5984278,1,0,2.25172,132.472,3.154,AFP
KIC_5984278,5984278,2,0,2.25101,132.014,7.951,AFP
KIC_5984615,5984615,1,0,3.54196,132.523,6.134,AFP
KIC_5984615,5984615,2,0,3.54198,133.252,9.106,AFP
KIC_6023835,6023835,2,0,1.20767,132.296,4.609,AFP
KIC_6023859,6023859,1,1,27.0098,141.29,1.983,PC
KIC_6024477,6024477,1,0,3.83761,135.064,11.34,AFP
KIC_6044064,6044064,1,0,5.06316,133.711,10.5,AFP
KIC_6044064,6044064,2,0,5.06316,136.231,10.5,AFP
KIC_6044188,6044188,1,0,0.566801,131.792,2.0,NTP
KIC_6044553,6044553,1,0,0.532077,131.922,1.449,AFP
KIC_6044999,6044999,1,0,0.566756,131.964,1.881,NTP
KIC_6061773,6061773,1,1,8.27741,138.258,2.755,PC
KIC_6062088,6062088,1,1,3.16269,131.69,1.891,PC
KIC_6062088,6062088,2,1,5.37065,134.643,2.077,PC
KIC_6062088,6062088,3,1,11.3298,133.963,4.032,PC
KIC_5686974,5686974,1,0,4.18252,134.006,2.575,AFP
KIC_5687700,5687700,1,1,6.36271,131.811,3.11,PC
KIC_5687986,5687986,1,0,459.284,260.251,5.156,NTP
KIC_5707985,5707985,1,0,5.95504,134.235,7.919,AFP
KIC_5707985,5707985,2,0,5.95564,132.794,15.09,AFP
KIC_5726910,5726910,1,0,2.43143,133.833,2.859,AFP
KIC_5727773,5727773,2,0,1.36537,132.817,2.724,AFP
KIC_5727773,5727773,3,0,1.36513,132.25,5.0,AFP
KIC_5737902,5737902,2,0,0.601403,131.624,1.507,AFP
KIC_5737902,5737902,3,0,0.601404,131.774,1.512,AFP
KIC_5738127,5738127,1,0,0.606578,132.044,2.09,AFP
KIC_5780885,5780885,1,1,4.88549,134.277,5.201,PC
KIC_5780885,5780885,2,0,4.88546,131.836,4.691,AFP
KIC_5780930,5780930,1,1,16.7526,131.595,3.111,PC
KIC_5796186,5796186,1,0,42.5593,161.57,3.075,AFP
KIC_5796675,5796675,1,1,16.0807,134.518,2.884,PC
KIC_5801452,5801452,1,0,3.1233,133.079,6.418,AFP
KIC_5816811,5816811,1,0,2.22768,132.236,3.681,AFP
KIC_5817023,5817023,1,0,0.932972,132.227,2.275,AFP
KIC_5817023,5817023,2,0,0.933201,132.019,2.102,AFP
KIC_5817210,5817210,1,0,3.2822,132.519,8.438,NTP
KIC_5866099,5866099,2,0,36.9769,160.684,11.34,AFP
KIC_5866104,5866104,1,0,36.9772,133.623,5.539,AFP
KIC_5866104,5866104,2,0,36.9771,160.685,12.02,AFP
KIC_5891196,5891196,3,0,4.16069,134.565,11.93,AFP
KIC_5903301,5903301,1,1,1.16015,132.147,1.911,PC
KIC_5903312,5903312,1,0,1.16014,132.148,1.238,AFP
KIC_5903453,5903453,1,0,459.14,260.345,8.887,NTP
KIC_5954001,5954001,1,1,11.693,142.672,5.391,PC
KIC_5954795,5954795,1,0,3.43961,134.229,10.25,NTP
KIC_5966212,5966212,2,0,0.523428,131.511,1.486,AFP
KIC_5966212,5966212,3,0,0.523383,131.799,1.479,AFP
KIC_5966322,5966322,1,1,60.9283,173.371,6.336,PC
KIC_5966660,5966660,1,0,1.90661,131.937,2.025,AFP
KIC_5984615,5984615,3,0,3.542,134.686,8.881,AFP
KIC_5985441,5985441,1,0,1.49569,131.601,3.958,AFP
KIC_6024477,6024477,2,0,3.83492,134.339,12.08,AFP
KIC_6025124,6025124,1,1,26.8377,158.125,1.643,PC
KIC_6025174,6025174,1,1,171.031,301.737,11.46,PC
KIC_6045250,6045250,1,0,0.909336,131.703,1.28,AFP
KIC_6062766,6062766,2,0,1.36815,131.619,3.407,NTP
KIC_6062929,6062929,1,1,22.1334,152.184,2.049,PC
KIC_6063190,6063190,1,0,2.38527,133.183,9.587,NTP
KIC_5688683,5688683,1,1,2.79065,133.153,0.814,PC
KIC_5688683,5688683,2,1,4.44907,131.745,1.532,PC
KIC_5688790,5688790,1,1,8.07397,136.339,2.077,PC
KIC_5688910,5688910,1,1,25.8732,143.281,5.466,PC
KIC_5709664,5709664,1,0,0.561252,131.98,2.246,AFP
KIC_5709664,5709664,2,0,0.561381,131.778,1.041,AFP
KIC_5709725,5709725,1,1,86.4948,181.884,7.234,PC
KIC_5709725,5709725,2,1,3.70177,131.729,2.726,PC
KIC_5727964,5727964,1,0,1.63012,132.535,1.003,NTP
KIC_5728139,5728139,1,1,5.33408,131.982,6.33,PC
KIC_5738127,5738127,2,0,0.606599,131.751,2.388,AFP
KIC_5738346,5738346,1,0,30.6114,160.343,3.516,AFP
KIC_5738346,5738346,2,0,30.6113,142.711,5.983,AFP
KIC_5738431,5738431,1,0,1.1471,132.522,3.054,AFP
KIC_5781774,5781774,1,0,0.653984,131.56,1.911,NTP
KIC_5781774,5781774,2,0,1.80731,132.184,8.475,NTP
KIC_5781841,5781841,1,0,1.69292,133.113,4.428,NTP
KIC_5781841,5781841,2,0,4.65481,131.516,15.0,NTP
KIC_5801452,5801452,2,0,3.12374,133.902,8.463,AFP
KIC_5801452,5801452,3,0,3.12314,131.708,5.821,AFP
KIC_5801452,5801452,4,0,3.12331,132.285,8.848,AFP
KIC_5801571,5801571,1,1,0.838598,132.314,1.036,PC
KIC_5817243,5817243,1,0,1.46832,131.711,4.681,NTP
KIC_5817533,5817533,1,0,4.20618,132.231,5.25,AFP
KIC_5817553,5817553,1,0,4.20606,132.263,6.038,AFP
KIC_5866724,5866724,1,1,5.85994,132.039,4.04,PC
KIC_5866724,5866724,2,1,2.1549,133.504,3.082,PC
KIC_5891975,5891975,2,0,2.76187,132.744,3.533,AFP
KIC_5891975,5891975,3,0,2.76187,133.251,3.495,AFP
KIC_5892660,5892660,1,0,3.60481,133.772,8.826,AFP
KIC_5903749,5903749,1,1,18.9764,134.829,2.194,PC
KIC_5903749,5903749,2,1,6.34721,133.005,2.985,PC
KIC_5904699,5904699,1,0,0.60432,131.517,2.0,NTP
KIC_5956342,5956342,1,1,17.029,143.336,4.616,PC
KIC_5956342,5956342,2,1,6.84615,132.176,3.583,PC
KIC_5966810,5966810,1,1,247.878,133.944,19.21,PC
KIC_5972334,5972334,1,1,15.3588,132.385,4.178,PC
KIC_5985441,5985441,2,0,1.49567,132.545,3.599,AFP
KIC_5985713,5985713,1,1,8.95294,134.338,2.963,PC
KIC_5986209,5986209,1,0,23.738,132.037,2.5,AFP
KIC_5986209,5986209,2,0,23.7379,147.007,8.51,AFP
KIC_6026438,6026438,1,1,5.47662,135.71,2.434,PC
KIC_6026438,6026438,2,1,24.21,141.469,4.361,PC
KIC_6026438,6026438,3,1,16.9346,137.268,3.535,PC
KIC_6046540,6046540,1,1,7.34072,134.346,3.082,PC
KIC_6047059,6047059,1,0,2.91069,131.602,11.15,AFP
KIC_6063220,6063220,1,1,4.60357,135.013,2.367,PC
KIC_6063322,6063322,1,0,7.20956,131.981,16.25,NTP
KIC_6063322,6063322,2,0,349.114,184.527,14.89,NTP
KIC_5688997,5688997,1,1,23.8704,136.967,3.462,PC
KIC_5689351,5689351,1,1,13.7671,133.512,2.848,PC
KIC_5689351,5689351,2,1,87.0906,187.317,6.351,PC
KIC_5689351,5689351,3,1,8.34818,136.84,3.017,PC
KIC_5709889,5709889,1,0,0.526876,131.876,1.175,AFP
KIC_5709906,5709906,1,1,3.39159,134.13,3.279,PC
KIC_5710069,5710069,1,1,36.258,146.843,6.054,PC
KIC_5716101,5716101,1,0,14.6974,134.874,6.619,AFP
KIC_5728217,5728217,2,0,0.626315,131.583,1.5,AFP
KIC_5728217,5728217,3,0,0.626252,131.749,1.29,AFP
KIC_5728283,5728283,1,0,6.19827,133.787,7.517,AFP
KIC_5728283,5728283,2,0,3.09914,133.558,4.902,AFP
KIC_5738431,5738431,3,0,1.14723,131.872,5.526,AFP
KIC_5738496,5738496,1,0,9.50156,137.662,4.851,AFP
KIC_5738496,5738496,2,0,9.50161,131.973,4.013,AFP
KIC_5783203,5783203,1,0,0.675307,132.008,2.234,AFP
KIC_5783203,5783203,2,0,0.675346,131.642,3.328,AFP
KIC_5802246,5802246,1,0,0.524944,131.675,1.038,AFP
KIC_5802246,5802246,2,0,0.525144,131.654,0.9895,AFP
KIC_5817566,5817566,1,0,4.20607,132.256,9.438,AFP
KIC_5817613,5817613,1,0,4.20587,132.292,7.048,AFP
KIC_5817712,5817712,1,0,4.20605,132.281,7.037,AFP
KIC_5817986,5817986,1,0,0.584307,132.014,1.5,AFP
KIC_5818068,5818068,1,0,14.1268,137.904,5.85,AFP
KIC_5866724,5866724,3,1,8.13121,137.992,4.253,PC
KIC_5868793,5868793,1,1,4.83819,135.146,1.384,PC
KIC_5892660,5892660,2,0,3.60477,132.438,12.51,AFP
KIC_5892969,5892969,1,0,0.520388,131.884,1.667,AFP
KIC_5892969,5892969,2,0,0.520395,131.617,1.5,AFP
KIC_5956342,5956342,3,1,67.8315,193.718,7.216,PC
KIC_5956342,5956342,4,1,43.1304,166.281,3.194,PC
KIC_5956354,5956354,1,0,8.03864,135.312,3.433,AFP
KIC_5956656,5956656,1,1,1.22488,131.978,1.612,PC
KIC_5972334,5972334,2,1,2.41838,132.513,2.011,PC
KIC_5972334,5972334,3,1,0.708602,131.957,1.429,PC
KIC_5972334,5972334,4,1,38.6523,164.037,5.883,PC
KIC_5976413,5976413,1,0,3.30633,132.169,16.59,NTP
KIC_5986209,5986209,3,0,23.737,132.267,15.0,AFP
KIC_5986270,5986270,1,0,1.53467,132.334,1.606,AFP
KIC_5987529,5987529,1,0,485.875,423.262,4.121,NTP
KIC_5988031,5988031,1,0,2.55554,131.94,4.76,AFP
KIC_6026737,6026737,1,1,10.1749,132.338,4.275,PC
KIC_6026737,6026737,2,1,3.75027,134.807,2.908,PC
KIC_6026924,6026924,1,1,56.6457,138.778,15.35,PC
KIC_6028860,6028860,1,1,0.844017,131.762,0.8787,PC
KIC_6047059,6047059,2,0,2.90986,133.678,10.6,AFP
KIC_6047072,6047072,1,1,4.271,133.147,2.246,PC
KIC_6047498,6047498,1,0,1.03744,131.602,0.8407,AFP
KIC_6063322,6063322,3,0,4.80688,135.776,14.69,NTP
KIC_6063448,6063448,1,0,76.0181,139.943,13.46,AFP
KIC_6063448,6063448,2,0,76.0181,199.051,9.341,AFP
KIC_5689351,5689351,4,1,6.19549,134.714,2.939,PC
KIC_5689351,5689351,5,1,3.2506,133.693,2.228,PC
KIC_5693165,5693165,1,0,3.49569,134.514,5.492,NTP
KIC_5716101,5716101,2,0,14.6984,134.228,16.22,AFP
KIC_5716244,5716244,1,0,1.33023,132.85,2.998,NTP
KIC_5716330,5716330,1,0,3.13739,131.957,8.917,AFP
KIC_5716330,5716330,2,0,3.13762,133.499,12.17,AFP
KIC_5728283,5728283,3,0,6.1982,136.332,10.38,AFP
KIC_5728283,5728283,4,0,3.09902,133.991,4.282,AFP
KIC_5728843,5728843,2,0,0.654409,131.725,0.9247,AFP
KIC_5738506,5738506,1,0,9.50169,137.644,5.0,AFP
KIC_5738506,5738506,2,0,9.50156,131.976,3.0,AFP
KIC_5738634,5738634,1,0,2.40435,133.227,3.115,AFP
KIC_5738698,5738698,1,0,2.40437,133.214,3.5,AFP
KIC_5739204,5739204,1,0,1.81118,131.757,2.534,AFP
KIC_5784777,5784777,1,1,5.33905,132.143,1.641,PC
KIC_5785279,5785279,1,1,0.909056,132.441,1.365,PC
KIC_5785707,5785707,2,0,0.912563,131.524,1.853,NTP
KIC_5802398,5802398,1,0,0.989068,132.36,2.694,AFP
KIC_5802398,5802398,2,0,0.988933,131.995,2.877,AFP
KIC_5802478,5802478,1,0,3.79186,134.137,2.578,AFP
KIC_5818068,5818068,2,0,14.1267,134.434,5.946,AFP
KIC_5819013,5819013,1,0,4.0181,131.545,6.835,NTP
KIC_5871918,5871918,1,0,12.6433,139.76,5.452,AFP
KIC_5871918,5871918,2,0,12.6433,132.153,3.047,AFP
KIC_5871985,5871985,1,1,213.259,268.133,8.9,PC
KIC_5893123,5893123,1,0,1.12595,132.482,1.37,AFP
KIC_5893839,5893839,1,0,4.21511,132.812,10.24,AFP
KIC_5905234,5905234,1,0,0.691624,132.122,2.221,NTP
KIC_5905234,5905234,2,0,1.67924,132.867,5.796,AFP
KIC_5905234,5905234,3,0,1.67909,132.143,4.344,AFP
KIC_5956656,5956656,2,1,46.2457,136.468,5.334,PC
KIC_5956776,5956776,1,0,0.568119,132.022,1.085,AFP
KIC_5957093,5957093,1,0,4.44399,131.979,14.08,NTP
KIC_5957093,5957093,2,0,1.48169,131.678,4.682,NTP
KIC_5976681,5976681,1,0,0.585152,131.667,1.195,AFP
KIC_5976681,5976681,2,0,0.585144,131.965,1.902,AFP
KIC_5977470,5977470,1,1,140.253,175.129,7.127,PC
KIC_5988140,5988140,1,0,2.90692,134.117,3.072,NTP
KIC_5988140,5988140,2,0,1.45332,131.568,2.521,AFP
KIC_5988140,5988140,3,0,1.45352,132.323,4.758,AFP
KIC_5988140,5988140,4,0,1.38983,131.833,4.902,AFP
KIC_5988140,5988140,5,0,1.38983,132.75,3.043,AFP
KIC_6029239,6029239,1,1,8.51204,132.349,2.202,PC
KIC_6048024,6048024,1,1,62.8158,151.478,2.655,PC
KIC_6064237,6064237,1,0,5.45132,133.496,9.822,AFP
KIC_6064237,6064237,2,0,5.45507,135.457,16.25,AFP
KIC_6065351,6065351,1,0,2.7319,133.625,8.562,AFP
KIC_6065351,6065351,2,0,2.73192,131.535,9.0,AFP
KIC_5695396,5695396,1,1,16.092,138.414,2.891,PC
KIC_5695396,5695396,2,1,25.5171,154.422,5.068,PC
KIC_5716763,5716763,1,0,0.640659,131.866,0.8812,AFP
KIC_5716932,5716932,1,1,56.4934,143.988,8.558,PC
KIC_5728843,5728843,3,0,0.654405,131.513,0.92,AFP
KIC_5730389,5730389,1,0,2.75958,131.716,4.006,AFP
KIC_5730394,5730394,1,0,2.7596,131.708,7.059,AFP
KIC_5730445,5730445,1,1,33.3586,137.57,1.793,PC
KIC_5739204,5739204,2,0,0.905592,131.931,2.299,NTP
KIC_5739204,5739204,3,0,1.81126,132.471,2.123,AFP
KIC_5739204,5739204,4,0,1.8202,132.511,4.076,AFP
KIC_5786676,5786676,1,1,11.9548,142.857,2.294,PC
KIC_5802478,5802478,2,0,1.89594,132.235,2.561,AFP
KIC_5802479,5802479,1,0,0.638242,131.748,1.883,AFP
KIC_5802479,5802479,2,0,0.638243,131.938,2.001,AFP
KIC_5802486,5802486,1,0,2.14782,131.749,1.223,AFP
KIC_5819157,5819157,1,0,1.33058,132.736,1.637,AFP
KIC_5819157,5819157,2,0,1.33054,132.082,4.56,AFP
KIC_5819178,5819178,1,0,0.991101,132.264,2.041,AFP
KIC_5819178,5819178,2,0,0.991132,132.457,1.87,AFP
KIC_5872150,5872150,1,0,20.3551,134.634,5.366,AFP
KIC_5872150,5872150,2,0,5.92241,132.36,3.237,AFP
KIC_5872150,5872150,3,0,20.355,144.381,5.018,AFP
KIC_5893839,5893839,3,0,0.602115,131.683,1.337,NTP
KIC_5893839,5893839,4,0,4.2136,135.161,4.567,AFP
KIC_5894044,5894044,1,0,0.715166,132.198,2.615,AFP
KIC_5894044,5894044,2,0,0.715201,132.063,5.437,AFP
KIC_5905822,5905822,1,1,6.99204,138.052,4.775,PC
KIC_5905878,5905878,1,0,0.798265,132.195,2.054,AFP
KIC_5905878,5905878,2,0,0.798263,132.068,1.978,AFP
KIC_5906426,5906426,1,1,13.9033,143.53,3.356,PC
KIC_5959719,5959719,1,1,6.73806,133.336,2.532,PC
KIC_5959719,5959719,2,1,13.0601,144.332,3.344,PC
KIC_5959753,5959753,1,1,8.30866,138.108,3.241,PC
KIC_5959837,5959837,1,0,1.57834,131.655,1.914,NTP
KIC_5977984,5977984,1,0,0.56353,131.614,1.197,AFP
KIC_5977984,5977984,2,0,0.563553,131.784,1.315,AFP
KIC_6029239,6029239,2,1,5.51829,136.561,2.699,PC
KIC_6032172,6032172,1,0,0.602919,131.579,1.691,AFP
KIC_6032172,6032172,2,0,0.603002,131.879,1.868,AFP
KIC_6032172,6032172,3,0,0.603137,132.067,1.5,AFP
KIC_6048411,6048411,1,0,697.901,152.889,8.469,NTP
KIC_6049190,6049190,1,1,70.4682,189.158,6.657,PC
KIC_6065651,6065651,1,0,0.574248,131.592,1.884,AFP
KIC_6065651,6065651,2,0,0.574243,131.884,1.505,AFP
KIC_5695524,5695524,1,1,59.771,148.972,4.413,PC
KIC_5695615,5695615,1,1,5.41688,133.807,4.183,PC
KIC_5695904,5695904,1,0,0.847694,131.775,1.08,AFP
KIC_5695904,5695904,2,0,0.847708,132.189,1.095,AFP
KIC_5717567,5717567,1,0,1.28761,132.433,1.129,AFP
KIC_5718385,5718385,1,0,421.819,334.944,10.74,NTP
KIC_5730714,5730714,1,0,3.92595,132.295,11.68,AFP
KIC_5730714,5730714,2,0,3.92658,134.098,7.223,AFP
KIC_5768816,5768816,1,1,47.9874,160.649,5.374,PC
KIC_5768927,5768927,1,0,4.39051,132.551,2.948,AFP
KIC_5769810,5769810,1,1,8.97376,139.741,2.023,PC
KIC_5787131,5787131,1,1,24.4368,134.798,6.452,PC
KIC_5788363,5788363,1,0,5.02353,135.701,13.65,AFP
KIC_5802486,5802486,2,0,2.14778,132.833,0.8742,AFP
KIC_5802637,5802637,1,1,7.34237,131.54,2.309,PC
KIC_5819801,5819801,1,1,11.83,138.296,5.274,PC
KIC_5819807,5819807,1,0,2.10189,131.792,6.186,NTP
KIC_5819807,5819807,2,0,4.20463,132.884,12.37,AFP
KIC_5873209,5873209,1,0,0.52922,131.977,3.894,NTP
KIC_5894073,5894073,1,0,10.5854,136.987,4.464,AFP
KIC_5894449,5894449,1,0,1.32577,132.632,3.2,AFP
KIC_5894449,5894449,2,0,1.32585,131.626,1.864,AFP
KIC_5906502,5906502,2,0,3.34612,134.262,6.641,NTP
KIC_5906694,5906694,1,1,13.0625,144.182,3.351,PC
KIC_5959837,5959837,2,0,3.15661,134.214,7.064,AFP
KIC_5959837,5959837,3,0,3.15694,131.96,5.791,AFP
KIC_5959837,5959837,4,0,3.1589,132.303,9.406,AFP
KIC_5978154,5978154,1,0,0.977298,132.358,4.412,NTP
KIC_5978170,5978170,1,1,5.68872,131.681,2.692,PC
KIC_5978295,5978295,1,0,0.51728,131.583,1.587,AFP
KIC_5978295,5978295,2,0,0.517285,131.836,1.807,AFP
KIC_5990753,5990753,1,0,7.21643,133.888,2.252,AFP
KIC_5990753,5990753,2,0,7.21651,137.979,2.055,AFP
KIC_5990915,5990915,1,0,2.72526,131.763,7.024,NTP
KIC_6032497,6032497,1,1,16.3298,144.636,5.932,PC
KIC_6032517,6032517,1,0,1.7914,132.994,1.878,AFP
KIC_6032730,6032730,1,0,0.51043,131.825,1.256,AFP
KIC_6050594,6050594,1,0,3.75711,134.397,12.55,AFP
KIC_6050594,6050594,2,0,3.75766,132.452,12.02,AFP
KIC_6056992,6056992,1,1,10.4311,133.936,3.847,PC
KIC_6065678,6065678,1,0,3.98722,132.408,11.44,AFP
KIC_6065699,6065699,1,0,1.32913,132.781,2.508,NTP
KIC_6065699,6065699,2,0,3.98746,134.625,5.571,AFP
KIC_6065699,6065699,3,0,3.98727,133.015,2.815,AFP
KIC_5696918,5696918,1,0,0.642999,131.69,1.092,AFP
KIC_5696918,5696918,2,0,0.643,132.021,1.079,AFP
KIC_5721628,5721628,1,0,0.806878,131.985,2.563,AFP
KIC_5721628,5721628,2,0,0.806923,131.543,2.275,AFP
KIC_5721632,5721632,1,0,0.656426,132.376,4.16,NTP
KIC_5730867,5730867,2,0,1.52945,131.603,4.609,NTP
KIC_5730867,5730867,3,0,3.05896,132.366,7.8,AFP
KIC_5730867,5730867,4,0,3.05903,133.861,5.782,AFP
KIC_5769810,5769810,2,1,6.78795,136.333,2.585,PC
KIC_5769943,5769943,1,0,1.01376,131.964,1.226,AFP
KIC_5770074,5770074,1,1,63.0383,169.118,7.322,PC
KIC_5771589,5771589,1,0,10.7384,139.903,2.352,AFP
KIC_5788363,5788363,2,0,2.512,132.038,3.182,AFP
KIC_5788363,5788363,3,0,5.02425,133.625,14.53,AFP
KIC_5788363,5788363,4,0,2.51138,132.516,7.021,AFP
KIC_5806877,5806877,1,0,0.760503,131.595,2.172,AFP
KIC_5806877,5806877,2,0,0.760522,131.954,3.402,AFP
KIC_5807415,5807415,1,0,0.734946,131.835,2.419,AFP
KIC_5819807,5819807,3,0,4.20576,134.687,9.679,AFP
KIC_5820218,5820218,1,0,3.41178,133.179,2.225,AFP
KIC_5821056,5821056,1,0,1.55346,132.415,2.742,AFP
KIC_5873209,5873209,2,0,5.20379,135.401,1.725,NTP
KIC_5876187,5876187,1,0,1.71413,131.955,2.412,AFP
KIC_5876187,5876187,2,0,1.71408,132.337,2.234,AFP
KIC_5894549,5894549,1,0,1.27592,132.586,3.43,AFP
KIC_5894549,5894549,2,0,1.27605,131.659,4.403,AFP
KIC_5894825,5894825,1,0,1.36297,132.711,1.585,AFP
KIC_5894825,5894825,2,0,1.36305,132.036,7.988,AFP
KIC_5908086,5908086,1,0,0.937236,131.943,3.206,AFP
KIC_5908086,5908086,2,0,0.937234,131.576,1.628,AFP
KIC_5938970,5938970,1,1,125.413,195.627,2.238,PC
KIC_5960484,5960484,1,0,0.605591,131.683,1.518,AFP
KIC_5960484,5960484,2,0,0.605764,131.923,1.957,AFP
KIC_5960899,5960899,1,0,0.845,131.554,2.389,AFP
KIC_5960899,5960899,2,0,0.844802,131.94,0.9197,AFP
KIC_5978361,5978361,1,1,9.17856,136.375,2.14,PC
KIC_5978436,5978436,1,0,2.27407,131.597,7.285,NTP
KIC_5978559,5978559,1,1,95.6085,138.366,7.9,PC
KIC_5991591,5991591,1,0,4.13485,133.759,15.0,AFP
KIC_5991591,5991591,2,0,4.13569,131.536,15.04,AFP
KIC_6032730,6032730,2,0,0.510436,131.567,0.8648,AFP
KIC_6033602,6033602,1,0,33.2947,141.526,2.874,NTP
KIC_6033640,6033640,1,0,726.647,137.509,11.7,NTP
KIC_6034945,6034945,1,1,9.115,133.976,4.573,PC
KIC_6057080,6057080,1,0,1.25098,132.281,4.261,AFP
KIC_6057080,6057080,2,0,1.25092,131.744,3.492,AFP
KIC_6057233,6057233,1,0,4.49237,132.08,14.76,AFP
KIC_6065699,6065699,4,0,1.99359,132.396,6.713,AFP
KIC_6065699,6065699,5,0,1.99361,131.647,5.001,AFP
KIC_6065823,6065823,1,0,0.845024,131.571,1.706,AFP
KIC_5700330,5700330,1,0,53.2204,138.58,17.69,AFP
KIC_5722346,5722346,1,0,0.514428,131.593,1.135,AFP
KIC_5722346,5722346,2,0,0.51443,131.93,1.45,AFP
KIC_5722346,5722346,3,0,0.514429,131.761,1.415,AFP
KIC_5731312,5731312,1,0,7.94638,135.093,2.718,AFP
KIC_5731312,5731312,2,0,7.94654,133.169,2.82,AFP
KIC_5731421,5731421,1,0,1.17673,132.138,2.356,AFP
KIC_5771589,5771589,2,0,10.7379,134.523,1.995,AFP
KIC_5771719,5771719,1,0,12.2649,139.304,4.768,AFP
KIC_5771719,5771719,2,0,12.2645,132.361,3.536,AFP
KIC_5772411,5772411,1,0,4.18725,133.251,9.467,NTP
KIC_5790807,5790807,1,0,79.9962,207.126,6.33,AFP
KIC_5807415,5807415,2,0,0.734958,132.079,2.32,AFP
KIC_5807415,5807415,3,0,0.734984,131.674,2.465,AFP
KIC_5807579,5807579,1,0,17.8443,133.695,5.088,AFP
KIC_5807579,5807579,2,0,17.8443,139.726,5.94,AFP
KIC_5821056,5821056,2,0,1.55361,131.615,4.532,AFP
KIC_5821056,5821056,3,0,0.517822,131.652,1.5,NTP
KIC_5821165,5821165,2,0,0.9033,132.206,3.406,NTP
KIC_5821557,5821557,1,0,497.618,131.521,6.0,NTP
KIC_5876360,5876360,1,0,1.05078,132.209,0.961,NTP
KIC_5876368,5876368,1,0,1.05083,132.145,0.9881,AFP
KIC_5876368,5876368,2,0,1.05083,131.622,1.043,AFP
KIC_5894972,5894972,1,0,3.34349,134.703,4.395,AFP
KIC_5894972,5894972,2,0,3.34131,133.628,8.465,AFP
KIC_5895158,5895158,1,1,1.09365,132.479,1.412,PC
KIC_5940165,5940165,1,1,9.30415,140.339,1.983,PC
KIC_5940273,5940273,1,0,0.735259,131.757,2.533,NTP
KIC_5940273,5940273,2,0,1.73664,131.882,4.303,AFP
KIC_5960899,5960899,3,0,0.845062,132.162,1.683,AFP
KIC_5960899,5960899,4,0,0.726877,131.535,2.319,NTP
KIC_5961350,5961350,1,0,5.26266,135.627,2.838,AFP
KIC_5961350,5961350,2,0,5.26265,132.994,2.607,AFP
KIC_5978913,5978913,1,0,0.792442,131.525,1.803,AFP
KIC_5978913,5978913,2,0,0.792447,131.914,3.219,AFP
KIC_5991765,5991765,1,0,9.25799,132.885,2.824,AFP
KIC_5991936,5991936,1,0,6.09769,133.3,3.437,AFP
KIC_5991936,5991936,2,0,0.807654,131.569,1.519,NTP
KIC_6035124,6035124,1,1,3.85692,134.471,2.032,PC
KIC_6035335,6035335,1,0,0.959619,131.848,2.443,AFP
KIC_6035335,6035335,2,0,0.959602,132.11,2.544,AFP
KIC_6035335,6035335,3,0,0.986325,132.359,3.024,NTP
KIC_6057233,6057233,2,0,4.49166,134.647,15.63,AFP
KIC_6057401,6057401,1,0,0.712883,131.858,1.782,AFP
KIC_6057401,6057401,2,0,0.71237,132.126,0.8033,AFP
KIC_6057401,6057401,3,0,0.712878,131.646,2.448,AFP
KIC_6065823,6065823,2,0,0.84514,131.962,1.622,AFP
KIC_5700330,5700330,2,0,53.2204,181.682,8.522,AFP
KIC_5702637,5702637,1,0,0.523474,132.033,0.5404,AFP
KIC_5722737,5722737,1,0,0.67229,131.651,3.49,AFP
KIC_5722737,5722737,2,0,0.676976,131.513,2.015,AFP
KIC_5722737,5722737,3,0,0.676973,131.732,1.588,AFP
KIC_5731421,5731421,2,0,1.17626,132.081,8.229,AFP
KIC_5731623,5731623,1,1,3.26177,131.778,1.315,PC
KIC_5732026,5732026,1,0,355.884,446.143,10.25,NTP
KIC_5772452,5772452,1,0,283.456,384.372,14.5,NTP
KIC_5773121,5773121,1,1,0.524187,131.598,1.183,PC
KIC_5791786,5791786,1,0,0.958186,131.872,2.167,AFP
KIC_5791786,5791786,2,0,0.958216,132.326,3.217,AFP
KIC_5791986,5791986,1,1,15.229,146.102,2.488,PC
KIC_5791986,5791986,2,1,24.6746,146.77,3.119,PC
KIC_5807769,5807769,1,0,7.99019,132.271,3.137,AFP
KIC_5823159,5823159,1,0,0.533217,131.75,1.493,AFP
KIC_5823159,5823159,2,0,0.533264,131.531,1.639,AFP
KIC_5876805,5876805,1,0,18.173,137.155,10.88,AFP
KIC_5876805,5876805,2,0,18.173,144.161,6.338,AFP
KIC_5878506,5878506,1,0,11.7687,137.108,1.106,NTP
KIC_5895238,5895238,2,0,1.47124,132.025,4.3,AFP
KIC_5895238,5895238,3,0,1.47144,131.685,5.564,AFP
KIC_5895588,5895588,1,0,0.849274,132.179,1.433,AFP
KIC_5940273,5940273,3,0,1.73654,132.247,4.093,AFP
KIC_5940490,5940490,2,0,4.87174,131.665,9.134,AFP
KIC_5961350,5961350,3,0,5.26349,135.871,7.94,AFP
KIC_5962262,5962262,1,1,8.61745,133.511,2.768,PC
KIC_5962509,5962509,1,0,0.790004,132.154,2.419,AFP
KIC_5979863,5979863,1,0,16.6219,133.553,3.929,AFP
KIC_5979863,5979863,2,0,16.6219,142.198,4.356,AFP
KIC_5979866,5979866,1,0,0.630083,131.792,1.537,AFP
KIC_5992210,5992210,1,0,0.641085,132.133,1.384,AFP
KIC_5992270,5992270,1,0,58.43,168.305,6.74,AFP
KIC_6019416,6019416,1,0,1.38173,132.239,3.415,AFP
KIC_6019416,6019416,2,0,1.38105,131.749,3.003,AFP
KIC_6037187,6037187,1,1,41.806,142.818,5.983,PC
KIC_6037581,6037581,1,1,9.59993,136.58,4.331,PC
KIC_6057684,6057684,1,0,0.540279,131.86,1.395,AFP
KIC_6058006,6058006,2,0,1.49172,131.526,3.975,NTP
KIC_6066379,6066379,1,0,1.30388,131.589,3.728,AFP
KIC_6066403,6066403,1,0,1.30383,131.611,1.603,AFP
KIC_6066416,6066416,1,0,1.30384,131.611,2.074,AFP
KIC_5702637,5702637,2,0,0.523492,131.747,2.0,AFP
KIC_5702939,5702939,1,0,18.3983,144.913,4.475,AFP
KIC_5722895,5722895,1,0,1.92819,132.693,3.502,NTP
KIC_5722895,5722895,3,0,2.68694,133.465,7.477,NTP
KIC_5732862,5732862,1,0,1.67714,131.612,9.631,NTP
KIC_5734003,5734003,1,0,0.528597,131.834,2.0,AFP
KIC_5774349,5774349,1,1,15.6557,139.471,3.946,PC
KIC_5774375,5774375,1,0,1.55027,132.639,4.582,NTP
KIC_5774557,5774557,1,0,0.748288,132.179,2.424,AFP
KIC_5792102,5792102,1,0,0.600568,131.652,1.8,AFP
KIC_5792202,5792202,1,1,31.3305,153.431,4.906,PC
KIC_5792202,5792202,2,1,15.3353,143.332,3.574,PC
KIC_5792202,5792202,3,1,6.54631,133.853,3.276,PC
KIC_5809890,5809890,1,1,1.2691,132.071,1.441,PC
KIC_5809890,5809890,2,1,2.85312,133.8,1.383,PC
KIC_5809954,5809954,1,1,137.864,172.815,1.436,PC
KIC_5823170,5823170,1,0,0.656959,132.191,2.131,AFP
KIC_5823170,5823170,2,0,0.656961,131.838,2.738,AFP
KIC_5879187,5879187,1,0,0.604513,131.695,1.645,AFP
KIC_5879187,5879187,2,0,0.604516,131.992,1.756,AFP
KIC_5880320,5880320,1,1,12.1097,140.213,6.022,PC
KIC_5896353,5896353,1,0,1.27169,131.65,4.3,NTP
KIC_5896353,5896353,2,0,3.82112,131.664,11.05,AFP
KIC_5896353,5896353,3,0,3.81882,135.057,7.698,AFP
KIC_5940490,5940490,3,0,4.87179,134.532,9.377,AFP
KIC_5941160,5941160,1,1,8.59481,137.251,3.211,PC
KIC_5941160,5941160,2,1,10.2222,135.892,1.205,PC
KIC_5963222,5963222,1,0,1.21726,132.116,2.465,AFP
KIC_5963222,5963222,2,0,1.21724,132.729,2.091,AFP
KIC_5963556,5963556,1,0,2.32892,131.64,5.109,NTP
KIC_5979866,5979866,2,0,0.630078,132.116,1.499,AFP
KIC_5980061,5980061,1,0,0.630529,132.0,1.089,AFP
KIC_5980061,5980061,2,0,0.63053,131.679,1.136,AFP
KIC_6019416,6019416,3,0,1.38182,131.996,2.666,AFP
KIC_6019416,6019416,4,0,1.3812,132.637,2.975,AFP
KIC_6019872,6019872,1,0,1.4859,132.743,1.517,AFP
KIC_6037581,6037581,2,1,20.6788,151.692,4.625,PC
KIC_6037581,6037581,3,1,2.02482,132.354,2.708,PC
KIC_6037612,6037612,1,0,2.52077,132.405,7.408,NTP
KIC_6058544,6058544,1,0,5.30106,134.145,16.65,AFP
KIC_6058544,6058544,2,0,5.29943,131.845,16.04,AFP
KIC_6058614,6058614,1,0,1.73108,133.049,1.647,AFP
KIC_6067545,6067545,1,1,550.858,307.689,14.72,PC
KIC_6067817,6067817,1,0,0.663882,131.874,1.82,AFP
KIC_5703256,5703256,1,0,0.731486,131.617,2.636,AFP
KIC_5705411,5705411,2,0,4.14693,133.3,14.38,NTP
KIC_5723310,5723310,2,0,4.48099,132.573,9.064,AFP
KIC_5723310,5723310,3,0,4.48105,134.798,10.96,AFP
KIC_5724440,5724440,1,0,0.504262,131.905,1.507,AFP
KIC_5734003,5734003,2,0,0.528546,131.629,2.211,AFP
KIC_5735248,5735248,2,0,3.66076,135.228,14.24,NTP
KIC_5735762,5735762,1,1,9.67395,135.014,3.316,PC
KIC_5774557,5774557,2,0,0.748285,131.704,2.5,AFP
KIC_5774557,5774557,3,0,0.834943,131.806,3.711,AFP
KIC_5774557,5774557,4,0,0.835207,132.308,2.5,AFP
KIC_5774743,5774743,1,0,4.07354,133.576,3.393,AFP
KIC_5792202,5792202,4,1,269.291,285.631,10.58,PC
KIC_5792656,5792656,1,0,0.926753,132.22,3.21,NTP
KIC_5810113,5810113,1,0,1.50001,131.661,2.375,AFP
KIC_5810113,5810113,2,0,1.49995,132.686,2.318,AFP
KIC_5810113,5810113,3,0,1.49996,132.199,5.411,AFP
KIC_5823587,5823587,2,0,0.706679,131.586,2.648,AFP
KIC_5823587,5823587,3,0,0.706687,131.938,2.5,AFP
KIC_5856571,5856571,1,1,9.59072,132.681,3.426,PC
KIC_5880320,5880320,2,1,4.75792,132.941,4.576,PC
KIC_5880320,5880320,3,1,8.19348,139.003,4.809,PC
KIC_5880320,5880320,4,1,20.4966,147.454,6.402,PC
KIC_5896353,5896353,4,0,3.81739,133.066,3.164,AFP
KIC_5896439,5896439,1,0,0.971673,132.106,2.923,AFP
KIC_5896439,5896439,3,0,0.971629,131.743,2.637,AFP
KIC_5941836,5941836,1,0,1.52726,132.064,5.029,AFP
KIC_5941836,5941836,2,0,1.52723,132.871,6.163,AFP
KIC_5963582,5963582,1,1,25.5434,140.585,8.422,PC
KIC_5963591,5963591,1,0,146.936,190.521,11.54,NTP
KIC_5980208,5980208,1,1,0.789152,131.514,1.06,PC
KIC_6020753,6020753,1,1,4.06941,134.395,2.05,PC
KIC_6020753,6020753,2,1,16.2825,131.952,2.914,PC
KIC_6020898,6020898,1,0,4.01592,133.078,16.3,AFP
KIC_6020929,6020929,1,0,4.01576,133.171,13.87,AFP
KIC_6037990,6037990,1,0,0.94155,132.196,1.024,AFP
KIC_6058614,6058614,2,0,1.73107,132.187,1.144,AFP
KIC_6058816,6058816,1,1,73.7502,188.522,13.28,PC
KIC_6058816,6058816,2,1,4.74838,135.785,4.683,PC
KIC_6058875,6058875,1,0,0.564933,131.786,1.5,AFP
KIC_6067817,6067817,2,0,0.663885,132.056,1.508,AFP
KIC_6068038,6068038,1,0,13.6655,143.963,15.56,AFP
KIC_5705575,5705575,1,0,0.793493,131.647,2.545,AFP
KIC_5705575,5705575,2,0,0.793538,132.009,3.709,AFP
KIC_5705819,5705819,1,1,8.77998,138.483,3.102,PC
KIC_5724440,5724440,2,0,0.504261,131.64,1.545,AFP
KIC_5735762,5735762,2,1,4.77801,133.617,2.976,PC
KIC_5735762,5735762,3,1,42.8962,146.065,5.675,PC
KIC_5735878,5735878,1,0,16.8321,133.175,7.804,AFP
KIC_5774743,5774743,3,0,4.07334,134.889,3.218,AFP
KIC_5774743,5774743,4,0,4.06545,133.896,5.712,AFP
KIC_5792900,5792900,2,0,2.98086,134.48,8.614,NTP
KIC_5793275,5793275,1,1,535.862,135.68,11.74,PC
KIC_5794038,5794038,1,0,0.702979,131.913,2.161,NTP
KIC_5810197,5810197,1,0,459.163,260.392,4.995,NTP
KIC_5811454,5811454,1,0,0.534386,131.902,1.487,AFP
KIC_5811454,5811454,2,0,0.534423,131.626,2.0,AFP
KIC_5812648,5812648,1,0,4.04298,134.227,12.79,AFP
KIC_5857540,5857540,1,1,13.628,135.447,2.94,PC
KIC_5857714,5857714,1,0,0.659115,132.028,1.563,AFP
KIC_5857714,5857714,2,0,0.659015,131.954,1.745,AFP
KIC_5857714,5857714,3,0,0.659115,131.591,2.443,AFP
KIC_5880661,5880661,1,0,3.2556,133.914,5.276,NTP
KIC_5897645,5897645,1,0,1.82514,132.811,5.622,AFP
KIC_5897645,5897645,2,0,1.82528,131.816,6.103,AFP
KIC_5942093,5942093,1,1,14.3873,131.851,1.438,PC
KIC_5942808,5942808,1,1,2.93535,133.25,1.436,PC
KIC_5964069,5964069,2,0,0.813346,132.114,2.437,NTP
KIC_5964173,5964173,1,0,2.05924,133.226,6.225,AFP
KIC_5980783,5980783,1,1,37.3041,133.29,6.584,PC
KIC_5981039,5981039,1,0,0.612727,132.123,0.793,AFP
KIC_5981039,5981039,2,0,0.612733,131.746,1.404,AFP
KIC_5981039,5981039,3,0,0.612736,131.995,1.5,AFP
KIC_6021111,6021111,1,0,3.42634,134.655,10.56,AFP
KIC_6021111,6021111,2,0,3.42675,131.951,9.721,AFP
KIC_6021193,6021193,1,1,11.9321,142.108,6.283,PC
KIC_6037990,6037990,2,0,0.941477,131.861,3.141,AFP
KIC_6039039,6039039,1,0,1.11917,132.466,3.765,NTP
KIC_6058896,6058896,1,0,0.564917,131.804,1.618,AFP
KIC_6059860,6059860,1,0,6.63154,132.792,15.24,NTP
KIC_6060203,6060203,1,1,1.02268,132.434,1.342,PC
KIC_6060277,6060277,1,0,0.541493,132.041,1.528,AFP
KIC_6068038,6068038,2,0,13.6635,131.61,17.09,AFP
KIC_6068947,6068947,1,0,0.573002,131.997,0.5908,NTP
KIC_5705927,5705927,1,0,1.61237,132.909,4.848,AFP
KIC_5705927,5705927,2,0,1.61239,132.582,3.599,AFP
KIC_5705927,5705927,3,0,0.806124,131.675,2.275,NTP
KIC_5724810,5724810,1,0,0.682546,132.136,1.843,AFP
KIC_5724810,5724810,2,0,0.682746,131.644,2.081,AFP
KIC_5724811,5724811,1,0,0.682568,132.127,2.574,AFP
KIC_5724811,5724811,2,0,0.682649,131.677,2.275,AFP
KIC_5735878,5735878,2,0,16.8321,137.257,6.269,AFP
KIC_5736461,5736461,1,0,7.34616,136.891,6.565,AFP
KIC_5736461,5736461,2,0,7.34615,132.706,6.841,AFP
KIC_5775128,5775128,1,0,1.91321,131.968,5.461,AFP
KIC_5775128,5775128,2,0,1.91313,132.537,5.916,AFP
KIC_5775129,5775129,1,1,3.84824,131.915,2.027,PC
KIC_5775232,5775232,1,0,0.60011,131.527,1.477,AFP
KIC_5794197,5794197,1,0,1.47677,132.525,4.239,AFP
KIC_5794197,5794197,2,0,1.47679,132.211,4.973,AFP
KIC_5794197,5794197,3,0,1.47677,132.84,2.35,AFP
KIC_5812648,5812648,2,0,4.04292,131.545,12.18,AFP
KIC_5812701,5812701,1,1,17.8552,146.596,7.434,PC
KIC_5812960,5812960,1,1,18.4923,136.514,3.526,PC
KIC_5858519,5858519,1,0,4.18227,134.079,4.5,AFP
KIC_5859725,5859725,1,1,18.9817,139.296,4.695,PC
KIC_5881120,5881120,1,1,4.85019,135.316,4.18,PC
KIC_5881688,5881688,1,1,4.19042,133.728,2.812,PC
KIC_5897826,5897826,1,0,33.8048,134.632,9.92,AFP
KIC_5898780,5898780,1,0,1.73271,132.67,5.645,AFP
KIC_5898780,5898780,2,0,1.73271,131.816,6.631,AFP
KIC_5942808,5942808,2,1,0.626283,131.904,1.164,PC
KIC_5942949,5942949,1,1,57.2928,146.237,6.121,PC
KIC_5946568,5946568,1,1,3.56454,134.442,2.103,PC
KIC_5964173,5964173,2,0,2.05934,132.493,3.033,AFP
KIC_5964173,5964173,3,0,2.05918,131.875,7.319,AFP
KIC_5964350,5964350,1,0,1.03901,131.928,3.329,AFP
KIC_5964350,5964350,2,0,1.03941,131.755,2.746,AFP
KIC_5981058,5981058,1,1,27.7644,132.097,17.37,PC
KIC_5982353,5982353,1,0,19.5631,134.355,6.946,AFP
KIC_6021193,6021193,2,1,7.54232,132.964,4.741,PC
KIC_6021193,6021193,3,1,3.61458,134.703,3.349,PC
KIC_6021275,6021275,1,1,6.41493,137.565,3.262,PC
KIC_6021275,6021275,2,1,18.0102,143.4,2.932,PC
KIC_6041680,6041680,1,0,2.05165,131.722,4.197,AFP
KIC_6041680,6041680,2,0,2.0517,132.082,1.743,AFP
KIC_6041734,6041734,1,1,24.3395,136.068,3.231,PC
KIC_6041734,6041734,2,1,76.5372,164.153,5.659,PC
KIC_6060277,6060277,2,0,0.541535,131.74,2.234,AFP
KIC_6060355,6060355,1,0,0.589869,131.673,1.498,AFP
KIC_6060355,6060355,2,0,0.589841,131.888,1.204,AFP
KIC_6070312,6070312,1,0,3.98131,132.339,11.53,AFP
KIC_5706595,5706595,1,1,4.57954,135.089,3.219,PC
KIC_5706595,5706595,2,1,19.0232,139.654,3.447,PC
KIC_5725312,5725312,1,0,0.604876,131.685,2.165,NTP
KIC_5737104,5737104,1,0,1.06361,132.253,2.577,AFP
KIC_5737104,5737104,2,0,1.06363,131.806,2.827,AFP
KIC_5775232,5775232,2,0,0.600123,131.661,1.5,AFP
KIC_5775232,5775232,3,0,0.600122,131.967,1.5,AFP
KIC_5775232,5775232,4,0,0.600128,131.808,1.5,AFP
KIC_5779724,5779724,1,0,390.407,398.25,16.39,NTP
KIC_5794240,5794240,1,1,2.45524,131.539,1.819,PC
KIC_5794339,5794339,1,0,459.319,260.242,4.5,NTP
KIC_5794379,5794379,1,1,12.7181,137.201,3.264,PC
KIC_5794379,5794379,2,1,36.066,162.515,4.378,PC
KIC_5794570,5794570,1,1,5.44832,132.491,2.221,PC
KIC_5812973,5812973,1,0,0.717534,132.217,1.453,AFP
KIC_5812973,5812973,2,0,0.716709,131.925,1.569,AFP
KIC_5812973,5812973,3,0,0.717499,131.632,2.491,AFP
KIC_5812973,5812973,4,0,0.716834,131.745,2.5,AFP
KIC_5814013,5814013,1,0,1.57012,132.133,2.321,AFP
KIC_5860968,5860968,1,1,122.356,134.346,12.18,PC
KIC_5864975,5864975,1,1,98.7179,131.587,6.384,PC
KIC_5865654,5865654,1,1,23.9553,146.667,3.215,PC
KIC_7100673,7100673,1,1,3.95123,134.211,2.629,PC
KIC_7100673,7100673,2,1,5.99268,131.756,2.664,PC
KIC_7100673,7100673,3,1,2.89221,132.87,2.617,PC
KIC_7115450,7115450,1,0,0.566842,131.778,1.87,NTP
KIC_7115463,7115463,1,0,0.566762,131.842,1.765,NTP
KIC_7115499,7115499,1,0,0.566788,131.817,2.0,NTP
KIC_7115530,7115530,1,0,0.566766,131.857,1.708,NTP
KIC_7115550,7115550,1,0,0.566802,131.8,1.731,NTP
KIC_7117710,7117710,1,0,0.566804,131.798,2.008,NTP
KIC_7117723,7117723,1,0,0.566798,131.805,1.5,NTP
KIC_7118167,7118167,1,0,0.87043,131.608,3.096,NTP
KIC_7118167,7118167,2,0,0.527242,131.805,1.636,AFP
KIC_7136958,7136958,2,0,29.0158,138.403,7.28,AFP
KIC_7137213,7137213,1,1,28.6434,141.228,0.9259,PC
KIC_7137725,7137725,1,0,2.25353,132.485,3.319,AFP
KIC_7137798,7137798,1,0,2.25354,132.487,4.956,AFP
KIC_7198791,7198791,1,0,0.566767,131.736,1.18,NTP
KIC_7198817,7198817,1,0,0.566799,131.708,1.854,NTP
KIC_7202957,7202957,1,1,1.71683,132.033,2.005,PC
KIC_7202957,7202957,2,1,8.16735,136.203,3.237,PC
KIC_7203194,7203194,1,0,2.24569,133.289,3.945,AFP
KIC_7204073,7204073,1,0,0.566818,131.784,1.381,NTP
KIC_7219251,7219251,2,0,3.19208,134.124,8.414,NTP
KIC_7219502,7219502,1,0,0.586437,132.034,1.281,AFP
KIC_7219502,7219502,2,0,0.586438,131.74,1.407,AFP
KIC_7271892,7271892,1,0,0.791833,131.728,2.3,AFP
KIC_7271892,7271892,2,0,0.791891,132.209,2.5,AFP
KIC_7271892,7271892,3,0,0.791898,131.944,2.203,AFP
KIC_7285673,7285673,1,0,0.566799,131.793,0.9565,NTP
KIC_7285757,7285757,1,1,19.5489,149.79,1.695,PC
KIC_7285757,7285757,2,1,7.4183,133.521,2.47,PC
KIC_7293769,7293769,2,0,1.59363,132.638,7.375,NTP
KIC_7293937,7293937,1,0,1.36695,132.205,1.892,AFP
KIC_7294135,7294135,1,0,0.574573,131.524,1.686,AFP
KIC_7294135,7294135,2,0,0.574562,131.72,1.508,AFP
KIC_7294135,7294135,3,0,0.574561,131.917,2.0,AFP
KIC_6948054,6948054,1,1,7.49017,137.5,2.881,PC
KIC_6948054,6948054,2,1,36.275,165.043,4.993,PC
KIC_6948054,6948054,3,1,17.461,137.261,2.434,PC
KIC_6948054,6948054,4,1,3.21981,133.006,2.224,PC
KIC_6962109,6962109,1,1,17.1327,147.153,3.113,PC
KIC_6962329,6962329,1,0,459.253,260.322,3.823,NTP
KIC_6962380,6962380,1,0,1.51708,132.239,4.881,NTP
KIC_7008149,7008149,1,0,0.516342,131.646,0.5998,AFP
KIC_7008149,7008149,2,0,0.515541,131.671,0.8714,AFP
KIC_7008200,7008200,1,0,1.76807,132.336,3.516,NTP
KIC_7008211,7008211,1,1,187.746,157.354,5.91,PC
KIC_7031192,7031192,1,0,0.56679,131.828,1.774,NTP
KIC_7031195,7031195,1,0,1.13335,132.645,2.891,NTP
KIC_7031208,7031208,1,0,0.566771,131.847,1.635,NTP
KIC_7031293,7031293,1,0,0.566796,131.837,3.759,NTP
KIC_7032807,7032807,1,0,0.566814,131.784,2.0,NTP
KIC_7032833,7032833,1,0,0.566787,131.789,1.609,NTP
KIC_7032891,7032891,1,0,0.56713,131.721,0.5945,NTP
KIC_7032923,7032923,1,0,0.566788,131.804,2.265,NTP
KIC_7032938,7032938,1,0,0.566801,131.788,2.0,NTP
KIC_7047356,7047356,3,0,1.59021,132.511,2.418,AFP
KIC_7047356,7047356,4,0,1.85722,133.334,2.5,NTP
KIC_7047363,7047363,1,1,31.0573,147.559,3.371,PC
KIC_7047824,7047824,1,1,24.7543,140.208,3.47,PC
KIC_7100673,7100673,4,1,5.1011,132.433,2.78,PC
KIC_7115597,7115597,1,0,0.566796,131.813,1.658,NTP
KIC_7115661,7115661,1,0,0.566475,131.832,1.177,NTP
KIC_7115671,7115671,1,0,0.566783,131.821,1.789,NTP
KIC_7115733,7115733,1,0,0.566846,131.772,3.51,NTP
KIC_7118167,7118167,3,0,0.527265,131.53,1.491,AFP
KIC_7118364,7118364,1,1,4.34728,133.109,2.055,PC
KIC_7118545,7118545,1,0,14.7971,144.701,6.0,AFP
KIC_7118545,7118545,2,0,14.7972,139.897,5.332,AFP
KIC_7137798,7137798,2,0,2.25357,133.609,4.5,AFP
KIC_7137952,7137952,3,0,1.28359,132.794,3.142,AFP
KIC_7137952,7137952,4,0,1.28354,132.178,4.5,AFP
KIC_7198846,7198846,1,0,0.562667,131.718,1.521,NTP
KIC_7198881,7198881,1,0,0.677369,132.172,1.813,AFP
KIC_7198881,7198881,2,0,0.677355,131.748,1.544,AFP
KIC_7198906,7198906,1,0,0.750631,131.676,2.12,NTP
KIC_7204233,7204233,1,0,33.3041,149.455,3.009,AFP
KIC_7204237,7204237,1,0,0.504931,131.892,1.5,NTP
KIC_7204237,7204237,2,0,0.78642,131.812,2.585,AFP
KIC_7204237,7204237,3,0,0.786512,132.133,2.614,AFP
KIC_7219825,7219825,1,1,17.2323,135.093,4.497,PC
KIC_7219825,7219825,2,1,26.6952,144.001,4.52,PC
KIC_7219906,7219906,1,0,35.0898,153.396,4.131,AFP
KIC_7219906,7219906,2,0,35.0897,146.125,3.164,AFP
KIC_7272132,7272132,1,1,154.675,177.361,9.415,PC
KIC_7273277,7273277,1,1,2.71408,133.712,1.33,PC
KIC_7277317,7277317,1,1,16.3389,145.24,9.401,PC
KIC_7286137,7286137,1,0,2.35347,133.157,7.813,AFP
KIC_7286137,7286137,2,0,2.35519,132.106,3.299,AFP
KIC_7286173,7286173,1,1,56.4351,151.41,4.831,PC
KIC_7286276,7286276,1,0,3.29091,133.434,8.623,NTP
KIC_6935101,6935101,2,0,0.618726,131.924,1.237,AFP
KIC_6948480,6948480,1,1,175.329,230.938,4.747,PC
KIC_6948815,6948815,1,0,1.54145,132.051,3.0,AFP
KIC_6949061,6949061,1,1,8.96847,139.395,4.401,PC
KIC_6949061,6949061,2,1,23.2218,151.07,2.52,PC
KIC_6962380,6962380,2,0,3.03415,133.025,9.856,NTP
KIC_6962668,6962668,2,0,0.770624,131.792,3.748,NTP
KIC_6962752,6962752,1,0,1.35919,132.667,1.688,AFP
KIC_7008221,7008221,1,0,1.2856,132.575,4.388,NTP
KIC_7009041,7009041,1,0,5.63278,136.73,15.35,NTP
KIC_7031316,7031316,1,0,0.56669,132.064,1.839,NTP
KIC_7031340,7031340,1,0,0.566779,131.845,2.215,NTP
KIC_7031352,7031352,1,0,0.566734,131.927,1.569,NTP
KIC_7031399,7031399,1,0,0.566789,131.829,2.522,NTP
KIC_7032968,7032968,1,0,0.566785,131.854,2.016,NTP
KIC_7032999,7032999,1,0,0.566758,131.877,1.771,NTP
KIC_7033044,7033044,1,0,0.566734,131.874,1.772,NTP
KIC_7033067,7033067,1,0,0.566765,131.855,2.194,NTP
KIC_7047922,7047922,1,1,19.7617,135.179,4.23,PC
KIC_7047922,7047922,2,1,10.5227,140.054,3.563,PC
KIC_7047963,7047963,1,0,0.564741,131.996,1.519,AFP
KIC_7101828,7101828,1,0,47.8781,145.329,2.974,AFP
KIC_7102227,7102227,1,1,36.7705,164.292,4.481,PC
KIC_7102227,7102227,2,1,14.5893,141.934,2.392,PC
KIC_7102227,7102227,3,1,0.763989,132.238,1.337,PC
KIC_7115785,7115785,1,1,41.7495,153.845,5.778,PC
KIC_7115785,7115785,2,1,16.0879,140.638,3.252,PC
KIC_7115785,7115785,3,0,0.566809,131.788,2.216,NTP
KIC_7119080,7119080,1,0,13.5994,133.089,3.288,AFP
KIC_7119080,7119080,2,0,13.5994,142.652,2.446,AFP
KIC_7119481,7119481,1,1,25.855,140.863,3.906,PC
KIC_7138415,7138415,1,0,0.578749,131.986,0.815,AFP
KIC_7138415,7138415,2,0,0.57875,131.82,1.5,AFP
KIC_7138415,7138415,3,0,0.57875,131.658,1.495,AFP
KIC_7198906,7198906,2,0,0.5685,131.939,1.036,AFP
KIC_7198925,7198925,1,0,0.568879,131.617,1.837,NTP
KIC_7198941,7198941,1,0,0.566697,131.76,1.093,NTP
KIC_7198941,7198941,2,0,0.566779,131.751,1.431,NTP
KIC_7204981,7204981,1,1,5.12333,132.083,2.726,PC
KIC_7205868,7205868,1,0,2.88908,134.213,8.207,NTP
KIC_7220320,7220320,1,0,0.752143,131.812,1.596,AFP
KIC_7220322,7220322,1,0,0.752146,131.795,1.119,AFP
KIC_7220338,7220338,1,0,2.02714,132.808,7.068,AFP
KIC_7220338,7220338,2,0,2.02379,132.595,5.187,AFP
KIC_7280944,7280944,1,0,0.566696,131.743,1.788,NTP
KIC_7280953,7280953,1,0,0.566802,131.706,1.216,NTP
KIC_7281217,7281217,1,0,0.566801,131.792,2.0,NTP
KIC_7281229,7281229,1,0,0.566814,131.772,2.0,NTP
KIC_7281301,7281301,1,0,0.566795,131.809,2.0,NTP
KIC_7286276,7286276,2,0,5.05266,135.064,10.83,NTP
KIC_7286531,7286531,1,0,340.133,442.133,15.2,NTP
KIC_6936075,6936075,1,0,0.527065,131.734,0.6347,AFP
KIC_6936075,6936075,2,0,0.527305,131.849,1.192,AFP
KIC_6936075,6936075,3,0,0.527394,131.824,1.322,AFP
KIC_6936115,6936115,1,0,0.526691,131.761,1.178,NTP
KIC_6936178,6936178,1,0,0.527441,131.707,1.259,NTP
KIC_6949204,6949204,1,0,2.14166,132.296,3.021,AFP
KIC_6949204,6949204,2,0,2.14176,132.855,3.415,AFP
KIC_6949204,6949204,3,0,0.535394,131.63,1.668,AFP
KIC_6949204,6949204,4,0,0.535461,131.601,2.0,AFP
KIC_6962752,6962752,2,0,1.35923,131.751,4.517,AFP
KIC_6962752,6962752,3,0,1.35923,132.208,4.766,AFP
KIC_6962977,6962977,1,1,7.05566,132.522,3.101,PC
KIC_7017274,7017274,1,1,11.9127,143.154,5.923,PC
KIC_7017372,7017372,1,1,5.24092,136.024,3.335,PC
KIC_7018210,7018210,1,0,4.22956,135.399,6.148,AFP
KIC_7018210,7018210,2,0,4.22843,134.147,12.32,AFP
KIC_7031421,7031421,1,0,0.566786,131.841,1.92,NTP
KIC_7031430,7031430,1,0,0.566813,131.787,1.654,NTP
KIC_7031477,7031477,1,0,0.566811,131.79,2.009,NTP
KIC_7033233,7033233,1,1,2.03231,132.646,1.185,PC
KIC_7033421,7033421,1,0,0.56677,131.828,2.038,NTP
KIC_7033671,7033671,1,1,9.48966,133.966,3.631,PC
KIC_7033713,7033713,1,0,2.19646,133.478,3.942,AFP
KIC_7047963,7047963,2,0,0.560541,131.735,1.529,AFP
KIC_7048016,7048016,1,0,0.92547,132.039,1.707,AFP
KIC_7048016,7048016,2,0,0.925567,132.4,5.714,AFP
KIC_7049486,7049486,1,0,26.7184,138.051,8.286,AFP
KIC_7102316,7102316,1,1,57.2489,184.685,6.127,PC
KIC_7102316,7102316,2,1,37.0548,163.155,4.899,PC
KIC_7102316,7102316,3,1,142.544,202.882,8.953,PC
KIC_7102507,7102507,1,0,427.701,423.968,15.13,NTP
KIC_7115816,7115816,1,0,0.566768,131.857,2.441,NTP
KIC_7115842,7115842,1,0,0.566781,131.839,1.812,NTP
KIC_7115869,7115869,1,0,0.566774,131.866,1.9,NTP
KIC_7115878,7115878,1,0,0.566772,131.831,1.852,NTP
KIC_7173839,7173839,1,0,0.781552,132.164,1.213,NTP
KIC_7173839,7173839,2,0,0.629841,131.986,2.251,AFP
KIC_7173839,7173839,3,0,0.62981,131.72,1.786,AFP
KIC_7199010,7199010,1,0,0.750537,131.765,3.519,NTP
KIC_7199013,7199013,1,0,1.13706,132.512,2.026,AFP
KIC_7199013,7199013,2,0,1.12891,131.987,1.74,AFP
KIC_7207061,7207061,1,1,15.9426,146.328,3.571,PC
KIC_7207061,7207061,2,1,12.3309,140.018,3.022,PC
KIC_7220429,7220429,1,1,8.03754,139.359,2.958,PC
KIC_7221584,7221584,1,0,1.10613,131.764,3.213,NTP
KIC_7281311,7281311,1,0,0.566756,131.847,1.646,NTP
KIC_7281356,7281356,1,0,0.566639,131.948,2.067,NTP
KIC_7281357,7281357,1,0,0.566778,131.82,1.484,NTP
KIC_7286911,7286911,1,1,11.5556,138.197,1.608,PC
KIC_7287118,7287118,1,0,0.585058,132.007,2.106,AFP
KIC_7287118,7287118,2,0,0.585059,131.721,2.229,AFP
KIC_6936909,6936909,1,1,3.5465,134.908,2.219,PC
KIC_6936909,6936909,2,1,5.70073,132.69,1.773,PC
KIC_6949607,6949607,1,1,5.91227,136.71,2.428,PC
KIC_6949607,6949607,2,1,8.98581,139.743,3.367,PC
KIC_6962977,6962977,2,1,11.9789,143.031,3.692,PC
KIC_6962977,6962977,3,1,20.8341,144.369,4.4,PC
KIC_6962977,6962977,4,1,3.71543,132.634,2.372,PC
KIC_6962977,6962977,5,1,2.58078,132.863,2.138,PC
KIC_7019489,7019489,1,0,24.2598,132.482,2.651,AFP
KIC_7019489,7019489,2,0,24.2601,139.621,2.74,AFP
KIC_7019524,7019524,1,1,5.30874,134.252,3.272,PC
KIC_7031504,7031504,1,0,0.566739,131.893,2.528,NTP
KIC_7031515,7031515,1,0,0.566777,131.85,2.158,NTP
KIC_7031517,7031517,1,1,12.9407,140.601,2.5,PC
KIC_7031520,7031520,1,0,0.566789,131.814,2.123,NTP
KIC_7035099,7035099,1,0,1.1588,132.468,2.878,AFP
KIC_7035099,7035099,2,0,1.15891,131.813,2.477,AFP
KIC_7049486,7049486,2,0,26.7184,156.04,9.514,AFP
KIC_7049849,7049849,1,0,459.299,260.263,3.715,NTP
KIC_7049860,7049860,1,0,3.1901,132.494,8.77,AFP
KIC_7049860,7049860,2,0,3.19009,134.089,7.351,AFP
KIC_7102615,7102615,1,0,459.093,260.434,9.083,NTP
KIC_7115879,7115879,1,0,0.566765,131.823,1.655,NTP
KIC_7115923,7115923,1,0,0.566801,131.797,2.0,NTP
KIC_7115925,7115925,1,0,0.566798,131.809,2.265,NTP
KIC_7116043,7116043,1,0,0.566829,131.774,1.342,NTP
KIC_7116046,7116046,1,0,0.56673,131.919,1.677,NTP
KIC_7120108,7120108,1,1,1.02587,131.65,1.115,PC
KIC_7174349,7174349,1,0,2.97415,132.497,1.589,AFP
KIC_7174349,7174349,2,0,2.97415,133.983,1.223,AFP
KIC_7174351,7174351,1,0,1.48704,132.508,1.476,AFP
KIC_7174372,7174372,1,0,0.569757,131.698,1.5,AFP
KIC_7199037,7199037,1,0,0.566776,131.752,1.022,NTP
KIC_7199058,7199058,1,0,0.558681,131.603,2.128,NTP
KIC_7199060,7199060,1,0,0.566792,131.717,1.628,NTP
KIC_7207672,7207672,1,0,0.630008,132.137,1.806,AFP
KIC_7207672,7207672,2,0,0.630026,131.789,2.159,AFP
KIC_7210948,7210948,1,0,0.809498,132.009,6.16,NTP
KIC_7221584,7221584,2,0,1.1771,132.396,3.434,NTP
KIC_7222086,7222086,1,1,2.43901,133.588,1.179,PC
KIC_7281372,7281372,1,0,0.566789,131.787,0.971,NTP
KIC_7281399,7281399,1,0,0.566772,131.834,1.87,NTP
KIC_7281410,7281410,1,0,0.566811,131.788,2.056,NTP
KIC_7281411,7281411,1,0,0.566786,131.82,1.787,NTP
KIC_7287162,7287162,1,0,1.24321,132.503,3.921,AFP
KIC_7287162,7287162,2,0,1.2432,131.848,3.322,AFP
KIC_7287165,7287165,1,0,0.775407,131.998,2.67,AFP
KIC_6937131,6937131,1,0,459.039,260.497,11.2,NTP
KIC_6937131,6937131,2,0,655.477,185.561,12.4,NTP
KIC_6937199,6937199,1,0,4.76342,135.464,14.16,NTP
KIC_6937402,6937402,1,1,10.3108,141.512,5.578,PC
KIC_6949898,6949898,1,1,7.64816,137.212,2.334,PC
KIC_6950275,6950275,1,0,40.8779,163.424,4.141,AFP
KIC_6950275,6950275,2,0,40.8751,158.395,6.447,AFP
KIC_6963285,6963285,1,0,0.804479,131.945,2.607,AFP
KIC_6963285,6963285,2,0,0.804469,131.6,3.778,AFP
KIC_7020707,7020707,1,0,0.864029,131.91,3.234,AFP
KIC_7020707,7020707,2,0,0.864094,132.192,2.415,AFP
KIC_7021124,7021124,1,0,0.623102,131.589,1.664,AFP
KIC_7021124,7021124,2,0,0.623063,131.739,1.5,AFP
KIC_7031573,7031573,1,0,0.566793,131.818,2.294,NTP
KIC_7031638,7031638,1,0,0.566849,131.765,1.825,NTP
KIC_7031656,7031656,1,0,0.56678,131.838,1.956,NTP
KIC_7035179,7035179,2,0,1.52881,132.013,5.021,NTP
KIC_7050060,7050060,1,1,22.0459,134.156,28.69,PC
KIC_7050100,7050100,1,0,0.644043,132.001,1.967,AFP
KIC_7050100,7050100,2,0,0.644091,131.637,1.946,AFP
KIC_7105574,7105574,1,0,20.7261,143.201,6.486,AFP
KIC_7116072,7116072,1,0,0.566777,131.837,1.743,NTP
KIC_7116117,7116117,1,0,1.13364,132.348,1.841,NTP
KIC_7116166,7116166,1,0,0.566767,131.812,1.482,NTP
KIC_7121885,7121885,1,0,33.9375,135.545,7.049,AFP
KIC_7121885,7121885,2,0,33.9375,147.183,11.11,AFP
KIC_7122259,7122259,1,0,20.8821,146.569,8.083,AFP
KIC_7174372,7174372,2,0,0.569764,131.947,1.116,AFP
KIC_7174617,7174617,1,0,1.60838,131.581,1.983,AFP
KIC_7174617,7174617,2,0,1.60833,132.404,1.675,AFP
KIC_7174617,7174617,3,0,1.60832,131.839,1.5,AFP
KIC_7199168,7199168,1,0,0.566818,131.705,1.5,NTP
KIC_7199203,7199203,1,0,0.566798,131.722,1.373,NTP
KIC_7199203,7199203,2,0,0.566775,131.863,1.401,NTP
KIC_7199225,7199225,1,0,0.566784,131.718,2.074,NTP
KIC_7210959,7210959,1,0,0.534384,131.523,2.276,NTP
KIC_7211141,7211141,1,1,51.9294,151.93,5.428,PC
KIC_7211221,7211221,1,1,5.62152,136.893,2.374,PC
KIC_7222939,7222939,1,0,1.34446,132.644,4.436,AFP
KIC_7222939,7222939,2,0,1.34447,132.004,5.986,AFP
KIC_7255336,7255336,1,0,1.2032,131.522,1.697,AFP
KIC_7281454,7281454,1,0,0.566684,131.93,2.465,NTP
KIC_7281468,7281468,1,0,0.566765,131.85,2.041,NTP
KIC_7281484,7281484,1,0,0.566799,131.799,2.217,NTP
KIC_7287165,7287165,2,0,0.77542,131.557,3.261,AFP
KIC_7287391,7287391,1,0,4.28609,134.592,2.647,AFP
KIC_6937529,6937529,1,1,2.94649,132.418,3.326,PC
KIC_6937692,6937692,1,1,35.1811,134.917,7.493,PC
KIC_6951231,6951231,2,0,2.3809,132.996,3.8,NTP
KIC_6963490,6963490,1,0,0.688846,132.198,2.011,AFP
KIC_6963490,6963490,2,0,0.688834,131.876,1.754,AFP
KIC_7021177,7021177,1,0,18.6454,147.204,2.5,AFP
KIC_7021177,7021177,2,0,18.6454,138.891,9.0,AFP
KIC_7021177,7021177,3,0,18.646,146.986,15.0,AFP
KIC_7021534,7021534,1,0,9.0656,135.149,1.529,AFP
KIC_7031659,7031659,1,0,0.566729,131.905,1.761,NTP
KIC_7031716,7031716,1,0,0.567917,131.776,1.341,AFP
KIC_7031716,7031716,2,0,0.566767,131.862,2.415,NTP
KIC_7031726,7031726,1,0,0.566766,131.837,1.804,NTP
KIC_7035274,7035274,1,0,1.18809,132.448,2.754,NTP
KIC_7035274,7035274,2,0,0.594038,131.558,2.186,AFP
KIC_7035274,7035274,3,0,0.594049,131.845,1.5,AFP
KIC_7035394,7035394,1,0,0.524307,131.99,2.46,NTP
KIC_7050989,7050989,1,1,11.5789,140.851,2.845,PC
KIC_7050989,7050989,2,1,16.3993,131.968,3.494,PC
KIC_7051180,7051180,1,0,1.95109,132.178,1.468,AFP
KIC_7105574,7105574,2,0,20.7261,139.45,6.659,AFP
KIC_7106173,7106173,1,1,10.1832,133.214,3.114,PC
KIC_7106205,7106205,1,0,2.87779,131.996,9.21,AFP
KIC_7106205,7106205,2,0,2.87829,133.293,9.119,AFP
KIC_7116217,7116217,1,0,0.566745,131.865,1.593,NTP
KIC_7116226,7116226,1,0,0.566788,131.822,2.0,NTP
KIC_7116236,7116236,1,0,0.566763,131.857,1.87,NTP
KIC_7116282,7116282,1,0,0.566765,131.843,2.057,NTP
KIC_7116382,7116382,1,0,0.566798,131.699,1.904,NTP
KIC_7122259,7122259,2,0,20.8821,138.247,11.09,AFP
KIC_7122746,7122746,4,0,0.56456,131.647,2.0,NTP
KIC_7175184,7175184,1,1,5.88528,133.228,1.921,PC
KIC_7175184,7175184,2,1,10.1046,135.563,2.413,PC
KIC_7199235,7199235,1,0,0.567259,131.803,1.613,AFP
KIC_7199235,7199235,2,0,0.565954,131.706,1.535,AFP
KIC_7199272,7199272,1,0,0.566794,131.716,2.157,NTP
KIC_7199343,7199343,1,0,0.566974,131.741,0.7298,NTP
KIC_7211469,7211469,1,1,11.2969,134.567,4.496,PC
KIC_7211743,7211743,1,0,0.899373,132.103,3.241,AFP
KIC_7211743,7211743,2,0,0.899355,131.682,2.913,AFP
KIC_7256914,7256914,1,1,2.4175,133.809,4.305,PC
KIC_7256914,7256914,2,1,4.03367,134.217,5.229,PC
KIC_7257008,7257008,1,0,0.509587,131.599,1.345,AFP
KIC_7257008,7257008,2,0,0.514018,131.673,1.5,AFP
KIC_7281503,7281503,1,0,0.566799,131.783,1.574,NTP
KIC_7281615,7281615,1,0,0.567037,131.981,2.483,NTP
KIC_7281616,7281616,1,0,0.566772,131.83,1.559,NTP
KIC_7281644,7281644,1,0,0.56678,131.819,1.462,NTP
KIC_7287391,7287391,2,0,4.2861,132.45,2.664,AFP
KIC_7287415,7287415,1,1,3.01618,133.883,2.94,PC
KIC_7287592,7287592,1,0,0.877261,132.363,3.421,NTP
KIC_6937758,6937758,2,0,0.785449,131.587,2.711,AFP
KIC_6937758,6937758,3,0,0.78549,131.962,3.134,AFP
KIC_6938584,6938584,1,0,459.276,260.295,5.21,NTP
KIC_6939291,6939291,1,0,0.914703,132.408,3.1,AFP
KIC_6951642,6951642,1,0,1.3841,131.83,2.86,AFP
KIC_6951642,6951642,2,0,1.38414,132.16,2.741,AFP
KIC_6951642,6951642,3,0,0.661619,131.606,2.324,AFP
KIC_6951642,6951642,4,0,0.662173,131.6,2.5,AFP
KIC_6964159,6964159,1,0,25.5041,139.352,3.647,AFP
KIC_6964804,6964804,1,0,0.683982,131.976,2.416,NTP
KIC_6964929,6964929,1,1,0.665014,131.667,1.541,PC
KIC_7021681,7021681,1,1,27.522,134.78,4.306,PC
KIC_7021681,7021681,2,1,13.6031,140.405,2.885,PC
KIC_7031732,7031732,1,0,0.566763,131.856,2.135,NTP
KIC_7031742,7031742,1,0,0.566763,131.855,1.782,NTP
KIC_7031753,7031753,1,0,0.566774,131.818,1.812,NTP
KIC_7031767,7031767,1,0,0.566754,131.87,2.111,NTP
KIC_7037540,7037540,1,0,14.4059,144.297,5.49,AFP
KIC_7037540,7037540,2,0,14.4059,137.044,5.372,AFP
KIC_7051984,7051984,1,0,0.678129,131.539,1.057,AFP
KIC_7051984,7051984,2,0,0.678144,131.866,0.9909,AFP
KIC_7106648,7106648,2,0,0.629679,131.953,1.988,AFP
KIC_7106648,7106648,3,0,0.629677,131.811,1.828,AFP
KIC_7106877,7106877,1,0,1.45984,132.86,1.838,NTP
KIC_7116466,7116466,1,0,0.566786,131.804,1.291,NTP
KIC_7116519,7116519,1,0,0.566746,131.883,2.237,NTP
KIC_7116561,7116561,1,0,0.566801,131.65,1.847,NTP
KIC_7116632,7116632,1,0,0.566779,131.71,2.246,NTP
KIC_7124026,7124026,1,0,15.7456,145.536,13.68,AFP
KIC_7124145,7124145,1,0,9.9569,134.143,19.7,NTP
KIC_7124613,7124613,1,1,4.41746,135.451,2.962,PC
KIC_7175943,7175943,1,0,2.37144,133.857,8.157,NTP
KIC_7199343,7199343,2,0,0.566799,131.698,1.944,NTP
KIC_7199351,7199351,1,0,0.566806,131.678,2.046,NTP
KIC_7199397,7199397,1,1,105.88,156.992,18.23,PC
KIC_7199418,7199418,1,0,0.566773,131.693,2.025,NTP
KIC_7199724,7199724,1,0,0.566798,131.802,1.5,NTP
KIC_7211759,7211759,1,0,0.549085,131.87,1.5,AFP
KIC_7211759,7211759,2,0,0.549084,131.595,1.502,AFP
KIC_7211759,7211759,3,0,0.549085,131.733,1.5,AFP
KIC_7211759,7211759,4,0,0.549085,132.011,1.5,AFP
KIC_7211879,7211879,1,0,0.594327,131.746,1.117,AFP
KIC_7257363,7257363,1,0,5.23346,133.139,4.545,AFP
KIC_7257373,7257373,1,0,5.2335,133.118,4.5,AFP
KIC_7257966,7257966,1,1,3.03516,132.337,0.9873,PC
KIC_7258902,7258902,1,0,0.903929,131.967,1.529,AFP
KIC_7281664,7281664,1,0,0.566787,131.81,2.017,NTP
KIC_7281668,7281668,1,0,0.56679,131.83,2.19,NTP
KIC_7281694,7281694,1,0,0.566808,131.78,2.093,NTP
KIC_7281699,7281699,1,0,0.566773,131.85,1.997,NTP
KIC_7287677,7287677,1,1,18.3722,149.46,3.603,PC
KIC_7287683,7287683,1,1,69.8344,168.789,8.175,PC
KIC_7287683,7287683,2,0,2.11792,132.142,2.762,AFP
KIC_7287683,7287683,3,0,2.11799,133.202,5.422,AFP
KIC_6939291,6939291,2,0,0.91444,132.149,3.124,AFP
KIC_6939670,6939670,1,0,4.23886,135.202,5.064,AFP
KIC_6939670,6939670,2,0,4.23886,133.082,4.939,AFP
KIC_6951851,6951851,1,0,459.208,260.428,8.292,NTP
KIC_6951851,6951851,2,0,549.304,313.961,13.88,NTP
KIC_6952259,6952259,2,0,0.72434,132.009,2.441,NTP
KIC_6965758,6965758,1,0,1.0706,132.211,3.345,AFP
KIC_7021993,7021993,1,0,1.94323,131.728,4.258,AFP
KIC_7021993,7021993,2,0,1.94332,132.808,3.871,AFP
KIC_7022432,7022432,1,0,459.329,260.269,8.136,NTP
KIC_7022573,7022573,1,1,2.11885,132.819,1.123,PC
KIC_7031781,7031781,1,0,0.566806,131.784,1.712,NTP
KIC_7031824,7031824,1,0,0.566734,131.898,2.75,NTP
KIC_7031853,7031853,1,0,0.566788,131.797,2.039,NTP
KIC_7031872,7031872,1,0,0.5668,131.792,2.036,NTP
KIC_7038096,7038096,1,0,0.566816,131.789,1.271,NTP
KIC_7038372,7038372,1,0,459.277,260.288,2.707,NTP
KIC_7038372,7038372,2,0,3.44548,133.095,11.73,NTP
KIC_7052048,7052048,1,0,0.655568,131.688,2.061,AFP
KIC_7052048,7052048,2,0,0.655565,132.013,2.045,AFP
KIC_7052511,7052511,1,0,0.821453,132.304,1.894,AFP
KIC_7053328,7053328,1,0,0.808608,131.527,3.782,NTP
KIC_7107561,7107561,1,0,0.812581,131.567,1.233,AFP
KIC_7116670,7116670,1,0,0.566786,131.682,3.102,NTP
KIC_7116766,7116766,1,0,0.567,131.879,0.9035,NTP
KIC_7116842,7116842,1,0,0.566784,131.821,2.276,NTP
KIC_7129465,7129465,1,0,2.74592,133.167,2.5,AFP
KIC_7176268,7176268,1,0,0.813732,132.068,2.955,AFP
KIC_7176268,7176268,2,0,0.813442,131.569,2.761,AFP
KIC_7177105,7177105,1,0,5.89504,132.439,15.68,NTP
KIC_7199756,7199756,1,0,0.566772,131.856,2.692,NTP
KIC_7199774,7199774,1,0,4.70813,132.364,2.968,AFP
KIC_7199814,7199814,1,0,0.566807,131.786,1.771,NTP
KIC_7212040,7212040,1,0,0.747617,132.151,2.764,NTP
KIC_7212066,7212066,1,0,3.84049,134.448,2.847,AFP
KIC_7259249,7259249,1,0,0.951091,131.81,0.971,AFP
KIC_7259249,7259249,2,0,0.950693,131.81,1.317,AFP
KIC_7259298,7259298,1,1,3.2394,133.985,2.512,PC
KIC_7281825,7281825,1,0,1.13359,131.849,3.433,NTP
KIC_7281838,7281838,1,0,0.566781,131.833,2.128,NTP
KIC_7281856,7281856,1,0,0.566778,131.821,1.91,NTP
KIC_7281864,7281864,1,0,0.567144,131.903,1.126,AFP
KIC_7287786,7287786,1,0,2.66209,133.128,8.964,AFP
KIC_7287786,7287786,2,0,2.66203,131.87,12.32,AFP
KIC_7287995,7287995,1,1,5.95489,135.227,2.62,PC
KIC_6941084,6941084,1,1,85.7352,170.983,7.543,PC
KIC_6945362,6945362,1,0,0.912931,131.908,1.89,AFP
KIC_6945362,6945362,2,0,0.912652,132.277,6.753,AFP
KIC_6945500,6945500,1,0,3.51132,134.971,7.437,AFP
KIC_6952259,6952259,3,0,0.965774,132.031,1.974,NTP
KIC_6952966,6952966,1,0,2.95611,132.416,8.626,NTP
KIC_6952966,6952966,2,0,2.21714,132.434,7.202,NTP
KIC_6965758,6965758,2,0,1.07065,131.681,3.627,AFP
KIC_7023060,7023060,1,0,459.299,260.255,2.582,NTP
KIC_7031880,7031880,1,0,0.566793,131.825,1.574,NTP
KIC_7031898,7031898,1,0,0.566793,131.815,2.185,NTP
KIC_7031904,7031904,1,0,0.566791,131.822,2.505,NTP
KIC_7031914,7031914,1,0,0.566735,131.892,1.241,NTP
KIC_7040629,7040629,1,1,4.22865,132.684,3.339,PC
KIC_7040629,7040629,2,1,7.46665,132.772,3.746,PC
KIC_7040629,7040629,3,1,16.2595,144.533,3.71,PC
KIC_7040629,7040629,4,1,11.1318,134.42,4.139,PC
KIC_7053456,7053456,1,0,2.23523,131.73,6.152,NTP
KIC_7107567,7107567,1,0,0.812608,131.533,0.8951,AFP
KIC_7107802,7107802,1,1,10.4173,137.457,4.353,PC
KIC_7116851,7116851,1,0,0.566803,131.817,1.953,NTP
KIC_7116859,7116859,1,0,0.566768,131.859,1.552,NTP
KIC_7117003,7117003,1,0,428.321,276.528,15.0,AFP
KIC_7117003,7117003,2,0,428.322,235.576,4.447,AFP
KIC_7129537,7129537,1,0,3.89482,134.038,12.16,NTP
KIC_7130418,7130418,1,0,15.5286,145.701,2.12,NTP
KIC_7130612,7130612,1,1,2.71997,133.342,2.1,PC
KIC_7131760,7131760,1,1,92.4362,163.591,4.71,PC
KIC_7177553,7177553,1,0,17.9965,139.543,4.671,AFP
KIC_7177553,7177553,2,0,17.9965,134.91,4.78,AFP
KIC_7177555,7177555,1,0,17.9965,139.542,4.555,AFP
KIC_7199883,7199883,1,0,0.566765,131.82,1.319,NTP
KIC_7199884,7199884,1,0,0.566767,131.841,1.729,NTP
KIC_7199906,7199906,1,0,0.566801,131.801,2.0,NTP
KIC_7199917,7199917,1,0,0.566743,131.86,1.885,NTP
KIC_7212066,7212066,2,0,3.84049,132.534,2.746,AFP
KIC_7212184,7212184,1,1,36.292,132.178,8.166,PC
KIC_7214055,7214055,1,0,7.97298,139.211,14.96,AFP
KIC_7265298,7265298,1,1,25.7626,147.697,6.875,PC
KIC_7265298,7265298,2,1,11.032,141.697,4.71,PC
KIC_7265427,7265427,1,0,0.687669,132.1,1.261,AFP
KIC_7281864,7281864,2,0,0.566788,131.819,2.014,NTP
KIC_7281947,7281947,1,0,0.566777,131.819,1.739,NTP
KIC_7281951,7281951,1,0,0.56676,131.859,1.94,NTP
KIC_7287995,7287995,2,1,12.0399,133.066,2.762,PC
KIC_7287995,7287995,3,1,20.8374,132.096,2.481,PC
KIC_7288306,7288306,1,1,96.1702,170.253,7.453,PC
KIC_7288444,7288444,1,1,15.3316,142.527,5.285,PC
KIC_6945500,6945500,2,0,3.51156,133.296,8.88,AFP
KIC_6945500,6945500,3,0,3.51141,132.518,5.031,AFP
KIC_6945786,6945786,1,1,2.39162,133.079,1.963,PC
KIC_6946158,6946158,1,0,1.56126,132.383,4.453,NTP
KIC_6952966,6952966,3,0,1.47816,131.642,5.04,NTP
KIC_6953047,6953047,1,0,3.43369,133.589,4.582,AFP
KIC_6953047,6953047,2,0,3.43386,132.007,5.026,AFP
KIC_6953047,6953047,3,0,3.43384,132.72,6.397,AFP
KIC_6966132,6966132,1,0,1.96701,131.757,7.173,NTP
KIC_7023110,7023110,1,0,0.925448,132.082,2.57,AFP
KIC_7023110,7023110,2,0,0.925428,131.62,3.821,AFP
KIC_7023872,7023872,1,0,0.772767,131.768,1.959,AFP
KIC_7031942,7031942,1,0,0.566783,131.815,2.006,NTP
KIC_7031948,7031948,1,0,0.566793,131.821,1.919,NTP
KIC_7031956,7031956,1,0,0.566803,131.805,2.071,NTP
KIC_7040897,7040897,1,0,0.806003,131.54,6.128,NTP
KIC_7041634,7041634,1,0,1.30687,131.989,3.874,AFP
KIC_7041634,7041634,2,0,1.30715,132.165,3.511,AFP
KIC_7060736,7060736,1,0,3.46956,134.701,6.739,AFP
KIC_7060736,7060736,2,0,3.47029,131.833,8.63,AFP
KIC_7060736,7060736,3,0,3.46971,133.842,6.883,AFP
KIC_7107802,7107802,2,1,5.46757,133.423,3.194,PC
KIC_7108433,7108433,1,0,1.51919,131.907,3.0,AFP
KIC_7108433,7108433,2,0,1.51919,132.658,1.5,AFP
KIC_7109598,7109598,1,0,1.67714,132.303,8.134,AFP
KIC_7109598,7109598,2,0,1.67605,131.787,6.0,AFP
KIC_7117003,7117003,3,0,0.566792,131.814,2.095,NTP
KIC_7117020,7117020,1,0,0.566786,131.81,2.106,NTP
KIC_7117126,7117126,1,0,0.566656,132.03,2.159,NTP
KIC_7132798,7132798,1,1,2.42208,132.941,2.735,PC
KIC_7132798,7132798,2,1,4.12513,133.638,2.861,PC
KIC_7177555,7177555,2,0,17.9964,134.911,4.684,AFP
KIC_7177766,7177766,1,0,0.769313,131.612,1.265,AFP
KIC_7177766,7177766,2,0,0.76934,131.975,1.444,AFP
KIC_7177892,7177892,1,0,1.38624,132.747,2.104,AFP
KIC_7199935,7199935,1,0,0.566813,131.803,2.086,NTP
KIC_7199989,7199989,1,0,0.566775,131.826,1.862,NTP
KIC_7200001,7200001,1,0,0.566793,131.796,1.873,NTP
KIC_7214055,7214055,2,0,7.97312,132.79,12.15,AFP
KIC_7214090,7214090,1,0,0.577907,131.795,1.452,AFP
KIC_7214090,7214090,2,0,0.577889,131.533,1.322,AFP
KIC_7265427,7265427,2,0,0.677862,131.867,1.984,AFP
KIC_7265427,7265427,3,0,0.677942,132.142,1.709,AFP
KIC_7266212,7266212,1,1,7.79537,138.031,3.379,PC
KIC_7266266,7266266,1,0,459.15,260.274,10.53,NTP
KIC_7281979,7281979,1,0,0.566847,131.783,1.828,NTP
KIC_7281980,7281980,1,0,0.566758,131.86,1.855,NTP
KIC_7282008,7282008,1,0,0.566801,131.813,1.725,NTP
KIC_7282028,7282028,1,0,0.566788,131.803,1.995,NTP
KIC_7289068,7289068,1,0,0.998328,131.623,1.159,AFP
KIC_7289068,7289068,2,0,0.99832,131.949,1.259,AFP
KIC_7289068,7289068,3,0,0.998306,132.235,1.003,AFP
KIC_7289124,7289124,1,0,3.81496,132.171,11.25,NTP
KIC_6946199,6946199,1,1,104.82,165.194,4.432,PC
KIC_6946199,6946199,2,1,37.1012,147.873,5.539,PC
KIC_6946465,6946465,1,0,0.566823,131.768,3.413,NTP
KIC_6953219,6953219,1,0,0.566812,131.788,1.325,NTP
KIC_6953281,6953281,1,0,0.566863,131.756,1.185,NTP
KIC_6954721,6954721,1,0,459.31,260.224,4.303,NTP
KIC_6967430,6967430,1,0,2.00384,132.796,2.26,AFP
KIC_6973796,6973796,1,1,115.994,139.572,2.494,PC
KIC_6974111,6974111,1,0,0.6987,131.778,2.101,AFP
KIC_6974111,6974111,2,0,0.698733,131.535,1.783,AFP
KIC_7023872,7023872,2,0,0.772817,132.103,2.424,AFP
KIC_7023960,7023960,1,0,30.8825,151.53,5.395,AFP
KIC_7023960,7023960,2,0,30.8831,156.099,6.45,AFP
KIC_7023973,7023973,1,0,0.772831,131.713,2.0,AFP
KIC_7031992,7031992,1,0,0.566749,131.867,1.366,NTP
KIC_7032001,7032001,1,0,0.566761,131.849,1.78,NTP
KIC_7032116,7032116,1,0,0.567047,131.952,0.6276,NTP
KIC_7032116,7032116,2,0,0.566797,131.792,1.769,NTP
KIC_7041856,7041856,1,0,4.00068,134.71,4.887,NTP
KIC_7041856,7041856,2,0,1.00007,132.22,3.012,NTP
KIC_7041882,7041882,1,0,459.29,260.23,5.253,NTP
KIC_7090524,7090524,1,1,6.73975,132.286,4.2,PC
KIC_7109598,7109598,3,0,1.67605,132.343,5.296,AFP
KIC_7109675,7109675,1,1,33.6018,153.066,4.326,PC
KIC_7109675,7109675,2,1,6.76658,138.059,3.05,PC
KIC_7109851,7109851,1,0,1.08648,131.968,1.455,AFP
KIC_7117147,7117147,1,0,0.566829,131.766,2.156,NTP
KIC_7117178,7117178,1,0,0.566787,131.814,2.085,NTP
KIC_7117226,7117226,1,0,0.566854,131.828,1.825,NTP
KIC_7117270,7117270,1,0,0.566754,131.841,0.9819,NTP
KIC_7133286,7133286,1,0,38.5107,155.595,38.31,AFP
KIC_7133286,7133286,2,0,38.5097,136.359,37.52,AFP
KIC_7133294,7133294,1,1,13.6471,132.254,8.216,PC
KIC_7134502,7134502,1,0,4.63572,135.816,14.69,AFP
KIC_7177892,7177892,2,0,1.38502,132.063,2.973,AFP
KIC_7177892,7177892,3,0,1.38624,132.062,1.707,AFP
KIC_7177892,7177892,4,0,1.38563,132.369,1.5,AFP
KIC_7200012,7200012,1,0,0.566777,131.821,1.63,NTP
KIC_7200013,7200013,1,0,0.566796,131.807,1.885,NTP
KIC_7200050,7200050,1,0,0.566772,131.831,1.907,NTP
KIC_7200092,7200092,1,0,2.87837,132.171,8.274,NTP
KIC_7200102,7200102,1,0,14.6658,139.573,2.5,AFP
KIC_7214475,7214475,1,0,0.554471,131.814,0.7634,AFP
KIC_7214475,7214475,2,0,0.554472,131.588,0.9202,AFP
KIC_7214475,7214475,3,0,0.554476,132.03,1.5,AFP
KIC_7215603,7215603,1,1,2.36433,132.262,3.312,PC
KIC_7215607,7215607,1,0,0.667235,131.568,4.919,NTP
KIC_7267370,7267370,1,0,0.750455,131.713,2.2,NTP
KIC_7268500,7268500,2,0,3.35682,132.046,7.2,AFP
KIC_7268500,7268500,3,0,3.35678,134.003,4.996,AFP
KIC_7282042,7282042,1,0,0.566771,131.844,2.204,NTP
KIC_7282154,7282154,1,0,0.566672,132.04,0.9818,NTP
KIC_7282158,7282158,1,0,0.566785,131.813,1.768,NTP
KIC_7289157,7289157,1,0,5.26646,131.696,3.588,AFP
KIC_7289157,7289157,3,0,5.2667,134.216,3.265,AFP
KIC_6946700,6946700,1,0,0.566779,131.809,1.725,NTP
KIC_6946819,6946819,1,0,8.11763,132.422,13.82,NTP
KIC_6946871,6946871,1,0,2.15985,132.494,4.265,AFP
KIC_6955671,6955671,1,1,12.6878,136.154,3.779,PC
KIC_6956014,6956014,1,0,0.925587,131.743,1.721,AFP
KIC_6974111,6974111,3,0,0.698718,132.01,2.275,AFP
KIC_6974658,6974658,1,1,0.71654,131.72,1.236,PC
KIC_6974867,6974867,1,0,0.887667,132.369,1.316,AFP
KIC_7024222,7024222,1,0,1.63311,132.635,1.482,AFP
KIC_7024530,7024530,1,0,66.1545,175.649,8.347,AFP
KIC_7032117,7032117,1,0,0.566813,131.787,2.104,NTP
KIC_7032132,7032132,1,0,0.566793,131.794,1.939,NTP
KIC_7032174,7032174,1,0,0.566793,131.818,1.916,NTP
KIC_7045280,7045280,1,0,0.509528,131.994,1.31,NTP
KIC_7045280,7045280,2,0,1.01919,131.772,2.294,NTP
KIC_7045496,7045496,1,1,13.4747,133.494,2.623,PC
KIC_7045605,7045605,1,0,1.16228,131.986,2.91,AFP
KIC_7091432,7091432,1,1,11.5553,134.133,3.005,PC
KIC_7091594,7091594,1,0,2.15421,132.688,4.234,NTP
KIC_7091610,7091610,1,0,459.192,260.313,11.68,NTP
KIC_7115085,7115085,1,0,0.566787,131.813,1.433,NTP
KIC_7115200,7115200,1,0,0.56679,131.811,1.656,NTP
KIC_7117284,7117284,1,0,0.566774,131.855,2.243,NTP
KIC_7117348,7117348,1,0,0.566797,131.824,2.088,NTP
KIC_7117355,7117355,1,0,0.566782,131.826,2.0,NTP
KIC_7117413,7117413,1,0,0.56678,131.811,1.367,NTP
KIC_7117436,7117436,1,0,0.566821,131.776,2.0,NTP
KIC_7134502,7134502,2,0,4.63626,133.709,14.92,AFP
KIC_7134976,7134976,1,1,4.60181,133.167,2.397,PC
KIC_7134976,7134976,2,1,11.1872,137.18,3.198,PC
KIC_7135042,7135042,1,0,3.55652,132.565,9.25,AFP
KIC_7183123,7183123,2,0,6.3049,136.631,11.76,AFP
KIC_7183123,7183123,3,0,6.29734,133.127,15.2,AFP
KIC_7183745,7183745,1,1,28.4746,154.582,4.32,PC
KIC_7200102,7200102,2,0,14.6657,144.564,7.793,AFP
KIC_7200102,7200102,3,0,14.6657,139.581,57.66,AFP
KIC_7200111,7200111,1,0,0.566833,131.78,1.818,NTP
KIC_7200148,7200148,1,0,0.566717,131.909,1.153,NTP
KIC_7215678,7215678,1,1,1.15124,132.646,0.97,PC
KIC_7215678,7215678,2,0,4.59948,135.827,14.66,AFP
KIC_7215678,7215678,3,0,4.5998,133.534,14.33,AFP
KIC_7269493,7269493,1,1,1.90782,131.636,1.769,PC
KIC_7269623,7269623,1,0,0.537423,131.578,1.437,AFP
KIC_7269623,7269623,3,0,0.53444,131.88,2.108,AFP
KIC_7282162,7282162,1,0,0.566782,131.839,2.055,NTP
KIC_7282168,7282168,1,0,0.56673,131.888,2.614,NTP
KIC_7282209,7282209,1,0,4.01275,132.007,6.843,NTP
KIC_7289162,7289162,1,0,5.26654,131.686,2.147,AFP
KIC_7289165,7289165,1,0,5.2664,131.705,2.627,AFP
KIC_7289165,7289165,2,0,2.6334,131.566,2.312,AFP
KIC_7289317,7289317,1,1,16.832,140.532,3.965,PC
KIC_6946871,6946871,2,0,2.17306,131.819,5.923,AFP
KIC_6946871,6946871,3,0,2.17314,132.609,6.42,AFP
KIC_6947064,6947064,1,0,2.98375,132.061,10.1,AFP
KIC_6956216,6956216,1,0,4.81886,131.678,6.164,AFP
KIC_6956233,6956233,1,0,4.81884,131.679,5.654,AFP
KIC_6956233,6956233,2,0,4.81882,134.069,4.437,AFP
KIC_6974867,6974867,2,0,0.887684,131.923,1.701,AFP
KIC_6975129,6975129,1,1,19.7474,147.104,3.443,PC
KIC_6975129,6975129,2,1,1.77246,132.085,2.376,PC
KIC_6975129,6975129,3,0,37.8407,146.768,6.684,NTP
KIC_7024530,7024530,2,0,66.1543,156.967,5.89,AFP
KIC_7024928,7024928,1,0,6.72932,132.946,8.533,AFP
KIC_7024928,7024928,2,0,3.36502,131.974,11.29,AFP
KIC_7024928,7024928,3,0,6.73047,136.723,9.533,AFP
KIC_7032274,7032274,1,0,0.566751,131.873,2.046,NTP
KIC_7032365,7032365,1,0,0.566759,131.834,2.028,NTP
KIC_7032369,7032369,1,0,0.566755,131.859,1.919,NTP
KIC_7045605,7045605,2,0,1.16224,132.584,3.693,AFP
KIC_7046035,7046035,1,1,2.27164,131.823,3.691,PC
KIC_7093401,7093401,1,1,34.0843,152.067,1.044,PC
KIC_7094486,7094486,1,1,11.3501,134.046,2.247,PC
KIC_7115237,7115237,1,0,0.56673,131.903,2.505,NTP
KIC_7115249,7115249,1,0,0.566777,131.919,3.096,NTP
KIC_7115291,7115291,1,0,52.8028,167.27,5.608,AFP
KIC_7115291,7115291,2,0,0.566802,131.809,2.193,NTP
KIC_7115308,7115308,1,0,0.566808,131.78,2.0,NTP
KIC_7117457,7117457,1,0,0.56677,131.846,1.605,NTP
KIC_7117485,7117485,1,0,0.56674,131.857,1.679,NTP
KIC_7117491,7117491,1,0,0.566765,131.862,2.12,NTP
KIC_7135042,7135042,2,0,3.55665,134.113,5.645,AFP
KIC_7135042,7135042,3,0,3.5573,134.988,9.402,AFP
KIC_7135045,7135045,1,0,0.560722,132.022,1.827,AFP
KIC_7183745,7183745,2,1,4.8663,134.362,1.812,PC
KIC_7185487,7185487,1,0,0.534845,131.713,0.8434,NTP
KIC_7200156,7200156,1,0,0.566726,131.937,2.629,NTP
KIC_7200225,7200225,1,0,0.566788,131.835,1.42,NTP
KIC_7200299,7200299,1,0,0.566831,131.773,1.985,NTP
KIC_7200301,7200301,1,0,0.566775,131.834,1.45,NTP
KIC_7216003,7216003,1,0,3.87843,135.189,7.292,NTP
KIC_7216284,7216284,1,1,6.69954,134.156,2.779,PC
KIC_7216690,7216690,1,0,1.60746,132.121,7.1,AFP
KIC_7216690,7216690,2,0,1.6074,132.768,3.628,AFP
KIC_7269623,7269623,4,0,0.535926,131.705,2.0,AFP
KIC_7269881,7269881,1,0,0.613866,131.639,1.083,AFP
KIC_7269881,7269881,2,0,0.613875,131.946,0.676,AFP
KIC_7269974,7269974,1,1,13.6994,144.083,4.338,PC
KIC_7282209,7282209,3,0,5.55776,135.209,10.76,NTP
KIC_7282209,7282209,4,0,1.33756,132.814,3.802,NTP
KIC_7289317,7289317,2,1,7.19305,137.279,3.142,PC
KIC_7289338,7289338,1,1,12.5016,142.555,3.926,PC
KIC_7289338,7289338,2,1,5.77453,134.507,3.289,PC
KIC_7289577,7289577,1,1,109.445,197.984,4.302,PC
KIC_6947064,6947064,2,0,2.98388,134.039,7.034,AFP
KIC_6947064,6947064,3,0,2.98395,133.005,8.978,AFP
KIC_6947095,6947095,1,0,0.566777,131.826,2.185,NTP
KIC_6947099,6947099,1,0,0.566825,131.788,1.747,NTP
KIC_6957044,6957044,1,0,1.62003,133.022,5.305,NTP
KIC_6960445,6960445,1,0,5.07451,136.03,4.269,AFP
KIC_6960446,6960446,1,0,5.07437,136.066,5.558,AFP
KIC_6975615,6975615,1,0,2.06538,133.153,2.643,AFP
KIC_6976420,6976420,1,0,1.80281,131.519,5.802,NTP
KIC_7024928,7024928,4,0,3.36509,134.089,9.739,AFP
KIC_7025526,7025526,1,0,1.0741,131.697,1.152,AFP
KIC_7025540,7025540,1,0,1.07411,131.692,1.5,AFP
KIC_7025846,7025846,1,0,2.34055,132.746,3.122,AFP
KIC_7032383,7032383,1,0,0.566816,131.791,1.648,NTP
KIC_7032388,7032388,1,0,0.566828,132.002,1.633,NTP
KIC_7032388,7032388,2,0,0.567037,131.851,1.696,NTP
KIC_7032421,7032421,1,1,20.5584,133.006,1.18,PC
KIC_7046148,7046148,1,0,2.23373,131.78,7.114,NTP
KIC_7046804,7046804,1,1,11.7201,142.174,3.081,PC
KIC_7047207,7047207,1,1,19.1188,138.425,6.792,PC
KIC_7094944,7094944,1,1,7.50198,135.099,2.783,PC
KIC_7097534,7097534,1,0,2.21394,132.579,3.848,AFP
KIC_7115323,7115323,1,0,0.566695,131.834,1.406,NTP
KIC_7115323,7115323,2,0,0.566686,131.921,1.439,NTP
KIC_7115323,7115323,3,0,0.566819,131.749,1.926,NTP
KIC_7115332,7115332,1,0,0.566722,131.926,1.419,NTP
KIC_7117492,7117492,1,0,0.566819,131.791,1.913,NTP
KIC_7117513,7117513,1,0,0.566778,131.846,2.003,NTP
KIC_7117549,7117549,1,0,0.566788,131.817,2.0,NTP
KIC_7135045,7135045,2,0,0.560741,131.735,2.357,AFP
KIC_7135545,7135545,1,0,1.45828,132.573,2.747,AFP
KIC_7135545,7135545,2,0,1.45856,131.533,5.526,AFP
KIC_7186665,7186665,1,0,8.5594,137.22,4.276,AFP
KIC_7186665,7186665,2,0,8.55961,139.957,3.699,AFP
KIC_7200303,7200303,1,0,0.566795,131.801,2.0,NTP
KIC_7200359,7200359,1,0,0.566777,131.829,1.433,NTP
KIC_7200463,7200463,1,0,0.566789,131.815,2.228,NTP
KIC_7217303,7217303,1,0,421.386,220.111,11.98,NTP
KIC_7269974,7269974,2,1,4.30937,134.038,2.911,PC
KIC_7270159,7270159,1,0,444.464,523.629,10.09,NTP
KIC_7270230,7270230,1,0,6.9981,136.908,2.056,AFP
KIC_7270230,7270230,2,0,6.99813,133.409,1.335,AFP
KIC_7283604,7283604,1,0,6.00983,133.439,11.59,AFP
KIC_7283604,7283604,2,0,6.01073,134.484,9.225,AFP
KIC_7284688,7284688,1,0,0.647177,131.892,1.872,AFP
KIC_7292469,7292469,1,0,0.733695,132.23,2.079,AFP
KIC_7292469,7292469,2,0,0.733725,131.85,2.5,AFP
KIC_7292935,7292935,1,0,1.13771,131.98,3.1,AFP
KIC_6947164,6947164,1,0,70.5829,190.499,8.834,AFP
KIC_6947300,6947300,1,0,0.566789,131.817,1.5,NTP
KIC_6947591,6947591,1,0,0.566686,131.96,1.412,NTP
KIC_6960456,6960456,1,0,5.07444,136.04,4.246,AFP
KIC_6960487,6960487,1,0,34.526,150.102,4.498,AFP
KIC_6960592,6960592,1,0,0.676129,131.531,1.488,AFP
KIC_6960592,6960592,2,0,0.675004,131.575,1.908,AFP
KIC_6976754,6976754,1,0,2.8394,134.108,6.496,AFP
KIC_6976754,6976754,2,0,2.83915,132.692,4.161,AFP
KIC_7030676,7030676,1,0,0.683606,131.657,1.944,NTP
KIC_7030996,7030996,1,0,0.566808,131.78,2.0,NTP
KIC_7032421,7032421,2,0,0.566806,131.789,2.212,NTP
KIC_7032429,7032429,1,0,0.566795,131.817,2.0,NTP
KIC_7032438,7032438,1,0,0.566771,131.832,1.662,NTP
KIC_7032456,7032456,1,0,0.566764,131.83,1.975,NTP
KIC_7047299,7047299,1,0,35.8823,165.533,3.959,AFP
KIC_7047356,7047356,1,0,30.433,131.979,2.44,NTP
KIC_7047356,7047356,2,0,1.5902,131.553,4.392,AFP
KIC_7097965,7097965,1,1,7.72086,136.562,1.579,PC
KIC_7098255,7098255,1,1,11.5673,132.247,2.413,PC
KIC_7098355,7098355,1,1,29.0079,141.544,5.136,PC
KIC_7115366,7115366,1,0,0.566756,131.856,1.898,NTP
KIC_7115384,7115384,1,0,0.566805,131.694,1.664,NTP
KIC_7115390,7115390,1,0,0.566795,131.797,1.835,NTP
KIC_7115427,7115427,1,0,0.566771,131.847,1.819,NTP
KIC_7117561,7117561,1,0,0.566781,131.856,1.792,NTP
KIC_7117568,7117568,1,0,0.566748,131.888,2.265,NTP
KIC_7117585,7117585,1,0,0.566813,131.77,1.5,NTP
KIC_7117610,7117610,1,0,0.56673,131.885,1.167,NTP
KIC_7135852,7135852,1,1,4.22097,132.633,3.017,PC
KIC_7136729,7136729,1,0,3.17318,133.386,2.378,AFP
KIC_7136958,7136958,1,0,29.0159,156.506,9.052,AFP
KIC_7191646,7191646,1,1,106.956,225.002,5.862,PC
KIC_7198648,7198648,1,0,0.566806,131.699,1.357,NTP
KIC_7198734,7198734,1,0,0.566732,131.736,0.8513,NTP
KIC_7198769,7198769,1,0,0.566799,131.711,1.3,NTP
KIC_7202592,7202592,1,0,1.24678,132.692,3.438,NTP
KIC_7219251,7219251,1,0,1.59612,131.519,4.814,NTP
KIC_7271007,7271007,1,0,4.95997,132.862,6.103,AFP
KIC_7271007,7271007,2,0,4.95963,131.605,11.53,AFP
KIC_7271007,7271007,3,0,4.96098,135.452,6.549,AFP
KIC_7284688,7284688,2,0,0.647588,132.049,1.5,AFP
KIC_7284688,7284688,3,0,0.644028,131.945,1.5,AFP
KIC_7284775,7284775,1,0,3.41441,132.781,11.9,NTP
KIC_7285616,7285616,1,0,0.566795,131.8,1.182,NTP
KIC_7292935,7292935,2,0,1.13762,132.381,2.653,AFP
KIC_7293769,7293769,1,0,0.706511,131.59,2.477,NTP
KIC_6947668,6947668,1,1,14.0546,133.097,4.12,PC
KIC_6948006,6948006,1,0,0.567345,131.873,1.04,AFP
KIC_6948006,6948006,2,0,0.567099,131.538,2.0,NTP
KIC_6960913,6960913,1,1,59.8779,151.187,4.83,PC
KIC_6961285,6961285,1,0,2.1106,133.049,7.0,AFP
KIC_6961285,6961285,2,0,2.1092,131.734,6.003,AFP
KIC_7007099,7007099,2,0,1.24838,131.556,2.352,AFP
KIC_7007099,7007099,3,0,1.24827,132.24,4.5,AFP
KIC_7007169,7007169,1,0,6.58349,135.836,15.23,AFP
KIC_7007169,7007169,2,0,6.5821,132.36,15.73,AFP
KIC_7031066,7031066,1,0,0.566758,131.858,2.53,NTP
KIC_7031126,7031126,1,0,0.566802,131.803,1.545,NTP
KIC_7031132,7031132,1,0,0.566768,131.834,1.499,NTP
KIC_7031175,7031175,1,0,0.566746,131.876,1.241,NTP
KIC_7032481,7032481,1,0,0.566744,131.898,1.575,NTP
KIC_7032524,7032524,1,0,0.566705,131.931,2.01,NTP
KIC_7032568,7032568,1,0,0.566778,131.827,2.012,NTP
KIC_7032687,7032687,1,0,0.566821,131.78,1.993,NTP
KIC_6670742,6670742,1,0,2.49364,131.815,7.261,NTP
KIC_6696381,6696381,1,0,2.25678,132.52,5.868,NTP
KIC_6696381,6696381,2,0,1.12839,131.964,4.246,NTP
KIC_6715809,6715809,2,0,4.19792,134.448,4.885,AFP
KIC_6715809,6715809,3,0,4.19784,131.542,4.627,AFP
KIC_6716021,6716021,1,1,110.756,144.8,6.547,PC
KIC_6757160,6757160,3,0,0.981316,131.58,1.614,AFP
KIC_6757160,6757160,4,0,0.981279,132.124,3.596,AFP
KIC_6758917,6758917,1,0,2.23611,131.633,1.461,AFP
KIC_6758917,6758917,2,0,2.23611,132.751,1.507,AFP
KIC_6778019,6778019,2,0,0.945815,132.1,1.524,AFP
KIC_6778063,6778063,1,0,0.70149,132.197,2.0,AFP
KIC_6778063,6778063,2,0,0.701972,131.674,1.126,AFP
KIC_6778063,6778063,3,0,0.701498,131.734,2.0,AFP
KIC_6803855,6803855,1,1,71.4523,148.807,6.38,PC
KIC_6803964,6803964,1,0,0.524524,131.863,1.269,AFP
KIC_6803964,6803964,2,0,0.524551,131.942,1.144,AFP
KIC_6804592,6804592,1,0,1.36256,132.285,3.572,AFP
KIC_6851425,6851425,1,0,11.1199,139.754,3.39,AFP
KIC_6851827,6851827,1,0,5.08543,132.037,14.26,NTP
KIC_6866228,6866228,1,0,7.70237,137.564,3.813,AFP
KIC_6866228,6866228,2,0,7.70241,133.636,2.634,AFP
KIC_6880517,6880517,1,1,65.6497,174.785,7.33,PC
KIC_6881829,6881829,1,0,5.47223,131.629,15.56,NTP
KIC_6887746,6887746,1,0,373.998,430.978,3.329,NTP
KIC_6935020,6935020,3,0,2.48617,133.526,5.73,AFP
KIC_6935062,6935062,1,0,4.07866,132.437,15.0,AFP
KIC_6935062,6935062,2,0,4.07309,135.298,7.087,AFP
KIC_6935101,6935101,1,0,0.618736,131.542,0.722,AFP
KIC_6511799,6511799,2,0,459.278,260.266,5.0,NTP
KIC_6515722,6515722,1,0,3.81695,131.793,4.19,AFP
KIC_6525193,6525193,1,0,1.71029,131.617,2.346,AFP
KIC_6525196,6525196,1,0,1.7103,131.615,3.766,AFP
KIC_6525209,6525209,1,0,75.132,184.429,20.88,AFP
KIC_6525209,6525209,2,0,75.132,200.781,9.05,AFP
KIC_6542751,6542751,3,0,0.726184,131.856,1.705,AFP
KIC_6542790,6542790,1,0,2.64359,133.368,5.586,NTP
KIC_6542790,6542790,2,0,5.28615,135.323,9.986,NTP
KIC_6587002,6587002,2,1,20.7399,131.739,3.091,PC
KIC_6587002,6587002,3,1,122.08,155.028,3.168,PC
KIC_6587105,6587105,1,1,33.8788,160.214,5.495,PC
KIC_6587280,6587280,1,1,5.71543,134.872,2.645,PC
KIC_6620003,6620003,1,0,1.71427,131.602,2.02,AFP
KIC_6620691,6620691,1,0,459.337,260.176,3.927,NTP
KIC_6670894,6670894,1,0,2.55199,132.202,7.368,AFP
KIC_6670894,6670894,2,0,2.55195,132.727,4.376,AFP
KIC_6670894,6670894,3,0,3.88063,132.854,12.42,NTP
KIC_6696462,6696462,1,1,3.40375,133.828,1.428,PC
KIC_6696580,6696580,1,1,25.5637,145.206,4.656,PC
KIC_6696580,6696580,2,1,57.6899,139.923,4.75,PC
KIC_6696580,6696580,3,1,77.087,202.739,4.241,PC
KIC_6716161,6716161,1,0,0.532063,131.88,1.729,AFP
KIC_6716161,6716161,2,0,0.53211,131.555,2.786,AFP
KIC_6716545,6716545,1,1,13.9091,142.909,6.999,PC
KIC_6761498,6761498,1,0,422.276,474.857,12.05,NTP
KIC_6761539,6761539,1,0,1.14252,131.98,2.135,AFP
KIC_6761539,6761539,2,0,1.14251,131.78,3.436,AFP
KIC_6778274,6778274,1,0,0.659951,132.146,3.203,NTP
KIC_6778289,6778289,1,0,30.1295,152.231,10.5,AFP
KIC_6778289,6778289,2,0,30.1301,138.173,8.608,AFP
KIC_6779260,6779260,1,1,3.83309,131.635,1.44,PC
KIC_6804592,6804592,2,0,1.36294,132.353,5.058,AFP
KIC_6853248,6853248,1,0,459.246,260.314,11.49,NTP
KIC_6854623,6854623,2,0,1.78249,132.186,2.484,AFP
KIC_6867155,6867155,1,1,235.999,208.398,8.264,PC
KIC_6867555,6867555,1,1,5.19104,135.216,4.221,PC
KIC_6889190,6889190,1,0,3.69374,132.673,10.66,AFP
KIC_6889190,6889190,2,0,3.69448,134.077,11.95,AFP
KIC_6470149,6470149,1,0,165.74,214.037,25.0,AFP
KIC_6470232,6470232,1,0,0.504364,131.761,1.356,AFP
KIC_6470232,6470232,2,0,0.504316,131.965,1.372,AFP
KIC_6470516,6470516,1,0,2.08041,131.838,4.5,AFP
KIC_6515722,6515722,2,0,1.90851,131.58,3.116,NTP
KIC_6515722,6515722,3,0,3.81702,133.886,3.08,AFP
KIC_6515722,6515722,4,0,3.81724,134.82,3.619,AFP
KIC_6525209,6525209,3,0,1.71028,131.62,2.462,AFP
KIC_6525249,6525249,1,0,1.71032,131.61,2.33,AFP
KIC_6525280,6525280,1,0,1.71029,131.618,3.001,AFP
KIC_6543192,6543192,1,1,8.09071,136.787,2.615,PC
KIC_6543496,6543496,1,0,1.64897,132.736,5.509,NTP
KIC_6587280,6587280,2,1,20.0262,146.91,1.272,PC
KIC_6587458,6587458,1,0,1.02762,131.646,4.3,AFP
KIC_6587458,6587458,2,0,1.02767,132.252,3.297,AFP
KIC_6587551,6587551,1,0,0.546725,131.598,1.717,AFP
KIC_6606756,6606756,1,0,0.792204,132.216,2.17,NTP
KIC_6606934,6606934,1,0,37.8069,153.841,3.842,AFP
KIC_6606934,6606934,2,0,37.8076,154.15,4.536,AFP
KIC_6621116,6621116,1,0,137.76,173.165,9.165,AFP
KIC_6627507,6627507,1,0,7.37455,131.562,2.562,AFP
KIC_6670894,6670894,4,0,50.7152,138.57,3.418,NTP
KIC_6672229,6672229,1,0,23.8322,143.226,4.5,AFP
KIC_6672229,6672229,2,0,23.8324,132.203,10.23,AFP
KIC_6672229,6672229,3,0,23.8338,142.892,15.0,AFP
KIC_6697518,6697518,1,0,4.56104,134.882,16.67,NTP
KIC_6716670,6716670,2,0,2.30206,132.721,7.534,NTP
KIC_6717252,6717252,1,1,1.19258,132.677,1.403,PC
KIC_6717417,6717417,1,0,0.697843,131.994,2.252,AFP
KIC_6761539,6761539,4,0,1.14247,132.223,2.744,AFP
KIC_6761777,6761777,1,1,47.3123,146.308,8.895,PC
KIC_6762188,6762188,1,0,7.15555,133.997,4.513,AFP
KIC_6779726,6779726,1,1,47.0564,173.964,4.862,PC
KIC_6780052,6780052,1,0,496.449,189.954,4.663,NTP
KIC_6780158,6780158,1,0,2.46414,131.931,1.687,AFP
KIC_6804957,6804957,1,0,0.554178,131.774,1.389,AFP
KIC_6804957,6804957,2,0,0.554174,131.696,2.696,AFP
KIC_6804957,6804957,3,0,0.554181,131.911,1.5,AFP
KIC_6854623,6854623,3,0,1.78253,131.958,2.468,AFP
KIC_6859437,6859437,1,0,3.52441,132.254,6.727,AFP
KIC_6859437,6859437,2,0,3.52447,131.628,6.078,AFP
KIC_6867588,6867588,1,1,0.826275,132.274,1.03,PC
KIC_6867766,6867766,1,1,12.9647,136.143,1.792,PC
KIC_6889190,6889190,3,0,3.69329,131.664,5.373,AFP
KIC_6470516,6470516,2,0,2.08142,133.292,6.0,AFP
KIC_6470521,6470521,1,0,2.08044,131.826,5.655,AFP
KIC_6470917,6470917,1,0,1.506,131.529,2.281,AFP
KIC_6515722,6515722,5,0,3.81675,132.528,12.4,AFP
KIC_6516185,6516185,1,1,47.3666,175.028,7.533,PC
KIC_6516874,6516874,1,0,0.919565,131.604,1.651,AFP
KIC_6525462,6525462,1,0,3.7797,131.914,7.743,AFP
KIC_6525946,6525946,1,1,6.78342,136.104,3.976,PC
KIC_6525946,6525946,2,1,2.50812,133.985,2.458,PC
KIC_6525946,6525946,3,0,0.992117,132.296,1.285,AFP
KIC_6543645,6543645,1,0,1.19547,132.315,3.565,AFP
KIC_6543674,6543674,1,0,1.19551,132.308,3.5,AFP
KIC_6543683,6543683,1,0,1.19551,132.309,3.753,AFP
KIC_6587551,6587551,2,0,0.546767,131.989,1.572,AFP
KIC_6587796,6587796,1,1,33.4203,159.137,5.156,PC
KIC_6587796,6587796,2,0,459.321,260.224,5.037,NTP
KIC_6590362,6590362,1,0,0.581585,131.74,2.406,AFP
KIC_6607191,6607191,1,0,571.625,145.875,11.43,NTP
KIC_6607286,6607286,1,1,0.783263,131.943,1.571,PC
KIC_6627684,6627684,1,0,0.625113,131.999,0.9164,AFP
KIC_6627684,6627684,2,0,0.625239,131.963,1.475,AFP
KIC_6628237,6628237,1,0,3.84013,135.14,2.88,AFP
KIC_6674908,6674908,1,0,0.503198,131.906,1.155,AFP
KIC_6675056,6675056,1,0,10.4433,133.631,2.75,AFP
KIC_6675060,6675060,1,0,10.4433,133.628,3.938,AFP
KIC_6697605,6697605,1,1,3.42064,132.309,1.56,PC
KIC_6697605,6697605,2,1,1.23938,131.842,1.566,PC
KIC_6697609,6697609,2,0,2.4949,133.133,5.762,AFP
KIC_6717417,6717417,3,0,0.697816,131.513,2.026,AFP
KIC_6719086,6719086,1,1,3.01434,134.318,2.451,PC
KIC_6762829,6762829,1,0,18.7953,138.669,9.986,AFP
KIC_6762829,6762829,2,0,18.7952,148.039,7.986,AFP
KIC_6781047,6781047,1,0,7.04413,136.096,15.76,NTP
KIC_6781047,6781047,2,0,14.0878,144.295,11.82,NTP
KIC_6781535,6781535,1,0,9.12209,138.835,4.601,AFP
KIC_6781535,6781535,2,0,9.12209,135.718,4.434,AFP
KIC_6805146,6805146,1,0,13.7797,137.349,7.65,AFP
KIC_6805146,6805146,2,0,13.7797,145.273,6.628,AFP
KIC_6805146,6805146,3,0,1.90817,131.849,5.556,AFP
KIC_6805146,6805146,4,0,1.90812,132.824,5.065,AFP
KIC_6859801,6859801,1,0,10.8824,132.677,5.33,AFP
KIC_6859801,6859801,2,0,10.8826,136.48,3.525,AFP
KIC_6859813,6859813,1,0,10.8824,132.677,5.527,AFP
KIC_6869184,6869184,1,1,43.3171,136.57,5.681,PC
KIC_6869292,6869292,1,0,2.81828,133.889,9.979,AFP
KIC_6869313,6869313,1,0,2.81851,133.815,12.14,AFP
KIC_6891366,6891366,1,0,1.75256,132.725,3.087,AFP
KIC_6891512,6891512,1,0,1.75256,132.719,2.5,AFP
KIC_6891513,6891513,1,0,9.93928,140.88,1.722,AFP
KIC_6891543,6891543,1,0,1.75256,132.722,2.222,AFP
KIC_6470998,6470998,1,0,0.645203,131.517,1.544,AFP
KIC_6470998,6470998,2,0,0.645212,131.84,1.571,AFP
KIC_6516874,6516874,2,0,0.917445,131.869,1.624,AFP
KIC_6519892,6519892,1,0,2.60169,133.53,8.568,NTP
KIC_6525946,6525946,4,0,0.99213,131.791,1.599,AFP
KIC_6526377,6526377,1,0,1.3951,132.062,1.125,AFP
KIC_6543893,6543893,1,1,10.2967,132.197,2.974,PC
KIC_6543893,6543893,2,1,5.93911,134.015,2.295,PC
KIC_6543893,6543893,3,1,3.80672,133.759,2.422,PC
KIC_6544977,6544977,1,0,3.61793,132.428,9.531,AFP
KIC_6590362,6590362,2,0,0.592605,132.111,1.299,AFP
KIC_6590403,6590403,1,0,0.514502,131.561,1.499,NTP
KIC_6590403,6590403,2,0,0.742883,132.239,1.5,AFP
KIC_6607286,6607286,2,1,3.17404,131.707,2.321,PC
KIC_6607357,6607357,1,0,7.69984,134.403,4.18,AFP
KIC_6607357,6607357,2,1,4.77464,135.165,3.717,PC
KIC_6607447,6607447,1,1,99.6443,183.592,5.222,PC
KIC_6628237,6628237,2,0,3.84013,133.22,2.694,AFP
KIC_6628740,6628740,1,0,0.532855,131.913,3.454,NTP
KIC_6675944,6675944,1,0,0.504967,131.93,1.287,AFP
KIC_6675944,6675944,2,0,0.50498,131.581,1.177,AFP
KIC_6675944,6675944,3,0,0.504974,131.752,1.5,AFP
KIC_6676174,6676174,1,0,2.9201,134.342,9.565,AFP
KIC_6697609,6697609,3,0,2.49461,131.744,5.443,AFP
KIC_6697609,6697609,4,0,2.495,132.693,3.831,AFP
KIC_6697756,6697756,1,1,0.916135,132.025,1.21,PC
KIC_6719266,6719266,1,0,0.768166,131.841,3.299,AFP
KIC_6719266,6719266,2,0,0.768209,132.186,1.789,AFP
KIC_6720363,6720363,1,0,2.31204,133.698,7.661,NTP
KIC_6762992,6762992,2,0,0.562156,131.674,1.421,AFP
KIC_6762992,6762992,3,0,0.562148,131.841,0.6341,AFP
KIC_6781548,6781548,1,0,9.12194,138.853,3.284,AFP
KIC_6781548,6781548,2,0,9.12182,135.75,3.173,AFP
KIC_6782960,6782960,1,0,3.98648,131.839,10.3,NTP
KIC_6783365,6783365,1,0,1.77514,131.869,8.607,NTP
KIC_6805146,6805146,5,0,1.9099,132.503,5.971,AFP
KIC_6805414,6805414,1,1,200.233,305.45,23.82,PC
KIC_6806122,6806122,1,0,0.980947,131.988,3.744,AFP
KIC_6859813,6859813,2,0,10.8824,136.493,4.332,AFP
KIC_6860836,6860836,1,0,1.06695,131.52,3.231,AFP
KIC_6860836,6860836,2,0,1.06695,132.046,3.108,AFP
KIC_6869345,6869345,1,0,0.872108,131.867,3.14,NTP
KIC_6869373,6869373,1,1,31.503,159.967,3.819,PC
KIC_6870432,6870432,1,0,1.2028,131.968,2.999,NTP
KIC_6891543,6891543,2,0,1.75259,132.883,2.009,AFP
KIC_6891543,6891543,3,0,1.75246,132.591,2.441,AFP
KIC_6891637,6891637,1,0,1.75253,132.738,3.53,AFP
KIC_6471021,6471021,1,1,125.629,253.35,9.033,PC
KIC_6471229,6471229,1,0,1.75244,132.793,3.105,AFP
KIC_6471230,6471230,1,0,1.75241,132.814,2.766,AFP
KIC_6520011,6520011,1,0,4.79275,131.758,14.21,AFP
KIC_6520011,6520011,2,0,4.79219,135.085,11.43,AFP
KIC_6520519,6520519,1,1,1.97646,132.966,1.61,PC
KIC_6526710,6526710,1,1,39.7489,133.106,7.321,PC
KIC_6526875,6526875,1,0,3.63183,133.205,10.16,AFP
KIC_6526875,6526875,2,0,3.63195,134.108,5.878,AFP
KIC_6544977,6544977,2,0,3.61855,133.94,8.033,AFP
KIC_6544977,6544977,3,0,1.80898,132.975,5.153,NTP
KIC_6545051,6545051,1,0,1.9957,132.847,4.241,AFP
KIC_6590403,6590403,3,0,0.742872,132.043,2.0,AFP
KIC_6590403,6590403,4,0,1.12622,132.589,2.5,NTP
KIC_6590726,6590726,1,0,308.113,258.485,6.473,NTP
KIC_6591789,6591789,1,0,5.08841,134.355,4.784,AFP
KIC_6607610,6607610,1,0,63.5202,162.163,17.14,AFP
KIC_6607610,6607610,2,0,63.5202,189.475,25.26,AFP
KIC_6607644,6607644,1,1,0.971919,132.163,1.494,PC
KIC_6609270,6609270,1,0,3.82215,132.169,2.341,AFP
KIC_6629156,6629156,3,0,0.519821,131.961,1.5,NTP
KIC_6629332,6629332,1,1,2.15528,133.574,2.087,PC
KIC_6676174,6676174,2,0,2.91993,132.965,8.833,AFP
KIC_6676516,6676516,1,0,459.303,260.236,2.885,NTP
KIC_6677256,6677256,1,0,3.1258,134.484,1.749,AFP
KIC_6697817,6697817,1,1,190.795,236.049,8.941,PC
KIC_6698670,6698670,1,0,10.8159,139.794,4.757,AFP
KIC_6698670,6698670,2,0,10.8159,135.423,4.768,AFP
KIC_6720720,6720720,1,0,5.4637,131.543,15.39,NTP
KIC_6720720,6720720,2,0,10.929,133.316,15.58,NTP
KIC_6763633,6763633,1,0,3.17383,132.644,4.938,NTP
KIC_6763633,6763633,2,0,6.34854,134.081,14.46,NTP
KIC_6765135,6765135,1,1,175.606,202.363,8.367,PC
KIC_6783879,6783879,1,0,0.515935,131.924,1.461,AFP
KIC_6783879,6783879,2,0,0.515914,131.587,1.268,AFP
KIC_6806122,6806122,2,0,0.98098,132.284,2.364,AFP
KIC_6806632,6806632,1,0,9.46919,140.976,9.517,AFP
KIC_6806632,6806632,2,0,9.46925,138.166,7.5,AFP
KIC_6806695,6806695,1,0,0.855913,132.074,1.786,AFP
KIC_6806695,6806695,2,0,0.855905,131.65,1.622,AFP
KIC_6860968,6860968,1,0,0.568201,131.602,1.499,AFP
KIC_6860968,6860968,2,0,0.56822,131.729,1.404,AFP
KIC_6861403,6861403,1,0,0.566704,131.705,2.011,NTP
KIC_6871071,6871071,1,1,1.89779,132.693,2.552,PC
KIC_6871071,6871071,2,1,5.02819,134.109,3.411,PC
KIC_6871071,6871071,3,1,3.28278,131.904,3.242,PC
KIC_6891998,6891998,2,0,0.944114,132.27,2.107,AFP
KIC_6891998,6891998,3,0,0.944135,131.787,2.292,AFP
KIC_6921944,6921944,1,1,4.42156,132.185,2.007,PC
KIC_6497146,6497146,1,1,35.2332,135.363,3.659,PC
KIC_6500206,6500206,1,0,13.3749,132.305,1.192,AFP
KIC_6500206,6500206,2,0,13.3749,142.384,1.601,AFP
KIC_6520533,6520533,1,0,517.462,143.591,13.19,NTP
KIC_6520753,6520753,1,1,4.13036,133.514,2.33,PC
KIC_6527078,6527078,1,1,7.57594,135.636,3.334,PC
KIC_6527078,6527078,2,1,10.4315,135.543,1.866,PC
KIC_6527090,6527090,1,0,586.493,343.171,15.24,NTP
KIC_6545358,6545358,1,0,1.17153,131.735,0.9913,AFP
KIC_6545358,6545358,2,0,6.94147,136.783,11.51,AFP
KIC_6545358,6545358,3,0,6.94143,133.267,15.35,AFP
KIC_6591789,6591789,2,0,5.08839,131.77,3.0,AFP
KIC_6592335,6592335,1,0,0.823966,131.826,1.275,AFP
KIC_6592832,6592832,1,0,0.924785,132.11,2.328,AFP
KIC_6593140,6593140,1,0,5.38205,134.414,15.09,AFP
KIC_6609270,6609270,2,0,15.0369,133.653,2.372,AFP
KIC_6610064,6610064,1,0,1.16831,131.841,1.374,AFP
KIC_6630943,6630943,1,0,0.690382,131.742,1.295,AFP
KIC_6677256,6677256,2,0,3.12585,132.899,1.808,AFP
KIC_6677267,6677267,1,0,3.12583,134.477,2.581,AFP
KIC_6677267,6677267,2,0,3.12582,132.918,2.501,AFP
KIC_6699368,6699368,1,0,3.69032,131.543,1.013,AFP
KIC_6699562,6699562,1,0,46.2705,173.656,8.917,AFP
KIC_6699984,6699984,1,0,459.276,260.294,2.866,NTP
KIC_6720720,6720720,3,0,3.64267,134.591,12.43,NTP
KIC_6720889,6720889,1,0,0.759369,131.631,2.459,AFP
KIC_6720889,6720889,3,0,0.765775,132.042,2.5,AFP
KIC_6765518,6765518,1,0,5.14067,133.59,15.34,NTP
KIC_6765518,6765518,2,0,10.2752,137.175,14.27,NTP
KIC_6765575,6765575,1,0,1.57782,131.521,6.0,NTP
KIC_6765575,6765575,2,0,3.37425,132.352,8.302,AFP
KIC_6784155,6784155,1,0,0.612757,131.587,1.486,NTP
KIC_6784155,6784155,2,0,0.555658,131.635,3.956,NTP
KIC_6784235,6784235,1,1,3.16788,134.136,2.237,PC
KIC_6836589,6836589,1,0,0.727512,131.624,1.495,AFP
KIC_6836589,6836589,2,0,0.726141,132.001,1.473,AFP
KIC_6836658,6836658,1,0,0.535292,131.805,1.285,AFP
KIC_6861403,6861403,2,0,0.566701,131.517,1.973,NTP
KIC_6862114,6862114,1,0,0.980398,132.1,1.48,NTP
KIC_6862328,6862328,1,1,119.021,222.237,8.137,PC
KIC_6862332,6862332,1,0,357.058,341.26,7.905,AFP
KIC_6871071,6871071,4,1,7.66474,137.369,3.486,PC
KIC_6922203,6922203,1,1,13.3309,133.789,1.274,PC
KIC_6922244,6922244,1,1,3.5225,131.687,3.249,PC
KIC_6922690,6922690,1,0,0.969986,131.793,2.111,AFP
KIC_6922690,6922690,2,0,0.970072,132.208,2.648,AFP
KIC_6500714,6500714,1,0,459.24,260.368,3.277,NTP
KIC_6501635,6501635,1,1,23.6752,131.925,4.353,PC
KIC_6503434,6503434,1,0,340.521,136.622,14.34,NTP
KIC_6504534,6504534,1,0,28.1626,143.718,3.199,AFP
KIC_6520753,6520753,2,1,8.1193,135.187,3.507,PC
KIC_6520923,6520923,1,0,459.322,260.205,2.708,NTP
KIC_6521045,6521045,1,1,12.8159,135.764,6.387,PC
KIC_6527229,6527229,1,0,200.8,263.875,7.622,AFP
KIC_6527363,6527363,2,0,0.931004,132.055,3.245,NTP
KIC_6545986,6545986,1,0,0.54633,131.546,1.342,AFP
KIC_6545986,6545986,2,0,0.545194,131.803,1.406,AFP
KIC_6546327,6546327,1,0,0.599657,131.764,2.05,AFP
KIC_6546327,6546327,2,0,0.599665,132.064,1.784,AFP
KIC_6593140,6593140,2,0,5.38218,131.766,15.08,AFP
KIC_6593150,6593150,1,1,5.46543,133.594,2.877,PC
KIC_6593353,6593353,1,0,3.66215,131.835,10.29,AFP
KIC_6611330,6611330,1,1,35.1458,136.493,2.192,PC
KIC_6612284,6612284,1,0,1.24531,132.233,1.866,AFP
KIC_6612327,6612327,1,0,21.993,131.687,7.635,AFP
KIC_6631188,6631188,1,0,2.51567,133.519,5.441,NTP
KIC_6631188,6631188,2,0,5.03107,131.657,4.811,AFP
KIC_6631188,6631188,3,0,5.03139,134.336,7.32,AFP
KIC_6677841,6677841,1,1,12.3098,137.682,5.577,PC
KIC_6677841,6677841,2,1,35.7344,151.129,10.64,PC
KIC_6677841,6677841,3,1,54.4339,148.477,8.068,PC
KIC_6678383,6678383,1,1,11.4276,137.613,4.538,PC
KIC_6700200,6700200,1,0,459.29,260.274,1.781,NTP
KIC_6700870,6700870,1,0,2.36359,132.739,6.787,AFP
KIC_6700870,6700870,2,0,2.36351,133.546,5.152,AFP
KIC_6721089,6721089,1,0,0.595209,132.014,2.515,NTP
KIC_6721089,6721089,2,0,0.69604,132.198,2.086,AFP
KIC_6721089,6721089,3,0,0.696049,131.972,2.0,AFP
KIC_6721123,6721123,1,0,7.36182,132.248,4.683,AFP
KIC_6765575,6765575,3,0,3.3741,134.078,12.27,AFP
KIC_6766634,6766634,1,1,321.213,206.929,3.619,PC
KIC_6784887,6784887,1,0,44.7144,135.342,5.756,AFP
KIC_6785401,6785401,1,0,3.26454,133.76,5.664,AFP
KIC_6785401,6785401,2,0,3.26446,132.414,3.489,AFP
KIC_6836658,6836658,2,0,0.535367,131.81,1.395,AFP
KIC_6837146,6837146,1,1,20.5135,131.85,3.469,PC
KIC_6862333,6862333,2,0,2.35842,133.662,7.117,AFP
KIC_6862333,6862333,3,0,2.35835,132.513,7.891,AFP
KIC_6862603,6862603,1,0,2.86116,131.592,1.425,AFP
KIC_6871672,6871672,1,0,487.649,321.415,10.14,NTP
KIC_6871672,6871672,2,0,395.012,231.47,11.44,NTP
KIC_6871866,6871866,1,0,0.958034,132.174,2.813,AFP
KIC_6871866,6871866,2,0,0.958034,131.911,2.536,AFP
KIC_6922710,6922710,1,1,23.1274,145.661,4.962,PC
KIC_6922834,6922834,1,0,414.754,191.607,8.594,NTP
KIC_6922995,6922995,1,0,15.7857,142.078,10.42,AFP
KIC_6504534,6504534,2,0,28.1626,159.427,1.954,AFP
KIC_6504954,6504954,1,1,130.354,144.064,6.273,PC
KIC_6507427,6507427,1,0,4.74252,133.144,0.974,AFP
KIC_6521045,6521045,2,1,6.88707,133.176,4.362,PC
KIC_6521045,6521045,3,1,35.333,153.988,6.018,PC
KIC_6521110,6521110,1,0,0.732755,132.011,1.327,AFP
KIC_6521110,6521110,2,0,0.73277,131.621,1.357,AFP
KIC_6528141,6528141,1,0,2.02264,131.841,3.121,AFP
KIC_6528464,6528464,1,1,12.5823,137.276,6.502,PC
KIC_6546508,6546508,1,0,3.05359,133.874,3.536,AFP
KIC_6546528,6546528,1,0,3.05355,133.886,2.332,AFP
KIC_6546582,6546582,1,0,1.20965,132.224,4.871,NTP
KIC_6593353,6593353,2,0,3.66184,133.701,12.53,AFP
KIC_6593363,6593363,1,0,18.5278,139.258,5.888,AFP
KIC_6593363,6593363,2,0,18.5278,149.995,8.427,AFP
KIC_6612327,6612327,2,0,21.9932,147.182,5.352,AFP
KIC_6612411,6612411,1,0,8.46203,133.752,13.75,AFP
KIC_6631721,6631721,1,0,13.7381,134.438,3.315,AFP
KIC_6632945,6632945,1,0,0.7171,131.593,2.437,AFP
KIC_6678383,6678383,2,1,51.7552,167.579,7.348,PC
KIC_6678383,6678383,3,1,23.6684,132.713,5.675,PC
KIC_6679295,6679295,1,1,24.5752,144.184,2.256,PC
KIC_6701115,6701115,1,0,0.829511,131.95,2.486,AFP
KIC_6701115,6701115,2,0,0.829466,131.577,2.271,AFP
KIC_6701459,6701459,1,0,1.88943,133.021,4.91,AFP
KIC_6721380,6721380,1,0,6.44178,136.772,1.695,AFP
KIC_6721523,6721523,1,0,2.58275,133.745,2.951,NTP
KIC_6721523,6721523,2,0,0.803917,131.997,1.796,AFP
KIC_6721523,6721523,3,0,0.804006,132.203,2.314,AFP
KIC_6767227,6767227,1,1,4.08194,132.117,3.307,PC
KIC_6785401,6785401,3,0,3.2642,132.917,3.338,AFP
KIC_6785967,6785967,1,0,23.8457,155.149,15.38,NTP
KIC_6786037,6786037,1,1,127.904,246.461,14.16,PC
KIC_6786037,6786037,2,1,21.0585,150.81,7.538,PC
KIC_6837283,6837283,1,1,21.1182,133.589,9.692,PC
KIC_6838050,6838050,1,1,6.51001,133.856,3.416,PC
KIC_6838565,6838565,2,0,0.954533,131.86,1.09,AFP
KIC_6862721,6862721,1,1,4.88753,132.709,2.164,PC
KIC_6862920,6862920,1,0,0.614247,131.525,1.098,AFP
KIC_6862920,6862920,2,0,0.614253,131.899,1.483,AFP
KIC_6875337,6875337,1,0,0.512633,131.874,1.365,NTP
KIC_6875342,6875342,1,1,22.2387,148.31,5.499,PC
KIC_6876575,6876575,1,0,3.25337,133.409,4.351,AFP
KIC_6876575,6876575,2,0,3.253,134.746,5.578,AFP
KIC_6922995,6922995,2,0,15.7873,139.372,12.59,AFP
KIC_6922995,6922995,3,0,15.787,143.743,11.37,AFP
KIC_6923424,6923424,1,0,0.55883,131.847,1.236,AFP
KIC_6923424,6923424,2,0,0.562729,131.779,2.056,AFP
KIC_6923424,6923424,3,0,0.562673,131.61,1.964,AFP
KIC_6507433,6507433,1,1,4.74255,133.138,1.279,PC
KIC_6508221,6508221,1,1,18.208,149.427,3.834,PC
KIC_6508221,6508221,2,1,88.2553,153.779,4.43,PC
KIC_6508221,6508221,3,1,9.74771,139.163,1.828,PC
KIC_6521136,6521136,1,0,2.22322,131.749,6.76,AFP
KIC_6521136,6521136,2,0,2.22305,132.334,7.808,AFP
KIC_6528464,6528464,2,1,33.6727,162.039,8.181,PC
KIC_6529378,6529378,1,0,426.647,246.151,4.014,NTP
KIC_6548447,6548447,1,0,10.7684,133.027,14.2,AFP
KIC_6548447,6548447,2,0,10.7684,137.68,12.49,AFP
KIC_6594972,6594972,1,0,10.8191,132.989,3.5,AFP
KIC_6594972,6594972,2,0,10.8192,138.32,5.131,AFP
KIC_6595315,6595315,1,0,10.6242,136.101,13.72,NTP
KIC_6612411,6612411,2,0,8.46217,136.125,8.819,AFP
KIC_6612411,6612411,4,0,8.46172,132.419,9.674,AFP
KIC_6632945,6632945,2,0,0.7171,131.84,2.529,AFP
KIC_6632945,6632945,3,0,0.717102,132.08,2.0,AFP
KIC_6633452,6633452,1,0,0.678875,131.972,1.261,AFP
KIC_6633452,6633452,2,0,0.678736,131.878,1.815,AFP
KIC_6681473,6681473,1,0,396.043,471.23,17.43,AFP
KIC_6685526,6685526,1,1,2.2375,132.78,1.83,PC
KIC_6685609,6685609,1,1,5.86806,135.116,3.967,PC
KIC_6685609,6685609,2,1,1.61189,131.959,2.819,PC
KIC_6701459,6701459,2,0,1.88929,132.614,6.114,AFP
KIC_6705026,6705026,1,1,9.50843,140.563,4.46,PC
KIC_6705026,6705026,2,1,34.1091,158.419,6.311,PC
KIC_6705137,6705137,1,0,5.59729,131.865,1.863,AFP
KIC_6721523,6721523,4,0,0.804029,131.662,2.5,AFP
KIC_6721526,6721526,1,0,2.41651,133.827,5.585,AFP
KIC_6721526,6721526,2,0,2.42144,132.095,6.223,AFP
KIC_6767840,6767840,1,1,8.67898,132.229,2.909,PC
KIC_6768394,6768394,1,1,8.91901,140.076,5.068,PC
KIC_6768394,6768394,2,1,7.13292,135.996,4.418,PC
KIC_6768394,6768394,3,1,11.8985,133.347,3.041,PC
KIC_6786037,6786037,3,1,6.2171,131.724,3.634,PC
KIC_6786224,6786224,1,1,3.04189,132.499,1.29,PC
KIC_6786348,6786348,1,1,26.9644,145.345,3.803,PC
KIC_6838565,6838565,3,0,0.954242,131.896,3.028,AFP
KIC_6838565,6838565,4,0,4.03921,135.186,12.0,NTP
KIC_6839010,6839010,1,1,4.84345,134.821,2.837,PC
KIC_6863161,6863161,1,0,1.98677,133.307,3.351,AFP
KIC_6876575,6876575,3,0,91.0621,196.419,12.01,NTP
KIC_6876878,6876878,1,0,3.92489,133.502,10.41,AFP
KIC_6876878,6876878,2,0,3.92556,134.6,9.721,AFP
KIC_6924203,6924203,1,1,6.88338,135.265,2.281,PC
KIC_6924968,6924968,1,0,0.940117,131.594,1.659,AFP
KIC_6924968,6924968,2,0,0.940198,131.798,3.18,AFP
KIC_6508478,6508478,1,0,1.17381,132.081,2.509,NTP
KIC_6508478,6508478,2,0,4.92961,132.769,11.33,AFP
KIC_6508478,6508478,3,0,4.9295,131.945,5.264,AFP
KIC_6522144,6522144,1,0,0.546851,131.69,2.078,AFP
KIC_6522144,6522144,2,0,0.546837,131.884,1.754,AFP
KIC_6522179,6522179,2,0,2.38485,133.897,3.827,NTP
KIC_6529483,6529483,1,0,0.601481,132.056,1.307,AFP
KIC_6529483,6529483,2,0,0.6015,131.734,1.466,AFP
KIC_6531485,6531485,1,0,0.676987,131.804,1.385,AFP
KIC_6531485,6531485,2,0,0.676988,132.136,1.5,AFP
KIC_6549623,6549623,1,0,1.32837,132.001,1.96,AFP
KIC_6595406,6595406,1,0,0.603754,131.719,2.172,AFP
KIC_6595406,6595406,2,0,0.603711,132.084,1.915,AFP
KIC_6595662,6595662,1,0,2.68052,132.598,3.214,AFP
KIC_6595662,6595662,2,0,2.68051,133.941,2.987,AFP
KIC_6612589,6612589,2,0,3.77785,133.194,12.59,NTP
KIC_6613006,6613006,1,0,7.38883,133.934,5.611,AFP
KIC_6613006,6613006,2,0,7.38882,138.025,7.377,AFP
KIC_6634112,6634112,1,1,9.94223,133.847,2.462,PC
KIC_6685609,6685609,3,1,3.07158,133.296,3.854,PC
KIC_6690082,6690082,1,1,2.13956,131.514,2.047,PC
KIC_6690082,6690082,2,1,4.80711,134.64,0.8974,PC
KIC_6705142,6705142,1,1,5.59729,131.866,1.75,PC
KIC_6706199,6706199,1,0,491.571,607.869,4.407,NTP
KIC_6750902,6750902,1,0,0.938653,132.212,0.9742,AFP
KIC_6750902,6750902,2,0,0.938656,131.741,0.9836,AFP
KIC_6751874,6751874,1,1,6.89228,132.463,2.557,PC
KIC_6773862,6773862,1,1,17.7608,137.507,1.646,PC
KIC_6774408,6774408,1,0,0.854546,132.204,1.993,AFP
KIC_6774408,6774408,2,0,0.854476,131.806,3.006,AFP
KIC_6790335,6790335,1,0,2.42258,133.916,10.68,NTP
KIC_6790346,6790346,1,0,2.41732,134.157,0.6304,AFP
KIC_6842139,6842139,2,0,1.44762,132.67,2.417,AFP
KIC_6842139,6842139,3,0,1.44767,131.921,2.513,AFP
KIC_6863839,6863839,1,0,1.92634,131.756,2.29,AFP
KIC_6863998,6863998,1,1,16.0852,132.028,3.599,PC
KIC_6877609,6877609,1,0,0.83174,132.22,2.585,AFP
KIC_6877609,6877609,2,0,0.831715,131.841,4.53,AFP
KIC_6877673,6877673,1,0,36.7583,156.103,12.0,AFP
KIC_6927556,6927556,1,0,9.65504,137.122,15.25,AFP
KIC_6927556,6927556,2,0,9.65486,134.906,9.381,AFP
KIC_6508734,6508734,1,0,480.049,318.467,14.1,NTP
KIC_6522242,6522242,1,1,41.4083,154.379,5.059,PC
KIC_6522735,6522735,1,0,2.53642,132.27,7.937,NTP
KIC_6531491,6531491,1,0,14.3241,135.214,3.845,AFP
KIC_6531491,6531491,2,0,14.3242,142.354,3.28,AFP
KIC_6531496,6531496,1,0,14.324,135.221,4.981,AFP
KIC_6551110,6551110,1,0,1.92926,131.85,5.599,AFP
KIC_6599919,6599919,1,1,13.6102,133.157,2.547,PC
KIC_6599975,6599975,1,1,14.5566,141.036,4.48,PC
KIC_6614168,6614168,1,0,0.50061,131.742,1.347,AFP
KIC_6614168,6614168,2,0,0.500617,131.87,1.5,AFP
KIC_6614168,6614168,3,0,0.500617,131.614,1.5,AFP
KIC_6614492,6614492,1,0,0.584219,131.517,2.015,AFP
KIC_6634133,6634133,1,0,9.9422,133.852,1.782,AFP
KIC_6635026,6635026,1,0,0.545681,132.01,1.728,AFP
KIC_6635026,6635026,2,0,0.545744,131.703,1.82,AFP
KIC_6635493,6635493,1,0,0.665296,131.53,1.426,AFP
KIC_6690171,6690171,1,1,85.0624,149.221,4.689,PC
KIC_6690836,6690836,1,1,0.56887,132.053,1.061,PC
KIC_6690940,6690940,1,0,0.829273,131.969,2.735,AFP
KIC_6707691,6707691,1,0,1.35211,132.126,4.411,AFP
KIC_6752002,6752002,1,1,6.08008,136.879,1.231,PC
KIC_6752502,6752502,1,0,4.30522,131.707,2.558,AFP
KIC_6752876,6752876,1,0,4.05517,131.598,5.242,AFP
KIC_6774537,6774537,1,1,2.94904,133.135,2.034,PC
KIC_6774826,6774826,1,0,7.13907,134.261,2.964,AFP
KIC_6774880,6774880,1,1,34.3511,134.192,4.032,PC
KIC_6775985,6775985,1,1,27.9611,133.176,3.883,PC
KIC_6790346,6790346,2,0,2.42255,133.567,5.08,AFP
KIC_6790451,6790451,1,0,1.63498,132.101,2.036,AFP
KIC_6790451,6790451,2,0,1.63459,133.082,7.959,AFP
KIC_6791090,6791090,1,0,1.81263,131.698,5.88,AFP
KIC_6842682,6842682,1,1,7.56122,135.642,2.716,PC
KIC_6842807,6842807,1,1,16.6147,137.329,3.054,PC
KIC_6843454,6843454,1,0,2.93974,131.847,9.726,NTP
KIC_6844024,6844024,1,0,1.63032,131.509,4.84,NTP
KIC_6864276,6864276,2,0,2.31267,133.425,4.906,AFP
KIC_6864276,6864276,3,0,2.31244,132.884,4.905,AFP
KIC_6877673,6877673,2,0,36.7584,135.419,10.91,AFP
KIC_6877871,6877871,1,0,0.533676,131.971,1.69,AFP
KIC_6877871,6877871,2,0,0.536852,131.765,1.466,AFP
KIC_6877871,6877871,3,0,0.533381,131.892,2.0,AFP
KIC_6878167,6878167,1,0,0.833965,132.019,1.373,AFP
KIC_6928906,6928906,1,1,1.54958,132.464,4.302,PC
KIC_6929016,6929016,1,0,0.733727,132.02,2.008,AFP
KIC_6929285,6929285,1,0,4.60685,135.2,4.065,AFP
KIC_6509175,6509175,2,0,1.59948,132.472,1.822,AFP
KIC_6509175,6509175,3,0,1.59946,132.743,2.13,AFP
KIC_6509175,6509175,4,0,1.59952,132.344,2.511,AFP
KIC_6522745,6522745,1,0,17.4461,135.746,5.408,AFP
KIC_6522750,6522750,1,0,17.4458,135.734,4.5,AFP
KIC_6522750,6522750,2,0,17.4456,145.249,6.881,AFP
KIC_6531496,6531496,3,0,0.512863,132.029,1.097,AFP
KIC_6531801,6531801,1,0,0.985598,131.749,2.796,AFP
KIC_6531801,6531801,2,0,0.985624,132.225,2.113,AFP
KIC_6551110,6551110,2,0,1.92939,132.77,5.597,AFP
KIC_6579643,6579643,1,0,0.732742,131.868,2.028,AFP
KIC_6579643,6579643,2,0,0.736788,131.942,2.701,AFP
KIC_6579643,6579643,3,0,0.736779,131.585,3.571,AFP
KIC_6603043,6603043,1,1,110.322,197.365,13.37,PC
KIC_6603756,6603756,1,0,5.20428,135.886,6.169,AFP
KIC_6614492,6614492,2,0,0.584211,131.813,2.047,AFP
KIC_6614629,6614629,1,0,0.52661,132.029,1.216,AFP
KIC_6635493,6635493,2,0,0.665311,131.727,1.786,AFP
KIC_6690940,6690940,2,0,0.829175,131.918,3.889,AFP
KIC_6691169,6691169,1,1,63.0943,158.114,8.099,PC
KIC_6691244,6691244,2,0,7.91289,134.828,10.78,AFP
KIC_6707691,6707691,2,0,1.35202,131.79,3.97,AFP
KIC_6707691,6707691,3,0,1.35203,132.4,4.565,AFP
KIC_6707833,6707833,1,1,15.2847,145.054,5.928,PC
KIC_6707835,6707835,1,1,22.2482,151.888,3.873,PC
KIC_6752876,6752876,3,0,4.05546,133.608,14.19,AFP
KIC_6755944,6755944,1,1,0.692965,131.81,1.21,PC
KIC_6776331,6776331,1,0,0.537054,131.752,1.495,AFP
KIC_6776331,6776331,2,0,0.537055,131.62,1.5,AFP
KIC_6776331,6776331,3,0,0.537053,131.876,1.537,AFP
KIC_6776401,6776401,1,1,26.8533,143.311,4.543,PC
KIC_6791090,6791090,2,0,1.81275,132.187,5.82,AFP
KIC_6792124,6792124,1,0,0.528796,131.686,1.594,AFP
KIC_6792908,6792908,1,1,10.7783,136.61,5.234,PC
KIC_6846911,6846911,1,1,14.0264,135.174,1.226,PC
KIC_6847018,6847018,1,0,16.6622,142.187,3.862,AFP
KIC_6847018,6847018,2,0,16.6622,132.783,3.871,AFP
KIC_6864569,6864569,1,0,2.32515,133.321,1.39,AFP
KIC_6864569,6864569,2,0,2.32517,133.495,1.33,AFP
KIC_6864569,6864569,3,0,2.32512,133.139,1.267,AFP
KIC_6864706,6864706,1,0,14.5909,142.719,1.679,NTP
KIC_6864859,6864859,1,0,40.8779,158.32,7.5,AFP
KIC_6878173,6878173,1,0,0.530019,131.79,1.895,NTP
KIC_6878240,6878240,1,1,135.498,233.693,6.654,PC
KIC_6878240,6878240,2,1,22.2509,149.432,1.683,PC
KIC_6929841,6929841,1,1,3.51573,134.304,1.538,PC
KIC_6929841,6929841,2,0,459.327,260.189,5.079,NTP
KIC_6932987,6932987,1,1,19.254,145.53,4.638,PC
KIC_6932987,6932987,2,1,54.1562,172.363,3.691,PC
KIC_6509282,6509282,1,0,3.98921,132.206,1.594,AFP
KIC_6509328,6509328,1,0,1.40841,131.865,3.764,NTP
KIC_6509713,6509713,1,0,1.0482,131.632,2.28,AFP
KIC_6509713,6509713,2,0,1.04854,131.918,2.392,AFP
KIC_6522750,6522750,3,0,537.389,171.118,4.5,NTP
KIC_6522823,6522823,2,0,0.556894,132.008,1.131,AFP
KIC_6522823,6522823,3,0,0.556888,131.58,1.5,AFP
KIC_6579806,6579806,1,0,9.88048,134.087,2.77,AFP
KIC_6579806,6579806,2,0,9.88048,139.364,1.628,AFP
KIC_6584042,6584042,1,0,4.80064,134.681,8.551,NTP
KIC_6603756,6603756,2,0,5.20427,133.285,6.12,AFP
KIC_6614892,6614892,1,0,2.65277,133.89,8.367,AFP
KIC_6614892,6614892,2,0,2.65269,131.995,6.841,AFP
KIC_6636067,6636067,1,0,4.44507,135.818,15.52,NTP
KIC_6636320,6636320,1,1,6.33127,137.138,2.79,PC
KIC_6691244,6691244,3,0,7.91183,131.989,9.714,AFP
KIC_6691244,6691244,4,0,7.9129,137.716,10.52,AFP
KIC_6691244,6691244,5,0,7.91206,132.739,11.7,AFP
KIC_6707908,6707908,1,1,2.46606,132.324,1.401,PC
KIC_6707942,6707942,1,0,9.01422,131.55,2.788,AFP
KIC_6707942,6707942,2,0,9.01421,135.588,2.687,AFP
KIC_6715221,6715221,1,0,1.98495,132.443,5.562,NTP
KIC_6756202,6756202,1,0,290.778,393.511,12.06,AFP
KIC_6756386,6756386,1,0,0.56776,132.064,1.5,AFP
KIC_6756386,6756386,2,0,0.567754,131.787,1.135,AFP
KIC_6776555,6776555,1,1,5.43364,136.705,0.9168,PC
KIC_6793409,6793409,1,0,3.96938,134.861,7.224,AFP
KIC_6793409,6793409,2,0,3.96937,135.46,5.62,AFP
KIC_6793409,6793409,3,0,3.9692,134.256,7.538,AFP
KIC_6849046,6849046,1,1,4.22538,133.335,2.837,PC
KIC_6849310,6849310,1,1,4.31178,134.771,2.709,PC
KIC_6849310,6849310,2,1,20.0504,147.987,4.548,PC
KIC_6864859,6864859,2,0,40.8779,163.428,7.5,AFP
KIC_6864885,6864885,1,0,40.8791,163.413,7.097,AFP
KIC_6864885,6864885,2,0,40.8775,158.308,7.845,AFP
KIC_6933567,6933567,1,0,4.54118,135.112,2.065,AFP
KIC_6933781,6933781,1,0,130.419,229.759,3.94,AFP
KIC_6933781,6933781,2,0,130.419,204.237,7.621,AFP
KIC_6934045,6934045,1,1,265.743,167.052,18.08,PC
KIC_6510059,6510059,1,0,0.711595,132.123,2.485,NTP
KIC_6510174,6510174,1,0,1.96929,131.558,4.239,AFP
KIC_6510174,6510174,2,0,1.96949,132.594,2.101,AFP
KIC_6522824,6522824,1,0,17.4452,135.764,5.083,AFP
KIC_6523058,6523058,1,1,2.04821,132.159,1.763,PC
KIC_6541920,6541920,1,1,31.9954,154.162,4.439,PC
KIC_6541920,6541920,2,1,13.0249,138.177,4.784,PC
KIC_6584042,6584042,2,0,9.60185,140.505,14.64,NTP
KIC_6584167,6584167,1,0,0.733678,132.051,1.978,AFP
KIC_6584273,6584273,1,1,51.1108,143.779,7.915,PC
KIC_6604328,6604328,1,1,31.0035,143.287,5.267,PC
KIC_6614926,6614926,1,0,3.02676,133.328,4.284,AFP
KIC_6614926,6614926,2,0,3.02676,131.815,3.916,AFP
KIC_6615511,6615511,1,1,25.1595,153.035,5.153,PC
KIC_6615600,6615600,1,0,2.19506,132.764,1.633,NTP
KIC_6665223,6665223,1,1,119.408,232.649,9.349,PC
KIC_6665512,6665512,1,1,6.921,135.646,4.46,PC
KIC_6665695,6665695,1,1,5.37886,131.964,2.657,PC
KIC_6692833,6692833,1,0,10.8049,134.096,3.492,AFP
KIC_6693640,6693640,1,1,13.7193,140.747,5.535,PC
KIC_6694186,6694186,1,0,5.55426,135.155,3.5,AFP
KIC_6694649,6694649,1,0,0.51925,131.964,1.634,NTP
KIC_6715331,6715331,1,0,1.72542,131.891,5.889,NTP
KIC_6715434,6715434,1,0,1.5506,133.032,4.567,AFP
KIC_6715434,6715434,2,0,1.55067,132.257,5.326,AFP
KIC_6756386,6756386,3,0,0.567265,131.924,2.002,AFP
KIC_6756481,6756481,1,0,0.528625,131.988,3.137,NTP
KIC_6756669,6756669,1,0,5.85152,132.862,3.169,AFP
KIC_6777538,6777538,2,0,2.2198,132.352,3.169,NTP
KIC_6777538,6777538,3,0,3.28008,133.403,6.179,NTP
KIC_6794857,6794857,1,0,1.05674,132.098,3.688,NTP
KIC_6801692,6801692,1,0,3.2393,133.116,11.78,AFP
KIC_6801692,6801692,2,0,3.2396,134.618,12.83,AFP
KIC_6849310,6849310,3,1,9.76734,137.743,1.593,PC
KIC_6850504,6850504,1,1,10.8541,138.608,3.765,PC
KIC_6850504,6850504,2,1,3.69611,134.503,2.446,PC
KIC_6850504,6850504,3,1,77.6116,164.727,7.295,PC
KIC_6864891,6864891,1,0,40.8797,158.284,6.721,AFP
KIC_6864891,6864891,2,0,40.879,163.395,6.537,AFP
KIC_6864893,6864893,1,0,40.8784,158.308,6.781,AFP
KIC_6864893,6864893,2,0,40.879,163.421,6.902,AFP
KIC_6879171,6879171,1,1,6.96364,133.006,3.374,PC
KIC_6879183,6879183,1,1,20.5472,149.199,4.872,PC
KIC_6879594,6879594,1,0,1.55441,132.824,2.589,NTP
KIC_6879594,6879594,2,0,0.923106,132.122,2.837,AFP
KIC_6934291,6934291,1,1,0.567857,131.792,0.9964,PC
KIC_6934306,6934306,1,0,2.85723,132.239,3.416,NTP
KIC_6934587,6934587,1,0,1.57094,132.468,2.342,AFP
KIC_6934587,6934587,2,0,1.57087,131.697,2.0,AFP
KIC_6511019,6511019,1,0,2.45519,132.972,4.931,AFP
KIC_6511019,6511019,2,0,2.45494,133.708,5.911,AFP
KIC_6511019,6511019,3,0,3.74419,135.238,13.39,AFP
KIC_6511019,6511019,4,0,3.74385,133.541,12.5,AFP
KIC_6511182,6511182,1,1,29.5633,158.227,1.569,PC
KIC_6523351,6523351,1,1,6.06665,136.144,1.944,PC
KIC_6541920,6541920,3,1,22.6871,148.455,5.611,PC
KIC_6541920,6541920,4,1,118.379,168.91,9.668,PC
KIC_6541920,6541920,5,1,46.6861,131.665,6.75,PC
KIC_6541920,6541920,6,1,10.304,138.501,4.252,PC
KIC_6586052,6586052,1,0,0.597771,132.002,1.958,AFP
KIC_6586052,6586052,2,0,0.597776,131.686,2.446,AFP
KIC_6605493,6605493,1,1,9.30985,136.404,3.398,PC
KIC_6606229,6606229,1,0,1.39618,131.633,2.281,AFP
KIC_6606229,6606229,2,0,1.39555,132.352,2.547,AFP
KIC_6616211,6616211,1,0,3.85263,135.228,6.82,AFP
KIC_6616211,6616211,2,0,3.85511,132.408,5.621,AFP
KIC_6616211,6616211,3,0,2.31226,133.41,8.177,NTP
KIC_6665860,6665860,1,1,10.4711,136.329,4.3,PC
KIC_6666233,6666233,1,1,0.512409,131.726,1.056,PC
KIC_6695801,6695801,1,0,1.10653,132.388,1.77,AFP
KIC_6715577,6715577,1,0,459.11,260.303,12.91,NTP
KIC_6715577,6715577,2,0,450.611,321.376,5.353,NTP
KIC_6715809,6715809,1,0,2.099,131.848,2.962,NTP
KIC_6756669,6756669,2,0,5.85149,135.802,3.213,AFP
KIC_6757075,6757075,1,0,7.55952,135.658,18.18,NTP
KIC_6778008,6778008,1,0,0.945837,131.616,1.642,AFP
KIC_6778008,6778008,2,0,0.94581,132.105,1.42,AFP
KIC_6778019,6778019,1,0,0.945829,131.619,1.792,AFP
KIC_6802081,6802081,1,0,0.890519,131.705,3.644,AFP
KIC_6802081,6802081,2,0,0.890472,132.195,3.605,AFP
KIC_6802602,6802602,1,0,62.2489,152.055,19.74,NTP
KIC_6803202,6803202,1,1,21.0607,143.599,5.261,PC
KIC_6850504,6850504,4,1,6.09854,135.932,2.866,PC
KIC_6850504,6850504,5,1,19.5775,135.212,3.421,PC
KIC_6865077,6865077,1,0,0.677446,131.822,1.325,NTP
KIC_6879594,6879594,3,0,0.923165,131.619,4.817,AFP
KIC_6879865,6879865,1,1,19.1931,138.58,2.54,PC
KIC_6934986,6934986,1,1,131.485,177.484,5.066,PC
KIC_6935020,6935020,1,0,2.48615,132.659,2.384,AFP
KIC_6935020,6935020,2,0,2.48639,131.845,6.358,AFP
KIC_6511354,6511354,1,0,0.56978,131.709,1.432,AFP
KIC_6511354,6511354,2,0,0.56955,131.8,1.558,AFP
KIC_6511354,6511354,3,0,0.56959,131.568,1.365,AFP
KIC_6525106,6525106,1,0,1.71023,131.643,2.709,AFP
KIC_6525185,6525185,1,0,1.71031,131.612,2.601,AFP
KIC_6542001,6542001,1,0,4.09163,135.581,10.75,AFP
KIC_6542001,6542001,2,0,4.09135,133.631,14.83,AFP
KIC_6542751,6542751,1,0,0.726144,132.12,2.553,AFP
KIC_6542751,6542751,2,0,0.726134,131.651,1.865,AFP
KIC_6586746,6586746,1,1,6.26405,132.83,2.453,PC
KIC_6587002,6587002,1,1,47.4277,169.128,5.212,PC
KIC_6606229,6606229,4,0,1.39529,131.93,4.537,AFP
KIC_6606438,6606438,1,1,103.428,220.222,5.002,PC
KIC_6616218,6616218,1,1,5.9604,137.265,2.781,PC
KIC_6616218,6616218,2,1,2.46106,133.323,2.213,PC
KIC_6619815,6619815,1,1,65.9408,166.029,7.712,PC
KIC_6619830,6619830,1,0,1.0447,131.844,2.264,NTP
KIC_6670075,6670075,1,0,0.75968,131.786,1.302,AFP
KIC_7973706,7973706,1,0,538.45,141.298,12.95,NTP
KIC_7973867,7973867,1,0,0.953268,131.878,2.745,AFP
KIC_7973867,7973867,2,0,0.953361,132.28,4.728,AFP
KIC_7987749,7987749,2,0,17.0309,135.491,4.18,AFP
KIC_7987866,7987866,1,1,3.13879,133.654,1.711,PC
KIC_7988039,7988039,1,0,2.32305,132.967,7.707,NTP
KIC_7988343,7988343,1,0,0.58023,131.717,1.21,AFP
KIC_7988343,7988343,2,0,0.581881,131.705,1.5,AFP
KIC_8018769,8018769,2,0,2.7861,133.346,6.822,AFP
KIC_8018769,8018769,3,0,2.78623,131.905,9.585,AFP
KIC_8019250,8019250,1,0,2.46987,132.357,7.597,AFP
KIC_8042004,8042004,1,0,3.89961,135.198,13.16,NTP
KIC_8056337,8056337,2,0,0.519401,131.88,1.531,AFP
KIC_8056337,8056337,3,0,0.519398,131.698,1.5,AFP
KIC_8056651,8056651,1,0,5.5836,132.557,2.345,AFP
KIC_8056665,8056665,1,1,84.6877,150.572,10.44,PC
KIC_8094120,8094120,1,1,5.67954,132.946,3.473,PC
KIC_8094120,8094120,2,0,0.706413,132.167,1.5,AFP
KIC_8094140,8094140,1,0,0.706419,132.152,1.638,AFP
KIC_8094140,8094140,2,0,0.706425,131.792,1.5,AFP
KIC_8111622,8111622,3,0,15.4461,132.921,5.021,AFP
KIC_8111716,8111716,1,0,459.394,260.057,5.755,NTP
KIC_8111919,8111919,1,0,1.66496,131.692,1.221,AFP
KIC_8125580,8125580,1,1,17.3171,142.36,3.102,PC
KIC_8125652,8125652,1,0,3.18352,131.819,5.236,AFP
KIC_8125652,8125652,2,0,3.1831,134.419,10.14,AFP
KIC_8125652,8125652,3,0,3.18345,133.406,2.913,AFP
KIC_8156120,8156120,1,1,38.5844,136.246,10.53,PC
KIC_8158127,8158127,1,1,9.42886,140.108,4.469,PC
KIC_8158127,8158127,2,1,4.08893,131.681,3.446,PC
KIC_8158127,8158127,3,1,16.9976,143.864,2.552,PC
KIC_8175131,8175131,1,0,4.27117,132.115,2.85,AFP
KIC_8175399,8175399,1,0,0.779654,132.086,2.471,AFP
KIC_8175399,8175399,2,0,0.789855,132.142,1.115,AFP
KIC_7816992,7816992,1,0,0.569943,131.91,2.062,AFP
KIC_7816992,7816992,2,0,0.569969,131.631,1.449,AFP
KIC_7837733,7837733,1,0,3.0872,132.912,2.592,AFP
KIC_7838213,7838213,1,0,1.73531,132.92,6.144,NTP
KIC_7838214,7838214,1,0,1.7353,132.905,5.688,AFP
KIC_7866921,7866921,1,0,91.5001,182.769,19.57,AFP
KIC_7866921,7866921,2,0,91.5002,217.659,15.77,AFP
KIC_7889617,7889617,1,0,1.89816,132.087,4.749,NTP
KIC_7914906,7914906,1,0,8.75292,138.725,3.408,AFP
KIC_7914906,7914906,2,0,8.75284,138.484,5.504,AFP
KIC_7948108,7948108,1,0,2.59078,131.626,5.475,AFP
KIC_7948108,7948108,2,0,2.59073,132.499,7.423,AFP
KIC_7948108,7948108,3,0,2.59091,133.33,7.693,AFP
KIC_7948779,7948779,1,0,459.23,260.384,3.549,NTP
KIC_7974032,7974032,2,0,0.504734,131.67,1.496,AFP
KIC_7974032,7974032,3,0,0.504736,132.014,1.5,AFP
KIC_7974626,7974626,1,0,459.363,260.144,4.384,NTP
KIC_7974634,7974634,1,0,2.74803,132.35,8.472,AFP
KIC_7988962,7988962,1,0,0.604527,131.89,1.62,AFP
KIC_7988962,7988962,2,0,0.604482,131.644,1.877,AFP
KIC_7988994,7988994,1,0,5.06293,131.671,2.309,AFP
KIC_8019250,8019250,2,0,2.46993,133.612,4.361,AFP
KIC_8022244,8022244,1,1,11.9035,142.631,4.325,PC
KIC_8042057,8042057,2,0,0.970553,131.712,4.248,AFP
KIC_8042057,8042057,3,0,0.970634,132.136,3.815,AFP
KIC_8042453,8042453,1,1,11.174,134.705,3.188,PC
KIC_8056665,8056665,2,1,207.587,289.861,7.779,PC
KIC_8056665,8056665,3,0,0.960842,131.984,2.516,NTP
KIC_8056861,8056861,1,0,0.796115,132.051,2.735,NTP
KIC_8095099,8095099,1,0,2.10324,132.866,3.5,AFP
KIC_8095110,8095110,1,0,2.10324,132.866,5.705,AFP
KIC_8095321,8095321,1,0,3.15318,133.571,7.844,AFP
KIC_8095321,8095321,2,0,3.15347,134.107,6.25,AFP
KIC_8112515,8112515,1,0,368.019,169.805,10.49,NTP
KIC_8125652,8125652,4,0,0.795926,132.16,0.907,NTP
KIC_8126371,8126371,1,0,2.95234,133.001,10.38,NTP
KIC_8158429,8158429,1,1,31.7078,138.256,6.575,PC
KIC_8160953,8160953,1,1,116.331,173.684,7.191,PC
KIC_8161561,8161561,1,1,3.27582,134.22,2.969,PC
KIC_7778838,7778838,3,0,5.87667,136.255,2.891,NTP
KIC_7778980,7778980,1,0,0.622939,131.684,1.014,AFP
KIC_7819024,7819024,1,0,0.54546,131.932,2.006,AFP
KIC_7819024,7819024,2,0,0.545565,131.734,2.071,AFP
KIC_7838214,7838214,2,0,1.73534,131.925,5.247,AFP
KIC_7838655,7838655,1,0,2.1132,132.331,2.794,AFP
KIC_7838675,7838675,1,1,1.00522,132.446,1.655,PC
KIC_7867348,7867348,1,0,12.644,135.876,10.17,AFP
KIC_7867348,7867348,2,0,0.972565,131.942,3.389,NTP
KIC_7867348,7867348,4,0,12.6427,139.446,7.5,AFP
KIC_7868889,7868889,1,0,355.195,330.893,16.49,NTP
KIC_7891294,7891294,1,1,3.07709,133.502,3.086,PC
KIC_7897915,7897915,1,0,9.52322,135.726,14.87,NTP
KIC_7898352,7898352,1,1,127.282,163.89,7.225,PC
KIC_7898352,7898352,2,1,30.1837,146.649,5.967,PC
KIC_7915458,7915458,1,0,0.925873,131.67,2.048,AFP
KIC_7915458,7915458,2,0,0.926038,131.639,6.865,AFP
KIC_7948784,7948784,1,1,10.0875,135.135,2.646,PC
KIC_7949593,7949593,1,1,17.7674,146.627,4.868,PC
KIC_7950644,7950644,1,1,10.291,137.022,4.325,PC
KIC_7974634,7974634,2,0,2.74739,133.851,7.553,AFP
KIC_7974634,7974634,3,0,2.74851,132.71,7.323,AFP
KIC_7974853,7974853,1,0,7.09092,138.269,16.33,AFP
KIC_7988994,7988994,2,0,5.0629,135.021,2.114,AFP
KIC_7988994,7988994,3,0,5.06296,133.186,2.695,AFP
KIC_7988994,7988994,4,0,5.06293,132.75,1.868,AFP
KIC_7988994,7988994,5,0,5.06291,132.329,1.887,AFP
KIC_8022244,8022244,2,1,34.035,134.431,6.804,PC
KIC_8022489,8022489,1,1,197.511,272.387,11.2,PC
KIC_8022489,8022489,2,1,2.53572,133.018,3.834,PC
KIC_8042789,8042789,1,0,4.61834,135.847,2.58,AFP
KIC_8042789,8042789,2,0,4.61834,133.546,2.868,AFP
KIC_8058082,8058082,1,0,5.178,136.643,6.052,AFP
KIC_8058082,8058082,3,0,5.17908,135.607,12.59,AFP
KIC_8095441,8095441,1,1,11.8745,140.214,2.121,PC
KIC_8113154,8113154,1,0,2.58685,133.817,4.839,AFP
KIC_8126486,8126486,1,0,3.79489,131.981,12.78,AFP
KIC_8126486,8126486,2,0,3.79514,133.772,12.9,AFP
KIC_8126558,8126558,1,1,12.1914,136.335,1.819,PC
KIC_8161715,8161715,2,0,2.20319,133.547,9.989,AFP
KIC_8161808,8161808,1,0,0.734329,132.013,4.705,NTP
KIC_7778980,7778980,2,0,0.622945,132.048,1.497,AFP
KIC_7778980,7778980,3,0,0.62294,131.933,1.5,AFP
KIC_7779077,7779077,1,1,16.8419,137.993,2.559,PC
KIC_7779411,7779411,1,0,0.934611,131.959,2.761,AFP
KIC_7819833,7819833,1,0,0.55044,131.975,1.944,AFP
KIC_7819833,7819833,2,0,0.550448,131.701,2.143,AFP
KIC_7820985,7820985,1,0,0.742525,132.18,2.465,NTP
KIC_7838889,7838889,1,0,0.520415,131.627,0.8467,AFP
KIC_7838889,7838889,2,0,0.520413,132.0,0.761,AFP
KIC_7838906,7838906,1,0,5.61491,132.841,3.862,AFP
KIC_7868899,7868899,1,0,5.13134,134.239,15.24,AFP
KIC_7868899,7868899,2,0,5.1311,131.784,15.33,AFP
KIC_7898576,7898576,1,0,4.32303,135.42,8.244,AFP
KIC_7915515,7915515,1,0,0.595253,132.017,1.535,NTP
KIC_7916058,7916058,1,1,7.10982,133.355,12.38,PC
KIC_7916872,7916872,1,0,2.29763,133.308,3.509,AFP
KIC_7950775,7950775,1,0,8.96661,138.575,4.022,AFP
KIC_7950775,7950775,2,0,8.96661,132.908,4.289,AFP
KIC_7974853,7974853,2,0,7.09039,135.85,15.55,AFP
KIC_7974853,7974853,3,0,7.0904,134.071,15.25,AFP
KIC_7974877,7974877,1,0,0.979006,132.392,3.156,NTP
KIC_7975727,7975727,1,0,22.4183,150.379,5.356,AFP
KIC_7988994,7988994,6,0,5.06285,136.461,2.236,AFP
KIC_7988994,7988994,7,0,2.53144,131.934,5.547,NTP
KIC_7989079,7989079,1,0,0.629563,131.606,1.851,AFP
KIC_7989079,7989079,2,0,0.62962,131.884,2.079,AFP
KIC_8022489,8022489,3,1,11.1725,140.013,6.439,PC
KIC_8023317,8023317,1,0,16.5794,146.714,7.754,AFP
KIC_8023848,8023848,1,0,459.292,260.263,3.5,NTP
KIC_8024918,8024918,1,0,0.591714,131.762,2.329,AFP
KIC_8043052,8043052,1,0,2.2446,133.464,1.746,AFP
KIC_8043052,8043052,2,0,2.2446,132.341,1.189,AFP
KIC_8058127,8058127,1,0,0.900975,131.841,5.03,NTP
KIC_8098120,8098120,1,0,1.21693,131.553,4.457,AFP
KIC_8098120,8098120,2,0,1.21779,131.564,3.758,AFP
KIC_8098212,8098212,1,1,3.48762,134.144,1.801,PC
KIC_8114532,8114532,1,0,2.48658,132.715,3.556,AFP
KIC_8127586,8127586,1,0,16.6096,147.609,3.26,AFP
KIC_8127607,8127607,1,0,16.6096,147.619,3.131,NTP
KIC_8127639,8127639,1,0,1.02347,131.7,1.333,AFP
KIC_8161816,8161816,1,0,2.20307,133.581,7.304,AFP
KIC_8161816,8161816,2,0,4.40679,134.694,9.638,AFP
KIC_8161825,8161825,1,0,1.10152,132.536,3.474,AFP
KIC_8161830,8161830,1,0,2.20309,133.612,6.276,AFP
KIC_7779411,7779411,2,0,0.934536,131.758,1.99,AFP
KIC_7779942,7779942,1,0,19.7947,135.996,4.382,AFP
KIC_7779942,7779942,2,0,19.7947,132.528,3.562,AFP
KIC_7779942,7779942,3,0,1.52624,132.317,4.479,AFP
KIC_7821010,7821010,1,0,24.2383,136.613,3.0,AFP
KIC_7821010,7821010,2,0,24.2377,155.139,10.5,AFP
KIC_7821689,7821689,1,0,19.0633,147.2,26.3,NTP
KIC_7838906,7838906,2,0,5.61494,135.654,2.615,AFP
KIC_7838908,7838908,1,0,0.681627,131.829,2.5,AFP
KIC_7838908,7838908,2,0,0.681632,132.162,2.559,AFP
KIC_7869917,7869917,1,1,7.71468,133.558,4.308,PC
KIC_7870032,7870032,1,1,16.8773,138.649,3.814,PC
KIC_7870250,7870250,1,0,0.580691,131.751,1.967,AFP
KIC_7870282,7870282,1,0,0.581469,131.789,2.945,AFP
KIC_7899070,7899070,1,1,126.446,166.495,16.73,PC
KIC_7916872,7916872,2,0,2.29808,132.065,5.249,AFP
KIC_7917014,7917014,1,0,0.502755,131.597,1.657,AFP
KIC_7917014,7917014,2,0,0.502767,131.832,2.1,AFP
KIC_7951018,7951018,1,1,52.7588,156.307,6.589,PC
KIC_7953247,7953247,1,0,514.517,260.265,10.79,NTP
KIC_7953880,7953880,2,0,2.99381,133.182,7.698,NTP
KIC_7975727,7975727,2,0,22.4183,143.017,3.911,AFP
KIC_7989187,7989187,1,0,2.26614,132.24,7.057,AFP
KIC_7989187,7989187,2,0,2.26604,133.001,8.621,AFP
KIC_7989348,7989348,1,0,1.06644,132.176,2.85,AFP
KIC_8024918,8024918,2,0,0.5917,132.082,1.82,AFP
KIC_8025357,8025357,1,0,3.75641,133.29,10.9,AFP
KIC_8025357,8025357,2,0,3.75622,134.956,6.005,AFP
KIC_8058135,8058135,1,0,0.901005,131.811,3.551,AFP
KIC_8058507,8058507,1,0,3.8148,133.589,6.113,AFP
KIC_8098728,8098728,1,0,24.4853,137.618,4.846,AFP
KIC_8114532,8114532,3,0,2.48662,132.298,3.539,AFP
KIC_8114921,8114921,2,0,0.718516,131.815,2.619,AFP
KIC_8114921,8114921,3,0,0.718546,132.176,2.45,AFP
KIC_8127648,8127648,1,0,1.02347,131.704,2.38,AFP
KIC_8127684,8127684,1,0,0.836841,131.67,1.548,AFP
KIC_8127684,8127684,2,0,0.836855,132.005,1.983,AFP
KIC_8128067,8128067,1,0,12.4296,133.771,4.643,AFP
KIC_8161830,8161830,2,0,4.40601,134.777,14.02,AFP
KIC_8162376,8162376,1,0,0.706434,132.136,1.087,AFP
KIC_8162789,8162789,1,1,10.161,141.518,3.125,PC
KIC_7779942,7779942,4,0,1.52606,132.224,6.145,AFP
KIC_7779942,7779942,5,0,1.52651,132.734,5.054,AFP
KIC_7797715,7797715,1,0,0.884304,132.198,3.12,NTP
KIC_7798259,7798259,1,0,1.73422,132.83,1.5,AFP
KIC_7798259,7798259,2,0,1.73423,131.964,2.315,AFP
KIC_7825680,7825680,1,0,3.06935,133.555,10.19,AFP
KIC_7825680,7825680,2,0,3.07043,131.914,10.22,AFP
KIC_7825899,7825899,1,1,16.2395,143.092,4.168,PC
KIC_7839003,7839003,2,0,0.761556,131.736,1.95,AFP
KIC_7839003,7839003,3,0,0.76157,131.977,2.249,AFP
KIC_7870306,7870306,1,0,0.580673,131.763,1.618,AFP
KIC_7870390,7870390,1,1,9.77045,136.632,2.567,PC
KIC_7900450,7900450,1,0,459.055,260.423,11.25,NTP
KIC_7901016,7901016,1,1,41.6762,169.784,10.85,PC
KIC_7901718,7901718,1,0,0.558584,131.576,1.035,AFP
KIC_7917485,7917485,1,0,0.624987,131.724,2.125,AFP
KIC_7917485,7917485,2,0,0.625002,131.925,2.015,AFP
KIC_7917485,7917485,3,0,0.625013,132.127,1.5,AFP
KIC_7954107,7954107,1,0,0.64988,131.785,1.67,AFP
KIC_7954107,7954107,2,0,0.64992,131.863,1.402,AFP
KIC_7954278,7954278,1,0,0.613408,131.808,1.5,AFP
KIC_7954278,7954278,2,0,0.613402,131.514,1.5,AFP
KIC_7976520,7976520,1,1,4.1784,134.381,2.081,PC
KIC_7977197,7977197,1,1,19.4464,150.655,3.488,PC
KIC_7989348,7989348,2,0,1.0664,131.974,2.445,AFP
KIC_7989422,7989422,1,0,7.47769,133.404,2.482,AFP
KIC_8025596,8025596,1,1,4.69504,133.935,2.911,PC
KIC_8026752,8026752,1,0,4.28682,134.335,3.887,AFP
KIC_8026752,8026752,2,0,4.28689,134.615,3.017,AFP
KIC_8043638,8043638,1,1,17.5875,140.902,4.411,PC
KIC_8043714,8043714,1,0,6.81498,134.213,3.066,AFP
KIC_8058507,8058507,2,0,3.815,132.588,11.98,AFP
KIC_8059291,8059291,1,0,459.255,260.321,3.427,NTP
KIC_8073705,8073705,1,1,10.6005,132.986,4.586,PC
KIC_8073806,8073806,1,1,11.9641,133.159,4.736,PC
KIC_8098728,8098728,2,0,24.4849,148.015,3.477,AFP
KIC_8120608,8120608,1,1,7.26729,137.979,2.314,PC
KIC_8120608,8120608,2,1,13.343,136.873,2.816,PC
KIC_8128067,8128067,2,0,12.4296,140.237,2.191,AFP
KIC_8128247,8128247,1,0,3.57017,134.441,5.005,AFP
KIC_8129005,8129005,1,0,3.57,134.48,5.682,AFP
KIC_8162790,8162790,1,0,10.1611,141.514,3.034,AFP
KIC_8164012,8164012,1,1,1.25274,131.924,2.064,PC
KIC_8164257,8164257,1,1,6.4754,137.583,2.601,PC
KIC_7798339,7798339,1,0,1.66601,131.763,4.88,AFP
KIC_7825899,7825899,2,1,6.3082,136.2,3.122,PC
KIC_7825899,7825899,3,1,28.8671,156.214,4.785,PC
KIC_7826620,7826620,1,1,0.849915,131.669,1.28,PC
KIC_7826659,7826659,1,1,211.034,279.127,6.862,PC
KIC_7840035,7840035,1,0,13.542,144.007,4.895,AFP
KIC_7840035,7840035,2,0,13.5419,133.184,4.831,AFP
KIC_7840044,7840044,1,0,13.5421,144.013,3.398,AFP
KIC_7840145,7840145,1,0,459.304,260.233,2.84,NTP
KIC_7870390,7870390,2,1,5.1698,136.443,2.222,PC
KIC_7870390,7870390,3,1,20.0903,147.973,3.909,PC
KIC_7901718,7901718,2,0,0.558584,131.947,1.062,AFP
KIC_7901718,7901718,3,0,0.558587,131.754,1.162,AFP
KIC_7901948,7901948,1,1,2.57886,133.223,2.33,PC
KIC_7918217,7918217,1,0,63.9339,162.864,8.941,AFP
KIC_7918478,7918478,1,1,9.90916,133.096,2.321,PC
KIC_7955301,7955301,1,0,15.3278,134.928,5.764,AFP
KIC_7955301,7955301,2,0,15.3285,142.787,7.439,AFP
KIC_7955545,7955545,1,0,0.988906,132.176,5.538,NTP
KIC_7977197,7977197,2,1,6.91981,134.123,3.292,PC
KIC_8004903,8004903,1,1,11.2541,136.888,4.74,PC
KIC_8007174,8007174,1,1,56.6483,168.468,4.377,PC
KIC_8026752,8026752,3,0,4.28566,134.303,10.25,AFP
KIC_8026887,8026887,1,0,3.84594,133.542,12.67,AFP
KIC_8026887,8026887,2,0,3.84621,131.645,13.84,AFP
KIC_8043721,8043721,1,0,0.779554,131.731,2.035,AFP
KIC_8043882,8043882,1,0,0.779592,131.694,2.923,AFP
KIC_8043968,8043968,1,0,0.779579,131.712,2.765,AFP
KIC_8044008,8044008,1,0,0.779548,131.744,2.14,AFP
KIC_8074328,8074328,1,1,4.26796,134.07,1.214,PC
KIC_8099138,8099138,1,1,66.1853,141.611,4.665,PC
KIC_8103917,8103917,1,0,0.933041,131.872,3.156,AFP
KIC_8103917,8103917,2,0,0.932985,131.743,4.656,AFP
KIC_8120608,8120608,3,1,3.88679,133.33,1.856,PC
KIC_8120608,8120608,4,1,22.4078,153.799,3.312,PC
KIC_8120608,8120608,5,1,129.941,176.856,4.925,PC
KIC_8129189,8129189,1,0,53.6471,152.972,19.32,AFP
KIC_8129189,8129189,2,0,53.647,133.1,19.73,AFP
KIC_8164257,8164257,2,1,49.5005,139.041,6.469,PC
KIC_8164257,8164257,3,1,16.8582,142.345,1.961,PC
KIC_8164262,8164262,1,0,87.4557,136.245,17.15,AFP
KIC_8164262,8164262,2,0,2.133,131.849,7.226,AFP
KIC_7798339,7798339,4,0,1.66599,132.617,5.047,AFP
KIC_7798924,7798924,1,0,1.83875,132.147,2.335,AFP
KIC_7798924,7798924,2,0,1.83874,133.277,2.226,AFP
KIC_7826705,7826705,1,0,553.942,181.451,6.606,NTP
KIC_7827152,7827152,1,0,1.00133,132.293,4.948,NTP
KIC_7827152,7827152,2,0,11.0053,141.159,1.978,NTP
KIC_7829836,7829836,1,1,237.817,320.182,10.49,PC
KIC_7840642,7840642,1,0,1.20581,132.25,1.457,AFP
KIC_7871954,7871954,1,1,1.93703,132.783,1.459,PC
KIC_7871954,7871954,2,1,7.06117,136.274,0.9513,PC
KIC_7872212,7872212,1,0,4.5741,134.177,8.258,AFP
KIC_7902003,7902003,1,1,7.1306,135.588,2.544,PC
KIC_7902035,7902035,1,0,0.681656,131.807,1.331,AFP
KIC_7902035,7902035,2,0,0.681658,131.97,1.488,AFP
KIC_7902035,7902035,3,0,0.681653,131.646,1.575,AFP
KIC_7918652,7918652,1,1,11.4555,136.315,4.807,PC
KIC_7918688,7918688,1,0,0.804691,131.965,2.878,AFP
KIC_7918688,7918688,2,0,0.804748,131.649,1.441,AFP
KIC_7955580,7955580,1,1,55.6738,136.546,3.797,PC
KIC_7955898,7955898,3,0,0.565754,131.834,2.0,NTP
KIC_7977198,7977198,4,0,74.3175,151.338,8.918,NTP
KIC_8007644,8007644,1,1,25.2034,137.566,4.565,PC
KIC_8008067,8008067,1,1,15.7711,137.591,5.06,PC
KIC_8027456,8027456,3,0,0.55078,131.58,1.539,NTP
KIC_8044016,8044016,1,0,0.779578,131.707,3.29,AFP
KIC_8044075,8044075,1,0,3.13438,132.703,2.573,NTP
KIC_8044600,8044600,1,0,4.10825,134.943,5.234,AFP
KIC_8074805,8074805,1,0,170.866,299.656,17.49,AFP
KIC_8074805,8074805,2,0,170.861,186.083,12.84,AFP
KIC_8075618,8075618,1,0,8.7806,137.924,3.18,AFP
KIC_8075991,8075991,1,0,459.21,260.433,3.486,NTP
KIC_8104030,8104030,1,0,46.8401,164.134,3.819,AFP
KIC_8104030,8104030,2,0,46.8404,149.892,4.937,AFP
KIC_8121067,8121067,1,0,2.06489,132.876,4.341,AFP
KIC_8121310,8121310,1,1,22.2081,139.735,7.405,PC
KIC_8121328,8121328,1,1,19.0697,145.71,9.049,PC
KIC_8142547,8142547,1,0,0.536296,132.014,1.235,AFP
KIC_8142547,8142547,2,0,0.536402,131.939,1.5,AFP
KIC_8164262,8164262,3,0,2.13307,133.521,7.588,AFP
KIC_8164262,8164262,4,0,2.13308,132.554,6.303,AFP
KIC_8165617,8165617,1,0,4.86549,132.338,14.02,AFP
KIC_7800087,7800087,1,0,0.943953,132.051,1.506,AFP
KIC_7800087,7800087,2,0,0.944217,132.022,1.291,AFP
KIC_7800285,7800285,1,0,0.533005,131.73,0.9978,AFP
KIC_7830321,7830321,1,0,2.02737,131.688,1.066,AFP
KIC_7830321,7830321,2,0,2.02738,132.701,0.8117,AFP
KIC_7830341,7830341,1,0,361.424,280.612,3.48,NTP
KIC_7830351,7830351,1,0,5.27589,132.469,14.83,NTP
KIC_7840642,7840642,2,0,1.20587,131.619,4.422,AFP
KIC_7841514,7841514,1,0,0.860675,132.063,2.363,AFP
KIC_7841514,7841514,2,0,0.860711,132.356,1.869,AFP
KIC_7841640,7841640,1,0,1.71648,132.307,2.483,AFP
KIC_7872212,7872212,2,0,4.57136,132.007,12.43,AFP
KIC_7872212,7872212,3,0,4.57143,133.603,11.77,AFP
KIC_7877496,7877496,1,1,1.72086,133.022,2.029,PC
KIC_7902286,7902286,1,0,1.51868,132.982,5.288,NTP
KIC_7903086,7903086,1,0,1.84681,131.922,1.426,AFP
KIC_7918688,7918688,3,0,3.41595,132.619,5.763,NTP
KIC_7918992,7918992,1,1,1.43473,132.634,1.949,PC
KIC_7956132,7956132,1,0,0.612539,131.594,2.404,NTP
KIC_7956461,7956461,2,0,0.939914,131.994,3.017,NTP
KIC_7977996,7977996,1,0,0.655632,131.742,2.163,AFP
KIC_7977996,7977996,2,0,0.655675,132.032,3.126,AFP
KIC_7978202,7978202,1,1,509.995,276.732,8.426,PC
KIC_7978226,7978226,1,0,1.29011,132.356,4.238,AFP
KIC_8008067,8008067,2,1,7.30568,131.782,1.523,PC
KIC_8008067,8008067,3,1,157.065,167.144,7.785,PC
KIC_8008128,8008128,1,0,14.8544,136.56,5.14,AFP
KIC_8008128,8008128,2,0,14.8544,132.923,5.908,AFP
KIC_8029197,8029197,1,0,2.15289,132.379,2.61,AFP
KIC_8029546,8029546,1,0,0.639668,132.111,1.108,AFP
KIC_8044608,8044608,1,0,106.176,234.641,10.41,AFP
KIC_8044608,8044608,2,0,106.176,218.818,9.076,AFP
KIC_8044889,8044889,1,0,0.969593,132.487,3.12,AFP
KIC_8076630,8076630,1,0,0.861631,131.815,1.679,AFP
KIC_8077137,8077137,1,1,15.0898,145.774,3.884,PC
KIC_8077137,8077137,2,1,22.8031,153.372,5.098,PC
KIC_8078502,8078502,1,1,37.8871,133.021,5.695,PC
KIC_8104436,8104436,1,0,2.53538,133.389,1.494,AFP
KIC_8121586,8121586,1,0,1.02084,132.485,3.454,NTP
KIC_8122232,8122232,1,0,4.43165,131.913,7.884,NTP
KIC_8122232,8122232,2,0,2.21571,132.68,3.34,AFP
KIC_8142787,8142787,1,1,178.141,210.116,9.945,PC
KIC_8142942,8142942,1,1,5.75623,133.905,1.088,PC
KIC_8143170,8143170,1,0,28.786,137.113,13.69,AFP
KIC_8143170,8143170,2,0,28.7853,150.524,15.4,AFP
KIC_8165617,8165617,2,0,4.86364,134.537,15.01,AFP
KIC_8165946,8165946,1,1,6.422,134.581,2.674,PC
KIC_7800750,7800750,1,0,0.580729,131.728,2.124,AFP
KIC_7801070,7801070,1,1,75.878,194.682,1.108,PC
KIC_7802136,7802136,1,0,10.9802,137.138,3.767,AFP
KIC_7802136,7802136,2,0,10.9803,142.017,2.593,AFP
KIC_7830637,7830637,1,0,121.599,211.48,11.11,AFP
KIC_7830637,7830637,2,0,121.599,137.276,15.02,AFP
KIC_7830684,7830684,1,0,0.656533,131.652,2.165,AFP
KIC_7830684,7830684,2,0,0.656519,132.005,3.254,AFP
KIC_7841640,7841640,2,0,1.71671,131.779,3.966,AFP
KIC_7841925,7841925,1,1,14.164,140.59,4.295,PC
KIC_7841925,7841925,2,1,6.20914,136.884,2.386,PC
KIC_7877496,7877496,2,0,1.72084,132.169,2.032,AFP
KIC_7877818,7877818,1,0,9.44945,136.024,6.02,AFP
KIC_7877818,7877818,2,0,9.44945,132.45,6.106,AFP
KIC_7877820,7877820,1,0,9.44944,136.026,5.97,AFP
KIC_7905106,7905106,1,1,4.22433,132.343,4.133,PC
KIC_7956547,7956547,1,0,0.625477,131.649,2.052,NTP
KIC_7957881,7957881,1,0,1.04215,131.668,0.8993,AFP
KIC_7957881,7957881,2,0,1.04057,132.119,2.305,AFP
KIC_7978226,7978226,2,0,1.29015,131.756,3.165,AFP
KIC_7979504,7979504,1,0,2.50446,132.369,7.117,NTP
KIC_8008206,8008206,1,1,20.729,143.975,2.837,PC
KIC_8008206,8008206,2,1,1.63291,132.918,1.521,PC
KIC_8009350,8009350,1,1,13.7521,143.032,2.941,PC
KIC_8029546,8029546,2,0,0.63969,131.872,1.104,AFP
KIC_8029848,8029848,1,0,1.20609,132.082,1.748,AFP
KIC_8030148,8030148,1,1,5.66067,131.756,4.637,PC
KIC_8030339,8030339,1,0,0.65245,132.053,1.385,AFP
KIC_8044889,8044889,2,0,0.969577,132.124,2.558,AFP
KIC_8046010,8046010,2,0,0.524259,131.557,1.661,AFP
KIC_8081187,8081187,1,1,37.323,152.834,7.149,PC
KIC_8081239,8081239,1,1,10.3586,138.305,2.598,PC
KIC_8081389,8081389,1,0,1.48944,132.001,3.0,AFP
KIC_8081389,8081389,2,0,1.48943,132.755,4.405,AFP
KIC_8104598,8104598,2,0,2.23578,131.721,5.712,NTP
KIC_8105398,8105398,1,0,224.151,341.029,12.76,AFP
KIC_8122232,8122232,3,0,2.21576,133.408,7.226,AFP
KIC_8166912,8166912,1,0,459.293,260.216,6.691,NTP
KIC_8167504,8167504,1,0,7.70268,138.389,2.479,NTP
KIC_8167922,8167922,1,0,1.02596,131.636,3.299,AFP
KIC_7802719,7802719,1,1,4.4574,132.167,2.383,PC
KIC_7808587,7808587,1,1,6.24148,134.886,3.117,PC
KIC_7808747,7808747,1,0,459.283,260.275,4.372,NTP
KIC_7810483,7810483,1,0,29.9221,146.007,2.801,AFP
KIC_7831264,7831264,1,1,5.96872,137.16,3.629,PC
KIC_7831264,7831264,2,1,13.0714,144.442,3.007,PC
KIC_7831302,7831302,1,0,0.510032,131.554,1.331,AFP
KIC_7841925,7841925,3,1,0.840569,131.754,1.234,PC
KIC_7841986,7841986,1,0,10.7337,141.112,7.518,AFP
KIC_7841986,7841986,2,0,10.7337,137.075,8.806,AFP
KIC_7842286,7842286,1,0,1.20184,131.535,2.259,AFP
KIC_7877820,7877820,2,0,9.44943,132.451,6.099,AFP
KIC_7877824,7877824,1,0,9.44947,136.02,3.5,AFP
KIC_7877824,7877824,2,0,9.44934,132.458,4.5,AFP
KIC_7877824,7877824,3,0,9.44947,135.795,15.0,AFP
KIC_7877978,7877978,1,1,56.5734,146.578,3.557,PC
KIC_7905683,7905683,1,0,4.94159,136.308,11.0,AFP
KIC_7905683,7905683,2,0,4.94095,132.665,9.032,AFP
KIC_7906671,7906671,1,0,45.1183,156.987,3.025,AFP
KIC_7937391,7937391,1,0,2.5047,132.37,9.178,NTP
KIC_7938179,7938179,1,0,0.959342,131.743,3.087,AFP
KIC_7938179,7938179,2,0,0.959342,132.212,4.15,AFP
KIC_7959867,7959867,1,0,0.506746,131.964,1.5,NTP
KIC_7959867,7959867,2,0,0.875349,132.371,2.284,AFP
KIC_7959867,7959867,3,0,0.875372,131.943,3.579,AFP
KIC_7983108,7983108,1,0,0.57822,131.815,1.948,AFP
KIC_7983108,7983108,2,0,0.57821,131.626,2.119,AFP
KIC_7983117,7983117,1,1,11.495,141.277,7.271,PC
KIC_7983117,7983117,2,1,25.0898,138.49,6.673,PC
KIC_8012437,8012437,1,0,2.0375,132.005,3.33,NTP
KIC_8012437,8012437,2,0,4.0751,134.547,3.113,AFP
KIC_8012437,8012437,3,0,4.07523,135.002,6.057,AFP
KIC_8030339,8030339,2,1,5.71672,136.316,2.671,PC
KIC_8035802,8035802,1,0,459.247,260.347,2.99,NTP
KIC_8036287,8036287,1,1,1.44446,132.806,1.079,PC
KIC_8046010,8046010,3,0,0.524288,131.809,2.0,AFP
KIC_8046659,8046659,1,0,31.569,158.3,2.644,AFP
KIC_8046689,8046689,1,0,5.78538,137.101,2.009,AFP
KIC_8081482,8081482,1,0,2.81945,133.87,4.228,AFP
KIC_8081482,8081482,2,0,2.81945,132.461,3.58,AFP
KIC_8081566,8081566,1,0,3.78689,132.792,11.81,NTP
KIC_8081899,8081899,1,1,4.16056,132.275,2.658,PC
KIC_8106592,8106592,1,0,2.98212,133.356,10.32,NTP
KIC_8106610,8106610,1,0,12.399,135.582,4.232,AFP
KIC_8106610,8106610,2,0,12.3991,142.13,3.864,AFP
KIC_8106973,8106973,1,0,439.111,222.738,26.13,AFP
KIC_8123197,8123197,1,0,0.652641,131.753,1.369,AFP
KIC_8123197,8123197,2,0,0.652618,132.094,1.409,AFP
KIC_8149341,8149341,1,0,0.666847,131.955,1.718,AFP
KIC_8149341,8149341,2,0,0.666856,131.615,2.146,AFP
KIC_8149350,8149350,1,0,459.456,260.098,18.65,NTP
KIC_8167922,8167922,2,0,1.02592,131.999,3.037,AFP
KIC_8167922,8167922,3,0,1.02594,132.319,3.356,AFP
KIC_8167938,8167938,1,0,2.56572,133.221,1.469,AFP
KIC_7811211,7811211,1,0,0.90239,131.838,1.131,NTP
KIC_7811397,7811397,1,1,169.501,229.008,7.739,PC
KIC_7812167,7812167,1,0,17.7942,134.019,4.578,AFP
KIC_7812167,7812167,2,0,17.7929,141.456,2.597,AFP
KIC_7831302,7831302,2,0,0.510023,131.73,1.399,AFP
KIC_7831302,7831302,3,0,0.758828,132.201,2.0,NTP
KIC_7831363,7831363,1,0,1.40863,131.565,1.739,AFP
KIC_7832356,7832356,1,1,7.88663,131.802,5.24,PC
KIC_7842286,7842286,2,0,1.20186,132.123,2.274,AFP
KIC_7842328,7842328,1,0,0.80427,132.593,0.996,AFP
KIC_7842328,7842328,2,0,0.804576,132.013,2.468,AFP
KIC_7878396,7878396,2,0,0.62315,131.618,2.147,AFP
KIC_7878396,7878396,3,0,0.623258,132.013,1.613,AFP
KIC_7879404,7879404,1,0,0.776616,131.69,1.725,AFP
KIC_7906739,7906739,1,0,7.01481,136.89,4.217,AFP
KIC_7906865,7906865,1,0,459.266,260.312,2.862,NTP
KIC_7906882,7906882,1,1,52.5135,171.675,3.322,PC
KIC_7906892,7906892,1,1,8.84931,139.792,6.882,PC
KIC_7938180,7938180,1,0,0.95937,132.2,4.338,AFP
KIC_7938496,7938496,1,1,13.8102,144.715,2.934,PC
KIC_7938499,7938499,1,0,7.22685,136.185,14.8,AFP
KIC_7939330,7939330,1,1,29.5421,137.579,13.52,PC
KIC_7960410,7960410,1,0,1.86154,133.007,6.114,AFP
KIC_7960410,7960410,2,0,1.86166,132.595,6.635,AFP
KIC_7983299,7983299,1,0,707.616,174.036,11.96,NTP
KIC_7983320,7983320,1,0,1.21046,132.668,4.587,AFP
KIC_8013419,8013419,1,1,12.7326,138.741,2.246,PC
KIC_8013439,8013439,1,1,5.62906,134.743,3.798,PC
KIC_8036426,8036426,1,0,1.53283,132.404,5.756,NTP
KIC_8047283,8047283,1,0,0.775438,131.691,1.566,AFP
KIC_8047283,8047283,2,0,0.775444,132.07,1.5,AFP
KIC_8047428,8047428,1,1,92.2686,146.371,9.851,PC
KIC_8081905,8081905,1,1,3.27642,131.988,2.256,PC
KIC_8082001,8082001,1,1,6.33855,133.002,3.102,PC
KIC_8106973,8106973,2,0,439.106,430.505,23.94,AFP
KIC_8107225,8107225,1,1,5.63253,133.818,2.186,PC
KIC_8107380,8107380,1,1,14.0064,142.209,4.749,PC
KIC_8107611,8107611,1,1,3.81849,133.895,2.607,PC
KIC_8123377,8123377,2,0,2.53924,131.695,1.907,AFP
KIC_8123377,8123377,3,0,2.53925,133.556,2.63,AFP
KIC_8123628,8123628,1,0,4.8527,135.12,15.96,AFP
KIC_8149484,8149484,1,0,1.48938,132.036,2.849,AFP
KIC_8150320,8150320,1,1,2.21112,132.559,1.702,PC
KIC_8150320,8150320,2,1,4.61749,135.053,2.649,PC
KIC_8167938,8167938,2,0,2.56572,131.929,1.376,AFP
KIC_8167978,8167978,1,0,22.0528,151.552,5.542,AFP
KIC_8167978,8167978,2,0,22.0527,142.387,3.334,AFP
KIC_8167996,8167996,1,1,2.54957,132.605,1.671,PC
KIC_7812175,7812175,1,0,17.7934,134.068,4.323,AFP
KIC_7812179,7812179,1,0,17.7942,134.018,3.969,AFP
KIC_7812179,7812179,2,0,17.7929,141.455,3.377,AFP
KIC_7812455,7812455,1,0,0.903556,131.889,0.972,AFP
KIC_7832829,7832829,1,0,2.68694,133.464,5.144,NTP
KIC_7833305,7833305,1,0,8.31221,139.677,1.829,AFP
KIC_7842610,7842610,1,0,0.971928,131.913,1.821,AFP
KIC_7842610,7842610,2,0,1.94272,132.492,4.862,AFP
KIC_7842610,7842610,3,0,1.94426,131.823,3.927,AFP
KIC_7879404,7879404,2,0,0.78101,132.25,1.678,AFP
KIC_7879433,7879433,1,1,1.3858,132.718,1.481,PC
KIC_7907423,7907423,1,1,7.11371,131.643,2.106,PC
KIC_7907423,7907423,2,1,3.30654,134.375,1.898,PC
KIC_7907423,7907423,3,1,15.3684,132.026,2.375,PC
KIC_7907476,7907476,1,0,2.85827,131.558,7.344,NTP
KIC_7939330,7939330,2,1,144.549,265.951,15.35,PC
KIC_7939835,7939835,1,0,3.16741,132.749,10.43,NTP
KIC_7960980,7960980,1,1,9.98968,133.761,3.61,PC
KIC_7966705,7966705,1,0,5.3682,134.459,16.32,NTP
KIC_7983320,7983320,2,0,1.21048,132.046,4.946,AFP
KIC_7983756,7983756,1,0,5.24074,136.556,4.411,AFP
KIC_7983756,7983756,2,0,5.24075,134.038,3.562,AFP
KIC_7984047,7984047,1,1,77.6343,184.25,4.115,PC
KIC_8013439,8013439,2,1,13.3916,133.057,3.367,PC
KIC_8013439,8013439,3,1,8.25632,137.924,2.052,PC
KIC_8015907,8015907,1,1,2.75235,132.727,2.113,PC
KIC_8016211,8016211,1,0,3.1745,133.919,5.373,AFP
KIC_8037038,8037038,1,1,4.09511,131.681,1.854,PC
KIC_8037145,8037145,1,1,12.7593,132.046,3.668,PC
KIC_8037145,8037145,2,1,25.7527,136.441,2.878,PC
KIC_8037145,8037145,3,1,5.43307,132.942,2.446,PC
KIC_8051946,8051946,1,1,1.49507,132.695,2.936,PC
KIC_8052016,8052016,2,0,622.435,206.085,22.88,NTP
KIC_8085273,8085273,1,0,0.586603,131.966,2.16,AFP
KIC_8085273,8085273,2,0,0.586578,131.681,2.154,AFP
KIC_8086490,8086490,2,0,0.972805,132.009,2.908,AFP
KIC_8107903,8107903,1,0,1.52232,131.53,4.012,NTP
KIC_8108437,8108437,1,0,351.288,207.294,11.17,AFP
KIC_8108997,8108997,1,0,459.329,260.198,3.549,NTP
KIC_8123628,8123628,2,0,4.84888,133.621,14.4,AFP
KIC_8150320,8150320,5,1,10.1985,137.923,2.406,PC
KIC_8151055,8151055,1,1,29.9634,149.942,2.512,PC
KIC_8153568,8153568,1,0,3.60765,133.629,7.5,AFP
KIC_8167996,8167996,2,1,13.9695,132.169,1.406,PC
KIC_8167996,8167996,3,1,5.21233,132.707,2.106,PC
KIC_8168187,8168187,1,1,18.3027,142.891,8.114,PC
KIC_8168187,8168187,2,1,35.5025,150.426,8.098,PC
KIC_7812455,7812455,2,0,0.903534,132.228,3.362,AFP
KIC_7812594,7812594,1,0,1.55802,132.508,1.946,AFP
KIC_7812594,7812594,2,0,1.55801,132.275,1.93,AFP
KIC_7834045,7834045,1,1,44.7006,155.568,10.56,PC
KIC_7834063,7834063,2,0,0.572257,131.652,1.62,NTP
KIC_7834441,7834441,1,0,0.997364,132.088,4.567,NTP
KIC_7846730,7846730,1,0,11.0282,136.97,6.0,AFP
KIC_7846730,7846730,2,0,11.0282,142.341,7.592,AFP
KIC_7881228,7881228,1,0,459.237,260.317,2.054,NTP
KIC_7881722,7881722,1,0,1.12908,132.602,3.904,AFP
KIC_7881722,7881722,2,0,1.12903,132.455,4.382,AFP
KIC_7884866,7884866,1,0,1.31458,132.387,3.396,AFP
KIC_7907808,7907808,1,1,0.655948,132.091,1.146,PC
KIC_7907983,7907983,1,0,0.839898,132.185,3.5,NTP
KIC_7908367,7908367,1,1,12.2053,134.178,2.487,PC
KIC_7908367,7908367,2,1,6.65162,135.225,2.089,PC
KIC_7940533,7940533,1,0,3.90553,133.35,6.641,AFP
KIC_7940533,7940533,2,0,3.90553,135.302,6.31,AFP
KIC_7940533,7940533,3,0,117.729,236.565,9.09,NTP
KIC_7941200,7941200,1,1,65.7046,137.442,3.483,PC
KIC_7941635,7941635,1,0,0.762731,131.648,1.629,AFP
KIC_7967293,7967293,1,0,0.532774,131.88,1.544,AFP
KIC_7967293,7967293,2,0,0.532823,131.573,1.675,AFP
KIC_7969047,7969047,1,0,0.566297,132.02,1.526,NTP
KIC_7984574,7984574,1,1,11.6192,142.119,1.739,PC
KIC_7985134,7985134,1,0,459.253,260.361,2.831,NTP
KIC_8016691,8016691,1,1,18.1371,136.828,3.598,PC
KIC_8017379,8017379,1,0,459.295,260.256,3.486,NTP
KIC_8037145,8037145,4,1,51.1665,172.297,4.773,PC
KIC_8038388,8038388,1,0,459.3,260.246,2.941,NTP
KIC_8052474,8052474,1,0,245.438,361.303,14.41,AFP
KIC_8052474,8052474,2,0,245.438,261.38,9.454,AFP
KIC_8053021,8053021,1,0,1.23447,131.776,6.207,NTP
KIC_8086490,8086490,3,0,0.972826,132.476,3.912,AFP
KIC_8086600,8086600,1,0,459.365,260.113,3.697,NTP
KIC_8087018,8087018,2,0,2.87546,132.612,8.239,AFP
KIC_8109107,8109107,1,0,6.67419,136.929,4.2,AFP
KIC_8110733,8110733,1,0,2.10447,133.026,4.602,AFP
KIC_8110733,8110733,2,0,2.10469,132.276,5.123,AFP
KIC_8124735,8124735,1,0,3.40335,133.712,6.343,AFP
KIC_8124735,8124735,2,0,3.40295,132.715,10.49,AFP
KIC_8153568,8153568,2,0,3.60796,131.702,7.5,AFP
KIC_8168581,8168581,1,0,2.88134,132.908,3.184,AFP
KIC_8168581,8168581,2,0,2.88135,134.346,2.928,AFP
KIC_8172936,8172936,1,0,474.777,442.141,7.397,NTP
KIC_7812594,7812594,3,0,1.55815,131.546,2.552,AFP
KIC_7812594,7812594,4,0,0.519375,131.795,1.682,NTP
KIC_7834612,7834612,1,0,0.536792,131.726,1.203,AFP
KIC_7834612,7834612,2,0,0.536806,131.974,1.501,AFP
KIC_7835312,7835312,1,1,29.5131,134.706,6.605,PC
KIC_7836096,7836096,1,1,15.9961,138.934,1.678,PC
KIC_7847104,7847104,1,0,1.285,132.741,2.311,AFP
KIC_7847927,7847927,1,0,70.3762,151.229,6.474,AFP
KIC_7847927,7847927,2,0,70.3762,180.343,8.414,AFP
KIC_7885518,7885518,1,0,1.72936,132.532,4.048,AFP
KIC_7885518,7885518,2,0,1.72934,131.667,4.248,AFP
KIC_7885558,7885558,1,0,1.72934,132.545,3.301,AFP
KIC_7908633,7908633,1,0,3.08933,132.914,6.614,AFP
KIC_7908633,7908633,2,0,3.08953,134.024,10.49,AFP
KIC_7908633,7908633,3,0,1.17844,132.508,1.734,AFP
KIC_7908633,7908633,4,0,1.17847,131.885,1.669,AFP
KIC_7943535,7943535,1,0,4.71934,133.515,2.826,AFP
KIC_7943535,7943535,2,0,4.71934,131.605,2.936,AFP
KIC_7943602,7943602,1,0,14.692,134.95,7.873,AFP
KIC_7970283,7970283,1,0,459.23,260.38,3.269,NTP
KIC_7985733,7985733,1,0,0.544574,131.935,1.294,AFP
KIC_8017703,8017703,1,1,13.9818,140.029,3.012,PC
KIC_8017703,8017703,2,1,247.354,364.16,9.659,PC
KIC_8017703,8017703,3,1,44.0004,166.76,5.147,PC
KIC_8053552,8053552,1,1,29.4811,134.225,3.66,PC
KIC_8054146,8054146,1,0,0.553703,131.821,1.839,NTP
KIC_8054719,8054719,1,1,7.58616,132.799,4.242,PC
KIC_8056286,8056286,1,0,2.87802,133.594,8.625,AFP
KIC_8087018,8087018,3,0,2.87508,134.128,10.69,AFP
KIC_8087812,8087812,1,1,27.2109,132.373,10.28,PC
KIC_8110733,8110733,3,0,2.10462,131.612,5.929,AFP
KIC_8110757,8110757,1,0,0.518754,131.983,0.5591,NTP
KIC_8110767,8110767,1,1,20.4904,144.424,4.373,PC
KIC_8124751,8124751,1,0,2.10608,132.751,7.107,AFP
KIC_8124751,8124751,2,0,2.1035,131.952,6.236,AFP
KIC_8124751,8124751,3,0,2.10786,133.291,6.1,AFP
KIC_8124788,8124788,1,0,0.55389,131.735,4.1,AFP
KIC_8124788,8124788,2,0,0.549548,132.035,2.225,AFP
KIC_8154223,8154223,1,0,0.858191,131.916,1.581,AFP
KIC_8154223,8154223,2,0,0.92149,132.33,1.162,NTP
KIC_8154223,8154223,3,0,0.875647,132.069,2.953,AFP
KIC_7813039,7813039,1,1,141.734,167.346,1.644,PC
KIC_7813370,7813370,1,0,459.306,260.294,12.02,NTP
KIC_7815744,7815744,1,1,14.2044,142.733,3.96,PC
KIC_7836863,7836863,1,0,0.633885,131.657,1.465,AFP
KIC_7836863,7836863,2,0,0.63385,132.019,2.211,AFP
KIC_7837129,7837129,1,0,1.76225,133.115,4.647,NTP
KIC_7848288,7848288,1,0,0.551888,131.616,1.747,AFP
KIC_7848288,7848288,2,0,0.551906,131.884,2.392,AFP
KIC_7848303,7848303,1,0,0.516505,131.842,1.253,AFP
KIC_7885570,7885570,1,0,1.72938,132.53,3.836,AFP
KIC_7885570,7885570,2,0,1.73069,131.617,6.0,AFP
KIC_7886102,7886102,2,0,1.40351,132.559,4.597,NTP
KIC_7908893,7908893,1,0,2.75333,132.301,7.773,NTP
KIC_7909392,7909392,1,0,0.851119,132.303,3.442,AFP
KIC_7943602,7943602,2,0,14.692,134.421,9.866,AFP
KIC_7943602,7943602,3,0,14.6928,142.157,10.5,AFP
KIC_7943929,7943929,1,0,669.566,185.551,8.881,NTP
KIC_7943929,7943929,2,0,528.81,231.562,11.24,NTP
KIC_7972785,7972785,1,0,7.30074,133.566,5.802,AFP
KIC_7973199,7973199,1,0,0.549917,131.814,1.493,NTP
KIC_7973404,7973404,1,0,0.684434,132.0,2.467,NTP
KIC_7987086,7987086,1,0,156.517,278.137,12.23,AFP
KIC_7987749,7987749,1,0,17.0309,145.543,4.261,AFP
KIC_8018404,8018404,2,0,1.03978,131.97,3.204,NTP
KIC_8018547,8018547,1,1,83.9292,152.808,6.186,PC
KIC_8039892,8039892,1,0,5.00732,133.375,4.303,AFP
KIC_8041216,8041216,1,1,8.50831,134.787,3.472,PC
KIC_8056286,8056286,2,0,2.87961,133.854,3.686,AFP
KIC_8056319,8056319,1,0,1.69192,132.157,8.723,NTP
KIC_8056337,8056337,1,0,0.519402,131.524,1.504,AFP
KIC_8087887,8087887,1,0,459.273,260.308,4.667,NTP
KIC_8111381,8111381,1,0,2.2338,132.488,2.755,AFP
KIC_8111381,8111381,2,0,2.2338,133.606,2.059,AFP
KIC_8111437,8111437,1,0,430.028,418.251,10.27,NTP
KIC_8111622,8111622,1,0,15.4461,145.532,3.0,AFP
KIC_8111622,8111622,2,0,15.4464,145.31,15.0,AFP
KIC_8125219,8125219,2,0,0.951628,132.464,2.719,AFP
KIC_8125219,8125219,3,0,0.951722,131.916,3.773,AFP
KIC_8155368,8155368,1,0,0.718651,131.883,2.104,AFP
KIC_8174306,8174306,1,0,0.610623,131.708,2.094,AFP
KIC_8174306,8174306,2,0,0.610637,131.904,1.431,AFP
KIC_8174625,8174625,1,1,17.4449,141.676,4.443,PC
KIC_7815931,7815931,1,0,1.86853,132.524,1.291,AFP
KIC_7816137,7816137,1,0,0.574943,131.74,1.96,AFP
KIC_7816137,7816137,2,0,0.574973,132.037,1.824,AFP
KIC_7816665,7816665,1,0,4.29257,131.779,3.041,AFP
KIC_7837214,7837214,2,0,3.7455,134.214,11.45,NTP
KIC_7837302,7837302,1,0,23.8367,149.94,5.952,AFP
KIC_7837526,7837526,1,0,28.2972,137.235,3.921,AFP
KIC_7848303,7848303,2,0,0.516514,131.572,1.375,AFP
KIC_7849854,7849854,1,1,2.05235,132.949,2.107,PC
KIC_7887791,7887791,1,1,2.22934,133.09,1.978,PC
KIC_7888863,7888863,1,1,74.628,194.352,7.907,PC
KIC_7889486,7889486,1,0,24.238,136.619,2.211,AFP
KIC_7889486,7889486,2,0,24.24,155.083,7.338,AFP
KIC_7909392,7909392,2,0,0.851103,131.885,2.48,AFP
KIC_7910148,7910148,1,0,4.25209,134.299,3.045,AFP
KIC_7910148,7910148,2,0,4.25209,132.173,2.999,AFP
KIC_7531677,7531677,1,1,2.62206,131.899,4.053,PC
KIC_7532973,7532973,1,0,2.14465,131.835,3.755,AFP
KIC_7551993,7551993,2,0,1.16234,131.963,3.213,NTP
KIC_7552119,7552119,1,0,481.144,216.312,15.97,NTP
KIC_7595579,7595579,4,0,4.04167,131.628,7.98,AFP
KIC_7595579,7595579,5,0,4.03863,133.553,11.7,AFP
KIC_7621759,7621759,2,0,1.40161,131.9,3.404,AFP
KIC_7621759,7621759,3,0,1.40168,132.577,5.0,AFP
KIC_7622059,7622059,1,0,10.4031,138.111,10.96,AFP
KIC_7660542,7660542,1,0,0.612249,131.61,4.376,AFP
KIC_7660542,7660542,2,0,0.615886,132.029,0.8881,AFP
KIC_7678385,7678385,1,0,0.640008,131.887,1.969,AFP
KIC_7678385,7678385,2,0,0.640009,131.576,2.216,AFP
KIC_7678434,7678434,1,1,10.3717,141.504,3.12,PC
KIC_7678434,7678434,2,1,3.96992,133.793,1.239,PC
KIC_7700871,7700871,2,0,2.58984,133.666,3.21,AFP
KIC_7700871,7700871,3,0,2.58973,131.505,3.229,AFP
KIC_7700880,7700880,1,0,4.14386,135.087,6.314,NTP
KIC_7700880,7700880,2,0,1.03594,132.493,3.594,NTP
KIC_7742408,7742408,1,1,33.497,163.761,3.983,PC
KIC_7743464,7743464,1,0,55.249,164.979,5.156,AFP
KIC_7765762,7765762,1,0,456.748,548.977,15.38,NTP
KIC_7766113,7766113,1,0,0.83543,131.597,2.31,AFP
KIC_7778826,7778826,2,0,0.81581,132.01,2.712,AFP
KIC_7778826,7778826,3,0,0.815841,131.551,3.0,AFP
KIC_7778838,7778838,1,0,1.95891,132.723,3.643,NTP
KIC_7347246,7347246,1,1,86.116,134.877,6.138,PC
KIC_7367431,7367431,2,0,1.15209,132.006,4.863,AFP
KIC_7368137,7368137,1,0,2.18243,132.39,3.731,AFP
KIC_7385500,7385500,1,0,4.34691,134.217,12.06,AFP
KIC_7385500,7385500,2,0,4.34732,132.484,10.26,AFP
KIC_7385500,7385500,3,0,4.34713,131.507,8.751,AFP
KIC_7435286,7435286,1,0,1.20717,131.995,6.425,NTP
KIC_7435780,7435780,1,0,0.933134,132.368,1.323,AFP
KIC_7435780,7435780,2,0,0.93313,131.904,1.881,AFP
KIC_7436177,7436177,1,0,19.9337,143.94,8.622,AFP
KIC_7458309,7458309,1,0,0.660626,131.868,1.81,AFP
KIC_7458433,7458433,1,0,0.660622,131.868,1.791,AFP
KIC_7458697,7458697,1,0,1.00912,132.184,1.849,AFP
KIC_7458697,7458697,2,0,1.00917,132.002,2.27,AFP
KIC_7501194,7501194,1,0,0.892712,132.185,2.666,AFP
KIC_7501194,7501194,2,0,1.78553,132.606,3.689,AFP
KIC_7501405,7501405,1,0,383.906,260.6,12.0,NTP
KIC_7533425,7533425,1,0,0.525344,131.631,3.882,NTP
KIC_7533425,7533425,2,0,12.1574,139.176,0.7951,NTP
KIC_7533694,7533694,1,0,0.588177,132.081,1.396,AFP
KIC_7533694,7533694,2,0,0.588183,131.654,1.841,AFP
KIC_7552265,7552265,1,0,0.93024,131.848,2.887,AFP
KIC_7552265,7552265,2,0,0.930272,132.323,3.549,AFP
KIC_7552344,7552344,1,0,2.00148,131.95,0.8519,AFP
KIC_7596240,7596240,1,1,13.3996,131.855,3.242,PC
KIC_7622059,7622059,2,0,3.1867,133.752,3.54,AFP
KIC_7622059,7622059,3,0,10.4043,138.775,5.645,AFP
KIC_7661065,7661065,1,1,4.15026,134.942,0.9784,PC
KIC_7661409,7661409,1,0,3.14055,134.494,3.759,AFP
KIC_7679812,7679812,1,1,38.5761,167.861,20.0,PC
KIC_7680114,7680114,1,0,459.255,260.293,1.935,NTP
KIC_7681230,7681230,1,0,0.962591,132.42,0.7916,AFP
KIC_7681230,7681230,2,0,0.962587,131.817,2.835,AFP
KIC_7700880,7700880,3,0,2.07189,131.981,3.559,NTP
KIC_7746958,7746958,1,1,1.20469,131.907,0.8834,PC
KIC_7747091,7747091,1,1,14.2673,133.963,3.386,PC
KIC_7766113,7766113,2,0,0.835434,132.004,2.908,AFP
KIC_7766199,7766199,1,0,0.835366,131.656,1.144,AFP
KIC_7766199,7766199,2,0,0.835388,132.057,3.36,AFP
KIC_7766209,7766209,1,0,0.835437,131.586,1.311,AFP
KIC_7294598,7294598,1,0,0.690897,131.668,2.017,NTP
KIC_7294743,7294743,1,1,2.81043,133.408,3.703,PC
KIC_7351518,7351518,1,0,686.964,185.541,12.46,NTP
KIC_7352016,7352016,1,0,0.919374,132.403,2.423,AFP
KIC_7352016,7352016,2,0,0.919408,131.92,3.617,AFP
KIC_7368590,7368590,1,0,4.56088,135.228,11.78,AFP
KIC_7368590,7368590,2,0,4.56159,132.847,13.73,AFP
KIC_7368664,7368664,1,1,12.8747,144.273,1.764,PC
KIC_7385509,7385509,1,0,1.65548,133.124,3.003,AFP
KIC_7386431,7386431,1,0,1.19314,131.99,3.463,AFP
KIC_7436177,7436177,2,0,19.9336,133.087,9.452,AFP
KIC_7439316,7439316,1,1,2.617,134.041,1.922,PC
KIC_7458697,7458697,3,0,0.504546,131.852,1.485,NTP
KIC_7458762,7458762,1,1,7.41116,138.289,2.496,PC
KIC_7459411,7459411,1,0,0.844491,131.644,1.448,AFP
KIC_7501646,7501646,1,1,6.37707,136.914,2.184,PC
KIC_7502559,7502559,2,0,0.960391,132.123,3.27,AFP
KIC_7533694,7533694,3,0,0.675343,132.021,2.56,AFP
KIC_7533694,7533694,4,0,0.675334,131.725,2.5,AFP
KIC_7534037,7534037,1,0,3.00054,133.286,12.11,NTP
KIC_7534267,7534267,1,1,39.4423,169.139,7.093,PC
KIC_7537660,7537660,1,0,2.42187,132.789,6.215,NTP
KIC_7552344,7552344,2,0,2.00071,133.39,12.2,AFP
KIC_7552701,7552701,1,0,1.32425,131.512,1.33,AFP
KIC_7597005,7597005,1,0,0.704525,132.192,1.079,AFP
KIC_7597771,7597771,1,0,1.88861,133.143,5.605,NTP
KIC_7597771,7597771,2,0,1.59667,132.449,8.257,AFP
KIC_7622473,7622473,1,0,40.2463,161.322,4.13,AFP
KIC_7622486,7622486,1,0,40.2465,161.307,6.061,AFP
KIC_7622486,7622486,2,0,2.27998,133.647,4.927,AFP
KIC_7661500,7661500,2,0,1.84896,133.217,6.201,NTP
KIC_7661500,7661500,4,0,1.78601,131.693,6.282,NTP
KIC_7684873,7684873,1,0,2.94736,133.216,1.905,AFP
KIC_7684873,7684873,2,0,2.94737,131.768,1.648,AFP
KIC_7685010,7685010,1,0,2.1506,131.871,5.898,AFP
KIC_7703305,7703305,2,0,0.805995,131.761,2.252,AFP
KIC_7747425,7747425,1,1,8.01039,135.319,4.272,PC
KIC_7747425,7747425,2,1,27.6669,143.855,6.233,PC
KIC_7747425,7747425,3,1,42.4729,146.289,7.259,PC
KIC_7747425,7747425,4,1,5.19571,132.707,3.451,PC
KIC_7767162,7767162,1,1,3.30038,133.574,4.471,PC
KIC_7767367,7767367,2,0,0.84298,131.722,1.288,AFP
KIC_7295235,7295235,1,1,3.17924,134.677,1.118,PC
KIC_7295520,7295520,1,0,7.3429,134.346,11.47,AFP
KIC_7295520,7295520,2,0,7.34857,138.746,14.73,AFP
KIC_7295570,7295570,1,0,3.60377,131.646,2.846,AFP
KIC_7352425,7352425,1,0,0.639647,132.059,1.618,AFP
KIC_7352425,7352425,2,0,0.64453,131.849,0.7488,AFP
KIC_7352425,7352425,3,0,0.644549,132.049,0.7677,AFP
KIC_7352727,7352727,1,0,2.45652,133.212,2.446,AFP
KIC_7368960,7368960,1,0,1.08589,132.496,5.488,AFP
KIC_7368960,7368960,2,0,1.0857,132.305,3.616,AFP
KIC_7386431,7386431,2,0,1.19316,131.664,3.0,AFP
KIC_7386827,7386827,1,1,10.4189,137.75,2.837,PC
KIC_7387226,7387226,1,0,4.00395,132.182,11.32,NTP
KIC_7440748,7440748,1,1,4.92136,134.928,1.882,PC
KIC_7440748,7440748,2,1,7.06426,135.379,1.392,PC
KIC_7445445,7445445,1,1,10.6876,137.868,3.543,PC
KIC_7459411,7459411,2,0,0.844531,132.31,1.735,AFP
KIC_7502559,7502559,3,0,1.04997,131.808,3.184,NTP
KIC_7502559,7502559,4,0,0.960282,131.545,3.5,AFP
KIC_7503885,7503885,1,1,91.0819,213.744,9.614,PC
KIC_7504328,7504328,1,1,53.718,154.362,4.103,PC
KIC_7504778,7504778,1,1,17.137,141.011,6.429,PC
KIC_7537945,7537945,1,0,1.0719,131.612,2.998,AFP
KIC_7538176,7538176,1,0,1.17248,132.11,4.354,AFP
KIC_7538176,7538176,2,0,1.17252,132.671,6.102,AFP
KIC_7553237,7553237,1,0,0.631213,131.914,1.925,AFP
KIC_7553237,7553237,2,0,0.631203,131.59,1.93,AFP
KIC_7553237,7553237,3,0,0.622524,131.986,2.025,AFP
KIC_7597771,7597771,3,0,1.5963,131.602,4.188,AFP
KIC_7598111,7598111,1,0,44.2576,144.255,6.937,AFP
KIC_7598128,7598128,1,0,44.2582,144.238,7.567,AFP
KIC_7598128,7598128,2,0,44.258,134.693,4.403,AFP
KIC_7624297,7624297,1,0,18.0197,148.667,5.084,AFP
KIC_7624297,7624297,2,0,18.0197,139.785,4.985,AFP
KIC_7661893,7661893,1,1,2.49382,133.158,1.374,PC
KIC_7662502,7662502,1,1,24.1531,146.408,4.365,PC
KIC_7685010,7685010,2,0,2.15037,133.427,6.056,AFP
KIC_7685307,7685307,1,0,4.53678,132.99,18.63,AFP
KIC_7685307,7685307,2,0,4.53706,135.885,12.5,AFP
KIC_7703305,7703305,3,0,0.805971,132.22,2.622,AFP
KIC_7703785,7703785,1,0,8.39828,134.492,15.82,AFP
KIC_7703785,7703785,2,0,8.3983,137.588,14.53,AFP
KIC_7747457,7747457,1,1,1.51825,132.225,2.487,PC
KIC_7748238,7748238,1,0,1.06476,132.153,1.849,AFP
KIC_7748238,7748238,2,0,1.06478,132.394,1.925,AFP
KIC_7748238,7748238,3,0,1.06477,131.751,3.486,AFP
KIC_7767367,7767367,3,0,0.842994,131.597,1.251,AFP
KIC_7767367,7767367,4,0,0.842986,131.842,1.5,AFP
KIC_7767559,7767559,1,1,4.40941,132.21,3.852,PC
KIC_7767733,7767733,1,0,25.1983,142.224,5.182,AFP
KIC_7296086,7296086,1,0,0.89073,131.899,1.219,AFP
KIC_7296094,7296094,1,0,0.89075,131.877,1.5,AFP
KIC_7296877,7296877,1,0,3.04698,131.598,8.077,NTP
KIC_7296877,7296877,2,0,0.937019,131.948,2.891,NTP
KIC_7352776,7352776,2,0,1.74919,131.769,6.04,NTP
KIC_7352776,7352776,3,0,7.72141,137.696,8.586,NTP
KIC_7369865,7369865,1,0,42.2627,152.312,3.308,AFP
KIC_7373451,7373451,1,1,21.0225,144.61,4.138,PC
KIC_7373451,7373451,2,1,226.892,207.354,7.165,PC
KIC_7374160,7374160,1,0,1.18989,131.993,3.193,AFP
KIC_7387226,7387226,2,0,4.68596,131.862,12.0,AFP
KIC_7387226,7387226,3,0,4.68607,135.588,7.485,AFP
KIC_7387226,7387226,4,0,4.68633,132.624,11.68,AFP
KIC_7387226,7387226,5,0,4.68612,134.762,11.62,AFP
KIC_7445445,7445445,2,1,20.3031,136.195,4.392,PC
KIC_7445445,7445445,3,1,29.0223,140.326,3.697,PC
KIC_7461307,7461307,1,0,0.773577,132.102,1.813,AFP
KIC_7461314,7461314,1,0,0.773605,132.065,1.274,AFP
KIC_7506881,7506881,1,0,597.996,372.903,9.218,NTP
KIC_7538450,7538450,1,0,1.40392,132.428,3.244,NTP
KIC_7538622,7538622,1,0,11.9008,140.758,14.97,NTP
KIC_7538711,7538711,1,0,464.418,443.144,29.49,NTP
KIC_7538839,7538839,1,0,1.13453,132.465,4.209,AFP
KIC_7582608,7582608,1,0,20.454,151.363,15.36,AFP
KIC_7582608,7582608,2,0,20.457,135.103,15.69,AFP
KIC_7598492,7598492,1,0,0.804557,131.715,2.365,AFP
KIC_7598492,7598492,2,0,0.804555,132.073,2.998,AFP
KIC_7598492,7598492,3,0,0.804958,131.958,1.853,AFP
KIC_7599004,7599004,1,1,2.41143,131.622,2.0,PC
KIC_7624741,7624741,1,0,384.749,504.645,15.72,NTP
KIC_7624753,7624753,1,0,0.656934,132.062,2.126,AFP
KIC_7624753,7624753,2,0,0.656936,131.782,2.032,AFP
KIC_7662697,7662697,1,0,459.274,260.262,1.153,NTP
KIC_7663405,7663405,1,1,5.14439,133.827,2.654,PC
KIC_7663405,7663405,2,1,57.133,152.998,4.472,PC
KIC_7663691,7663691,1,1,10.0065,136.941,4.961,PC
KIC_7685408,7685408,1,0,5.23315,132.777,11.85,AFP
KIC_7685408,7685408,2,0,2.61655,132.224,3.445,NTP
KIC_7685408,7685408,3,0,5.23308,133.68,3.397,AFP
KIC_7685981,7685981,1,1,4.40837,132.519,4.647,PC
KIC_7703882,7703882,1,1,5.88342,136.958,2.573,PC
KIC_7703910,7703910,1,0,2.551,132.449,2.293,AFP
KIC_7703955,7703955,1,1,96.1097,187.702,10.46,PC
KIC_7703955,7703955,2,1,265.469,151.082,7.296,PC
KIC_7748238,7748238,4,0,1.06477,132.536,1.103,AFP
KIC_7748487,7748487,1,1,15.5762,135.958,5.273,PC
KIC_7749002,7749002,1,1,0.609907,131.818,1.008,PC
KIC_7749318,7749318,1,0,2.37159,132.742,3.479,AFP
KIC_7767733,7767733,2,0,25.1983,152.934,3.721,AFP
KIC_7768451,7768451,1,1,192.667,162.883,4.771,PC
KIC_7296877,7296877,3,0,1.52361,132.295,5.604,NTP
KIC_7296877,7296877,4,0,54.8903,134.866,3.75,NTP
KIC_7297189,7297189,1,0,1.02688,131.939,1.374,NTP
KIC_7353970,7353970,1,0,198.442,155.621,10.29,AFP
KIC_7353970,7353970,2,0,198.444,257.465,15.05,AFP
KIC_7354213,7354213,1,0,0.73602,132.228,2.122,NTP
KIC_7374160,7374160,2,0,1.18991,132.25,3.024,AFP
KIC_7374160,7374160,3,0,1.19007,131.741,2.807,AFP
KIC_7374160,7374160,4,0,2.38131,132.14,6.75,AFP
KIC_7374160,7374160,5,0,2.38011,133.568,4.5,AFP
KIC_7374746,7374746,1,0,1.36696,132.196,3.358,AFP
KIC_7387593,7387593,1,0,459.222,260.338,8.162,NTP
KIC_7416306,7416306,1,1,137.397,158.918,17.64,PC
KIC_7418173,7418173,1,0,0.780636,132.182,0.8129,AFP
KIC_7418507,7418507,1,0,0.599907,131.539,1.5,AFP
KIC_7446184,7446184,1,0,550.08,258.46,9.023,NTP
KIC_7446631,7446631,1,1,29.2255,143.989,5.299,PC
KIC_7447200,7447200,1,1,7.97252,131.721,2.936,PC
KIC_7461382,7461382,1,0,1.58907,132.549,4.724,NTP
KIC_7461382,7461382,2,0,1.19191,131.726,3.74,NTP
KIC_7461436,7461436,1,0,0.962428,131.561,2.624,AFP
KIC_7509572,7509572,1,0,360.498,441.802,17.0,NTP
KIC_7509886,7509886,1,1,4.13852,132.021,2.18,PC
KIC_7509886,7509886,2,1,6.04047,136.35,2.032,PC
KIC_7538839,7538839,2,0,1.13482,131.811,3.862,AFP
KIC_7538950,7538950,1,0,0.654396,131.61,1.64,AFP
KIC_7538950,7538950,2,0,0.65437,131.957,1.644,AFP
KIC_7538950,7538950,3,0,0.629958,132.082,2.078,NTP
KIC_7582608,7582608,5,0,20.4545,131.801,18.45,AFP
KIC_7599171,7599171,1,0,1.30359,132.016,4.819,NTP
KIC_7601633,7601633,1,0,15.6639,131.732,2.458,AFP
KIC_7601917,7601917,1,0,2.97563,133.624,8.066,AFP
KIC_7625221,7625221,1,0,459.302,260.214,1.265,NTP
KIC_7626370,7626370,1,1,1.92144,131.807,1.748,PC
KIC_7626425,7626425,1,0,409.993,182.473,12.0,NTP
KIC_7626506,7626506,1,1,8.40887,134.007,3.534,PC
KIC_7663830,7663830,1,0,1.61008,132.92,5.707,NTP
KIC_7667560,7667560,1,0,0.647802,132.084,1.655,AFP
KIC_7690844,7690844,1,1,22.0459,136.475,4.975,PC
KIC_7707736,7707736,1,0,0.758354,131.88,1.434,AFP
KIC_7749552,7749552,1,0,1.94591,131.867,3.647,AFP
KIC_7749552,7749552,2,0,1.94594,132.832,6.2,AFP
KIC_7749552,7749552,3,0,2.85913,131.971,5.624,AFP
KIC_7749552,7749552,4,0,2.85887,133.701,8.866,AFP
KIC_7768952,7768952,1,0,22.4687,148.493,2.261,AFP
KIC_7768952,7768952,2,0,22.4687,141.515,2.64,AFP
KIC_7299869,7299869,2,0,0.567739,131.612,1.809,AFP
KIC_7299869,7299869,3,0,0.567738,131.882,1.848,AFP
KIC_7357531,7357531,1,0,251.06,230.028,5.013,AFP
KIC_7362073,7362073,1,0,0.566784,131.84,1.951,NTP
KIC_7362301,7362301,1,0,0.566762,131.842,1.705,NTP
KIC_7375348,7375348,1,1,25.309,146.195,5.649,PC
KIC_7375348,7375348,2,1,47.7435,160.164,2.427,PC
KIC_7375795,7375795,1,1,19.301,133.361,5.866,PC
KIC_7375795,7375795,2,0,0.691598,131.839,1.64,AFP
KIC_7418507,7418507,2,0,0.599885,131.956,1.47,AFP
KIC_7418507,7418507,3,0,0.599909,131.746,1.747,AFP
KIC_7447200,7447200,2,1,2.45324,131.64,1.701,PC
KIC_7447200,7447200,3,0,459.269,260.293,1.857,NTP
KIC_7448023,7448023,1,0,0.566788,131.812,1.294,NTP
KIC_7461436,7461436,2,0,0.962123,131.655,3.517,AFP
KIC_7510820,7510820,1,1,29.3495,148.462,4.352,PC
KIC_7539108,7539108,1,0,534.232,485.462,12.45,NTP
KIC_7540965,7540965,1,0,0.970723,132.232,3.79,NTP
KIC_7582689,7582689,1,1,11.9216,137.478,4.991,PC
KIC_7582689,7582689,2,1,6.80271,138.031,4.772,PC
KIC_7582689,7582689,3,1,8.70316,140.148,4.826,PC
KIC_7582691,7582691,1,0,0.519643,131.845,1.5,AFP
KIC_7601917,7601917,2,0,2.97618,131.927,7.946,AFP
KIC_7601918,7601918,1,0,0.621348,131.677,1.043,AFP
KIC_7602070,7602070,1,0,11.7556,140.809,3.587,AFP
KIC_7602070,7602070,2,0,11.7557,132.314,2.459,AFP
KIC_7626506,7626506,2,1,28.5743,143.831,4.958,PC
KIC_7626595,7626595,1,0,2.55377,132.103,6.323,AFP
KIC_7626595,7626595,2,0,2.55371,133.997,7.5,AFP
KIC_7667560,7667560,2,0,0.647845,131.737,2.058,AFP
KIC_7668416,7668416,1,1,0.858547,132.145,1.172,PC
KIC_7691260,7691260,1,1,3.98956,134.096,1.639,PC
KIC_7691527,7691527,1,0,4.8002,135.787,2.5,AFP
KIC_7691527,7691527,2,0,4.80023,133.177,4.044,AFP
KIC_7692093,7692093,1,1,11.1662,134.969,3.344,PC
KIC_7707742,7707742,1,0,0.757372,131.575,1.785,AFP
KIC_7707742,7707742,2,0,0.759528,131.58,2.146,AFP
KIC_7707742,7707742,3,0,0.758351,131.872,2.0,AFP
KIC_7708193,7708193,1,0,7.94258,134.818,7.041,AFP
KIC_7749773,7749773,1,1,13.7874,144.763,5.647,PC
KIC_7750330,7750330,1,0,4.43666,133.537,15.69,NTP
KIC_7769819,7769819,1,1,2.21569,131.828,1.896,PC
KIC_7300184,7300184,1,0,4.27776,132.309,11.87,AFP
KIC_7300184,7300184,2,0,4.27796,134.891,11.57,AFP
KIC_7300387,7300387,1,0,0.713675,131.662,1.788,AFP
KIC_7362355,7362355,1,0,0.566781,131.836,1.963,NTP
KIC_7362364,7362364,1,0,0.566737,131.858,1.909,NTP
KIC_7362391,7362391,1,0,0.566761,131.869,1.706,NTP
KIC_7362420,7362420,1,0,0.566795,131.809,2.0,NTP
KIC_7362434,7362434,1,0,0.566777,131.814,1.61,NTP
KIC_7376490,7376490,1,0,5.87712,136.421,4.395,AFP
KIC_7376490,7376490,2,0,5.87713,132.07,3.351,AFP
KIC_7376500,7376500,1,0,5.87711,136.42,3.0,NTP
KIC_7419318,7419318,1,1,18.7358,140.163,2.978,PC
KIC_7419318,7419318,2,1,8.43639,137.706,3.242,PC
KIC_7421876,7421876,1,0,4.50116,134.375,6.72,NTP
KIC_7421876,7421876,2,0,9.00426,136.499,14.67,AFP
KIC_7449136,7449136,1,1,4.33641,133.859,4.066,PC
KIC_7449541,7449541,1,1,3.00721,131.912,4.117,PC
KIC_7461963,7461963,1,0,5.30715,136.455,14.37,AFP
KIC_7461963,7461963,2,0,5.30666,133.154,16.29,AFP
KIC_7463044,7463044,1,0,0.659788,131.881,2.269,NTP
KIC_7463044,7463044,2,0,2.27606,131.545,8.096,NTP
KIC_7512982,7512982,1,1,20.3818,142.314,3.807,PC
KIC_7512982,7512982,2,1,7.0045,137.896,2.778,PC
KIC_7513405,7513405,1,0,3.00316,133.401,9.024,NTP
KIC_7541502,7541502,1,0,44.8273,173.41,6.949,AFP
KIC_7541502,7541502,2,0,44.8273,164.272,4.383,AFP
KIC_7541659,7541659,2,0,0.738133,131.644,2.087,AFP
KIC_7582691,7582691,2,0,0.519629,131.605,0.9108,AFP
KIC_7583208,7583208,2,0,0.606485,132.037,1.897,NTP
KIC_7603200,7603200,1,1,13.7811,136.509,2.515,PC
KIC_7603200,7603200,2,1,23.0889,147.922,2.414,PC
KIC_7603200,7603200,3,1,10.3132,133.518,2.04,PC
KIC_7627570,7627570,1,0,0.804653,132.078,1.664,AFP
KIC_7627570,7627570,2,0,0.804785,132.3,1.432,AFP
KIC_7628336,7628336,1,0,2.53889,132.521,2.226,AFP
KIC_7668648,7668648,1,0,27.8192,158.1,7.341,AFP
KIC_7668648,7668648,2,0,27.8303,144.153,7.922,AFP
KIC_7668663,7668663,1,1,6.49801,136.002,2.395,PC
KIC_7668791,7668791,1,0,0.613319,131.522,2.288,AFP
KIC_7692248,7692248,1,1,17.9955,145.604,0.7364,PC
KIC_7708215,7708215,1,0,7.94263,134.809,5.976,AFP
KIC_7708215,7708215,2,0,7.94256,138.788,5.998,AFP
KIC_7708315,7708315,1,0,1.50769,131.9,4.024,AFP
KIC_7750419,7750419,1,1,32.7736,151.45,2.546,PC
KIC_7750740,7750740,1,0,5.8742,134.319,4.246,AFP
KIC_7751562,7751562,1,0,17.0422,142.426,7.791,AFP
KIC_7751562,7751562,2,0,17.0422,136.058,6.877,AFP
KIC_7770256,7770256,3,0,0.544472,131.546,1.054,NTP
KIC_7770450,7770450,1,0,1.15779,132.457,1.456,AFP
KIC_7770471,7770471,1,0,1.15781,132.438,2.5,AFP
KIC_7770471,7770471,2,0,1.15785,131.835,4.099,AFP
KIC_7770901,7770901,1,1,124.887,133.798,8.841,PC
KIC_7300387,7300387,2,0,0.713712,131.969,2.226,AFP
KIC_7300623,7300623,1,0,0.564555,131.552,1.768,AFP
KIC_7300623,7300623,2,0,0.564554,131.845,2.326,AFP
KIC_7301014,7301014,1,0,2.58265,132.562,1.742,AFP
KIC_7362450,7362450,1,0,0.566811,131.795,1.888,NTP
KIC_7362501,7362501,1,0,0.566792,131.798,1.908,NTP
KIC_7362534,7362534,1,0,0.566796,131.812,1.903,NTP
KIC_7362573,7362573,1,0,0.566795,131.809,2.0,NTP
KIC_7376500,7376500,2,0,345.123,463.71,12.0,NTP
KIC_7376500,7376500,3,0,343.522,207.292,15.0,NTP
KIC_7376500,7376500,4,0,321.978,270.03,15.0,NTP
KIC_7376500,7376500,5,0,232.389,150.601,3.0,NTP
KIC_7376982,7376982,1,0,2.31604,132.365,3.285,AFP
KIC_7376983,7376983,1,1,5.6449,136.588,2.356,PC
KIC_7421876,7421876,3,0,9.00094,131.67,14.44,AFP
KIC_7422883,7422883,1,0,11.4144,142.595,6.441,AFP
KIC_7422883,7422883,2,0,11.4144,137.366,6.425,AFP
KIC_7449554,7449554,1,1,2.42085,133.59,2.664,PC
KIC_7449554,7449554,2,1,15.9041,147.403,1.66,PC
KIC_7449844,7449844,1,1,1.15222,132.124,1.791,PC
KIC_7450284,7450284,1,0,0.600689,131.808,1.5,NTP
KIC_7463623,7463623,1,0,4.19129,133.289,9.345,AFP
KIC_7463623,7463623,2,0,4.19123,135.299,12.04,AFP
KIC_7463685,7463685,1,1,8.98829,138.834,4.717,PC
KIC_7514582,7514582,1,0,0.572507,131.788,1.796,AFP
KIC_7515212,7515212,1,1,31.8048,158.449,8.352,PC
KIC_7515212,7515212,2,1,16.2585,139.633,6.949,PC
KIC_7541659,7541659,3,0,0.738103,132.04,3.118,AFP
KIC_7583299,7583299,1,0,1.55754,131.855,3.586,NTP
KIC_7583299,7583299,2,0,2.07506,133.206,9.843,NTP
KIC_7583437,7583437,1,0,0.5593,131.602,1.84,NTP
KIC_7583437,7583437,2,0,1.08667,131.908,3.446,AFP
KIC_7604328,7604328,1,1,2.93662,133.029,1.997,PC
KIC_7604328,7604328,2,1,4.35407,132.857,2.381,PC
KIC_7628336,7628336,2,0,2.53886,133.125,3.758,AFP
KIC_7629287,7629287,1,0,3.14871,131.732,7.289,NTP
KIC_7629518,7629518,1,1,15.5946,137.565,5.029,PC
KIC_7668791,7668791,2,0,0.6133,131.727,1.615,AFP
KIC_7668791,7668791,3,0,0.613352,131.916,1.502,AFP
KIC_7668911,7668911,1,0,2.63344,131.74,4.337,AFP
KIC_7668911,7668911,2,0,2.63358,132.149,2.945,AFP
KIC_7694615,7694615,1,0,0.631089,131.907,1.1,AFP
KIC_7695087,7695087,1,0,4.03275,133.305,3.724,AFP
KIC_7695087,7695087,2,0,2.01635,133.315,2.901,AFP
KIC_7708315,7708315,2,0,1.50772,132.393,1.894,AFP
KIC_7708315,7708315,3,0,1.50773,132.897,5.3,AFP
KIC_7708418,7708418,1,0,0.751462,131.83,2.475,NTP
KIC_7751571,7751571,1,0,17.0421,142.427,7.389,AFP
KIC_7751571,7751571,2,0,17.0421,136.061,5.68,AFP
KIC_7755636,7755636,1,1,16.0049,135.257,6.738,PC
KIC_7771970,7771970,1,0,503.593,517.738,3.284,NTP
KIC_7771991,7771991,2,0,0.618742,131.752,1.43,NTP
KIC_7772914,7772914,1,1,23.1335,154.452,2.961,PC
KIC_7301014,7301014,2,0,2.58242,132.28,4.048,AFP
KIC_7301014,7301014,3,0,2.58232,133.811,7.792,AFP
KIC_7301202,7301202,1,0,4.67542,134.59,11.73,AFP
KIC_7362579,7362579,1,0,0.567001,131.837,0.6175,NTP
KIC_7362579,7362579,2,0,0.566804,131.803,1.893,NTP
KIC_7362587,7362587,1,0,0.566756,131.87,1.778,NTP
KIC_7362592,7362592,1,0,0.566782,131.835,2.06,NTP
KIC_7376983,7376983,2,1,8.74292,140.019,2.822,PC
KIC_7376983,7376983,3,1,2.34587,133.597,1.78,PC
KIC_7376983,7376983,4,1,3.64828,132.85,1.941,PC
KIC_7427764,7427764,1,1,4.56379,132.262,2.537,PC
KIC_7427780,7427780,1,0,0.617729,131.731,1.908,AFP
KIC_7427780,7427780,2,0,0.617735,132.061,1.869,AFP
KIC_7464205,7464205,1,0,5.48508,131.989,7.59,AFP
KIC_7515336,7515336,1,1,5.65688,131.576,3.617,PC
KIC_7515670,7515670,1,0,1.15181,132.635,2.481,AFP
KIC_7515679,7515679,1,1,5.54607,133.505,2.609,PC
KIC_7542369,7542369,1,0,5.46086,131.677,1.92,AFP
KIC_7542813,7542813,1,1,16.86,139.851,5.286,PC
KIC_7543167,7543167,1,0,9.54433,131.553,15.16,NTP
KIC_7543649,7543649,1,0,3.58206,133.43,3.652,AFP
KIC_7583437,7583437,3,0,1.08675,132.572,3.67,AFP
KIC_7583650,7583650,1,1,6.4549,135.509,3.6,PC
KIC_7605093,7605093,1,1,0.633992,131.903,1.162,PC
KIC_7605600,7605600,1,0,3.32619,133.33,2.099,AFP
KIC_7630229,7630229,1,1,278.125,177.519,3.599,PC
KIC_7630232,7630232,1,0,1.74092,132.34,5.928,AFP
KIC_7630232,7630232,2,0,0.794148,132.171,1.141,NTP
KIC_7670617,7670617,1,0,24.7041,136.127,6.996,AFP
KIC_7670617,7670617,2,0,24.7059,151.249,5.911,AFP
KIC_7670943,7670943,1,1,18.0116,149.071,6.373,PC
KIC_7695093,7695093,1,0,4.03276,133.302,4.121,AFP
KIC_7695093,7695093,2,0,4.03276,135.319,3.908,AFP
KIC_7697103,7697103,1,1,13.9247,142.05,5.132,PC
KIC_7730747,7730747,1,1,4.03492,131.908,1.37,PC
KIC_7731281,7731281,1,1,76.3766,146.37,4.99,PC
KIC_7732285,7732285,1,0,4.39044,134.138,3.024,AFP
KIC_7755741,7755741,1,0,0.874213,131.8,2.322,NTP
KIC_7755741,7755741,2,0,1.74651,132.406,2.844,AFP
KIC_7755741,7755741,3,0,1.75174,132.302,2.357,AFP
KIC_7755741,7755741,4,0,1.74698,132.136,5.28,AFP
KIC_7773041,7773041,1,0,0.929469,132.311,2.621,NTP
KIC_7301202,7301202,2,0,4.6758,132.098,15.03,AFP
KIC_7302940,7302940,1,0,459.324,260.253,0.7559,NTP
KIC_7362631,7362631,1,0,0.566797,131.824,2.723,NTP
KIC_7362632,7362632,1,0,0.566778,131.828,1.516,NTP
KIC_7362695,7362695,1,0,0.566763,131.848,2.155,NTP
KIC_7362696,7362696,1,0,4.93128,134.826,1.32,AFP
KIC_7377033,7377033,1,0,1.95681,131.56,2.178,AFP
KIC_7377343,7377343,1,1,7.95443,135.488,4.662,PC
KIC_7428316,7428316,1,0,14.254,137.399,3.091,AFP
KIC_7428489,7428489,1,0,1.09654,132.288,3.444,NTP
KIC_7428489,7428489,2,0,2.19304,132.778,4.022,AFP
KIC_7450360,7450360,1,0,0.938704,131.777,2.795,AFP
KIC_7450360,7450360,2,0,0.938654,132.059,1.888,AFP
KIC_7450747,7450747,1,1,2.20824,131.647,2.988,PC
KIC_7454979,7454979,1,0,0.917367,132.364,2.806,AFP
KIC_7464205,7464205,2,0,5.48491,135.724,14.6,AFP
KIC_7464361,7464361,1,0,1.78941,133.126,2.42,NTP
KIC_7464386,7464386,1,0,459.32,260.206,3.289,NTP
KIC_7515762,7515762,1,1,40.9904,132.414,7.504,PC
KIC_7515964,7515964,1,0,459.457,259.821,2.629,NTP
KIC_7516379,7516379,1,0,0.98372,131.923,2.281,AFP
KIC_7545719,7545719,1,0,43.0753,147.786,14.63,NTP
KIC_7547306,7547306,2,0,0.574333,131.613,0.796,AFP
KIC_7547306,7547306,3,0,0.574337,131.952,1.5,AFP
KIC_7547573,7547573,1,0,1.77876,131.596,3.225,AFP
KIC_7583939,7583939,1,0,1.44376,132.783,2.55,AFP
KIC_7583939,7583939,2,0,1.44378,131.57,2.679,AFP
KIC_7584650,7584650,1,1,44.9973,160.234,8.801,PC
KIC_7605600,7605600,2,0,3.32619,131.667,2.005,AFP
KIC_7609553,7609553,1,1,2.27951,133.362,1.646,PC
KIC_7609674,7609674,1,1,21.2361,149.878,3.998,PC
KIC_7610663,7610663,1,1,3.03199,133.983,1.671,PC
KIC_7630232,7630232,3,0,1.74085,131.79,5.783,AFP
KIC_7630232,7630232,4,0,48.0448,155.995,2.325,NTP
KIC_7630417,7630417,1,0,1.13054,131.79,3.345,AFP
KIC_7630417,7630417,2,0,1.13054,132.354,4.112,AFP
KIC_7671833,7671833,1,0,0.671522,132.031,1.903,AFP
KIC_7671833,7671833,2,0,0.671348,131.957,5.119,AFP
KIC_7697568,7697568,1,1,22.8415,138.633,2.682,PC
KIC_7732458,7732458,2,0,0.91627,132.534,1.998,AFP
KIC_7732458,7732458,3,0,0.915666,132.003,3.328,AFP
KIC_7732458,7732458,4,0,1.83136,131.707,2.888,NTP
KIC_7732461,7732461,1,0,4.2117,133.272,9.017,AFP
KIC_7755932,7755932,1,0,0.702919,132.139,1.36,AFP
KIC_7755932,7755932,2,0,0.70291,131.72,0.9731,AFP
KIC_7755932,7755932,3,0,0.702915,131.87,1.34,AFP
KIC_7773133,7773133,1,0,0.56583,131.969,2.093,NTP
KIC_7773179,7773179,1,0,2.15687,133.259,4.788,AFP
KIC_7777365,7777365,1,0,0.885127,131.883,2.788,AFP
KIC_7303253,7303253,1,1,23.5891,150.231,5.056,PC
KIC_7303287,7303287,1,1,125.865,236.661,8.95,PC
KIC_7303287,7303287,2,1,34.5439,132.687,3.305,PC
KIC_7303287,7303287,3,0,459.269,260.305,2.367,NTP
KIC_7362696,7362696,2,0,4.93127,132.034,1.563,AFP
KIC_7362696,7362696,3,0,0.566785,131.842,2.188,NTP
KIC_7362852,7362852,1,0,3.51833,131.804,4.5,AFP
KIC_7362865,7362865,1,0,0.566716,131.956,2.1,NTP
KIC_7377660,7377660,1,0,1.01292,131.641,3.709,NTP
KIC_7378020,7378020,1,0,0.520271,131.843,1.481,AFP
KIC_7378020,7378020,2,0,0.52027,132.017,1.309,AFP
KIC_7378020,7378020,3,0,0.520287,131.666,1.428,AFP
KIC_7378049,7378049,1,0,459.259,260.264,8.199,NTP
KIC_7428489,7428489,3,0,2.19288,132.001,3.087,AFP
KIC_7428736,7428736,1,1,7.06315,132.533,2.29,PC
KIC_7429240,7429240,1,1,196.436,173.696,8.937,PC
KIC_7454979,7454979,2,0,0.91735,132.188,1.171,AFP
KIC_7455287,7455287,1,1,8.01081,138.164,3.093,PC
KIC_7465661,7465661,1,0,1.18025,131.947,1.764,NTP
KIC_7465661,7465661,2,0,2.36061,133.792,5.701,AFP
KIC_7465661,7465661,3,0,2.36036,132.968,4.149,AFP
KIC_7516781,7516781,1,0,4.15769,135.333,12.31,AFP
KIC_7516781,7516781,2,0,4.16024,131.885,10.36,AFP
KIC_7516809,7516809,1,0,0.96733,131.889,1.406,AFP
KIC_7547573,7547573,2,0,1.77879,133.001,3.156,AFP
KIC_7547573,7547573,3,0,1.27835,132.585,2.431,AFP
KIC_7547573,7547573,4,0,1.27826,132.253,4.486,AFP
KIC_7584778,7584778,1,0,0.622289,132.1,1.53,AFP
KIC_7585445,7585445,1,0,1.33235,132.342,3.226,AFP
KIC_7585445,7585445,2,0,1.33231,132.788,2.382,AFP
KIC_7612691,7612691,1,0,3.46715,133.923,7.19,AFP
KIC_7613246,7613246,1,0,0.769106,131.574,1.131,AFP
KIC_7618364,7618364,1,0,1.30205,132.566,0.7968,NTP
KIC_7630417,7630417,3,0,0.960377,131.644,1.83,NTP
KIC_7631194,7631194,1,0,0.811391,131.877,0.9272,AFP
KIC_7671974,7671974,1,0,459.154,260.386,10.59,NTP
KIC_7672097,7672097,1,1,7.97031,136.562,2.658,PC
KIC_7672215,7672215,1,1,11.1735,142.593,4.804,PC
KIC_7672453,7672453,1,0,459.24,260.364,3.007,NTP
KIC_7672453,7672453,2,0,488.571,441.309,2.873,NTP
KIC_7697795,7697795,2,0,0.52577,131.559,1.638,NTP
KIC_7698937,7698937,1,0,1.37279,131.863,3.65,AFP
KIC_7698937,7698937,2,0,1.37273,132.591,3.218,AFP
KIC_7699056,7699056,1,0,0.960277,131.776,2.507,AFP
KIC_7732461,7732461,2,0,4.21203,131.713,11.99,AFP
KIC_7732461,7732461,3,0,4.21159,134.643,10.75,AFP
KIC_7732791,7732791,1,0,1.03207,131.834,2.132,AFP
KIC_7732791,7732791,2,0,1.03097,131.602,4.344,AFP
KIC_7761545,7761545,1,1,85.3513,161.01,6.739,PC
KIC_7761855,7761855,1,0,0.608491,131.939,1.958,AFP
KIC_7761855,7761855,2,0,0.608495,131.626,2.0,AFP
KIC_7761855,7761855,3,0,0.584232,131.934,2.0,NTP
KIC_7777372,7777372,1,0,0.885119,131.892,2.867,AFP
KIC_7777397,7777397,1,0,5.09112,135.18,1.937,AFP
KIC_7777397,7777397,2,0,5.09119,132.754,2.592,AFP
KIC_7304121,7304121,1,0,459.297,260.22,1.527,NTP
KIC_7304393,7304393,1,0,0.672154,132.07,4.11,NTP
KIC_7304449,7304449,1,1,1.53817,131.827,1.225,PC
KIC_7363405,7363405,1,0,2.22183,133.319,6.984,AFP
KIC_7363405,7363405,2,0,2.22187,131.653,4.266,AFP
KIC_7364176,7364176,1,1,135.188,190.933,8.805,PC
KIC_7378067,7378067,1,0,0.667659,131.948,1.875,NTP
KIC_7379385,7379385,1,0,67.2291,171.753,25.2,AFP
KIC_7379646,7379646,1,0,1.33616,131.817,4.467,AFP
KIC_7429256,7429256,1,0,459.265,260.316,3.805,NTP
KIC_7430034,7430034,1,1,49.6219,137.104,7.089,PC
KIC_7430876,7430876,1,0,32.6122,144.552,2.794,AFP
KIC_7455287,7455287,2,1,12.0714,143.457,5.172,PC
KIC_7455287,7455287,3,1,20.996,152.31,3.114,PC
KIC_7466270,7466270,1,1,16.1561,140.22,2.766,PC
KIC_7466863,7466863,1,0,11.9711,135.169,1.999,AFP
KIC_7516809,7516809,2,0,0.967344,132.363,1.118,AFP
KIC_7517261,7517261,1,1,23.2384,143.537,8.181,PC
KIC_7517261,7517261,2,1,8.54331,137.997,6.036,PC
KIC_7518797,7518797,1,0,1.30373,131.942,6.586,NTP
KIC_7548035,7548035,1,0,4.92495,136.397,10.81,NTP
KIC_7585445,7585445,3,0,1.3324,131.871,4.432,AFP
KIC_7585481,7585481,1,1,8.09888,136.13,4.198,PC
KIC_7587506,7587506,1,0,625.379,311.428,8.066,NTP
KIC_7618364,7618364,2,0,0.544928,131.986,1.252,AFP
KIC_7618364,7618364,3,0,0.544859,131.736,1.346,AFP
KIC_7620413,7620413,1,1,2.54305,132.683,2.757,PC
KIC_7631194,7631194,2,0,0.81138,132.289,1.162,AFP
KIC_7658229,7658229,1,1,36.1826,144.701,4.172,PC
KIC_7658578,7658578,1,0,1.13035,131.965,3.013,NTP
KIC_7658578,7658578,2,0,4.52143,134.593,5.449,AFP
KIC_7673192,7673192,1,1,6.12484,134.933,3.598,PC
KIC_7673192,7673192,2,1,4.02875,133.77,3.17,PC
KIC_7673192,7673192,3,1,11.2428,136.321,4.194,PC
KIC_7699056,7699056,2,0,0.960281,131.527,1.37,AFP
KIC_7699056,7699056,3,0,0.960278,132.256,2.502,AFP
KIC_7699056,7699056,4,0,0.960275,132.014,1.381,AFP
KIC_7732964,7732964,1,0,598.546,384.416,9.592,NTP
KIC_7733685,7733685,1,0,0.804108,131.888,2.926,AFP
KIC_7733685,7733685,2,0,0.803939,131.761,4.72,AFP
KIC_7761918,7761918,1,1,89.1934,217.825,4.415,PC
KIC_7762723,7762723,1,0,9.88738,139.523,4.174,AFP
KIC_7763269,7763269,1,1,6.40827,134.042,2.885,PC
KIC_7777416,7777416,2,0,2.54555,132.647,2.778,AFP
KIC_7777435,7777435,1,0,0.544412,131.936,2.21,AFP
KIC_7777435,7777435,3,0,0.54412,131.836,1.688,AFP
KIC_7335713,7335713,1,0,0.573701,131.945,1.369,AFP
KIC_7335713,7335713,2,0,0.573721,131.652,1.275,AFP
KIC_7335972,7335972,1,0,0.579764,131.799,0.8387,AFP
KIC_7364845,7364845,1,0,0.832459,131.718,2.358,AFP
KIC_7364845,7364845,2,0,0.832474,132.108,3.099,AFP
KIC_7365528,7365528,1,0,0.641456,131.714,2.685,AFP
KIC_7379646,7379646,2,0,1.33588,132.508,2.124,AFP
KIC_7380537,7380537,1,1,2.6889,132.458,2.125,PC
KIC_7380829,7380829,1,0,3.17468,132.233,6.079,AFP
KIC_7431709,7431709,1,0,0.572516,131.783,2.083,AFP
KIC_7431838,7431838,1,0,3.03699,133.876,4.361,AFP
KIC_7431838,7431838,2,0,3.03702,134.328,2.01,AFP
KIC_7431838,7431838,3,0,3.03698,134.542,1.804,AFP
KIC_7455624,7455624,1,0,0.581504,131.932,1.983,AFP
KIC_7455624,7455624,2,0,0.581516,131.546,1.939,AFP
KIC_7455624,7455624,3,0,0.581696,131.597,2.0,AFP
KIC_7455914,7455914,1,0,1.6982,132.429,5.478,AFP
KIC_7467185,7467185,1,0,1.19145,132.659,2.891,AFP
KIC_7467185,7467185,2,0,1.19158,131.996,5.493,AFP
KIC_7522572,7522572,1,0,0.512444,131.693,1.451,AFP
KIC_7522572,7522572,2,0,0.512431,131.965,1.509,AFP
KIC_7548479,7548479,1,0,0.646278,131.583,1.39,AFP
KIC_7548479,7548479,2,0,0.646278,131.913,1.431,AFP
KIC_7591772,7591772,1,0,710.277,155.84,5.403,NTP
KIC_7620654,7620654,1,0,0.795495,131.586,2.498,AFP
KIC_7620654,7620654,2,0,0.795491,131.986,2.422,AFP
KIC_7658578,7658578,3,0,4.52142,133.843,3.829,AFP
KIC_7658578,7658578,4,0,4.52152,132.453,2.891,AFP
KIC_7658578,7658578,5,0,4.52136,133.26,9.124,AFP
KIC_7673192,7673192,4,1,8.9212,137.485,3.947,PC
KIC_7673192,7673192,5,1,16.5341,135.404,4.161,PC
KIC_7673841,7673841,1,1,5.34182,136.318,3.48,PC
KIC_7673841,7673841,2,1,10.4232,135.151,2.132,PC
KIC_7699298,7699298,1,0,1.15777,132.458,3.201,AFP
KIC_7699478,7699478,1,0,0.964045,132.054,3.678,AFP
KIC_7699478,7699478,2,0,0.964031,132.41,3.388,AFP
KIC_7700033,7700033,1,0,0.782966,131.859,1.449,AFP
KIC_7733731,7733731,1,1,4.8581,135.165,5.701,PC
KIC_7764367,7764367,1,1,3.17392,132.838,3.474,PC
KIC_7765006,7765006,1,0,6.80099,135.633,14.66,NTP
KIC_7777471,7777471,1,0,0.885106,131.897,3.302,AFP
KIC_7777522,7777522,1,0,0.885097,131.899,2.071,AFP
KIC_7777818,7777818,1,0,5.7817,136.765,2.275,AFP
KIC_7335972,7335972,2,0,0.579718,132.093,1.276,AFP
KIC_7336640,7336640,1,0,610.393,191.701,12.09,NTP
KIC_7365528,7365528,2,0,0.641446,132.081,1.419,AFP
KIC_7365557,7365557,1,0,0.683577,131.74,2.783,AFP
KIC_7365569,7365569,1,0,0.683605,131.751,2.5,AFP
KIC_7382313,7382313,1,1,7.42695,133.105,3.304,PC
KIC_7431838,7431838,4,0,3.03708,131.998,2.03,AFP
KIC_7431838,7431838,5,0,1.01232,131.837,3.396,NTP
KIC_7431887,7431887,1,0,530.699,183.636,14.55,NTP
KIC_7455914,7455914,2,0,1.69833,131.57,5.998,AFP
KIC_7455981,7455981,1,1,14.454,135.456,7.149,PC
KIC_7456001,7456001,1,1,40.0686,151.809,6.054,PC
KIC_7456441,7456441,1,0,1.19597,131.956,2.22,AFP
KIC_7467518,7467518,2,0,1.71174,133.01,3.869,AFP
KIC_7467518,7467518,3,0,1.71183,131.764,4.791,AFP
KIC_7467539,7467539,1,0,0.980128,132.356,5.064,NTP
KIC_7522911,7522911,1,1,20.4998,131.822,5.657,PC
KIC_7523115,7523115,1,0,1.19293,131.639,3.831,NTP
KIC_7523340,7523340,1,0,4.90866,131.755,14.92,AFP
KIC_7523340,7523340,2,0,4.90796,134.083,7.92,AFP
KIC_7549209,7549209,1,1,27.5074,151.839,5.337,PC
KIC_7549389,7549389,1,0,18.4719,149.525,14.54,AFP
KIC_7593110,7593110,1,0,3.54939,134.246,2.453,AFP
KIC_7593110,7593110,2,0,3.54941,132.46,2.26,AFP
KIC_7595157,7595157,1,1,3.38354,132.421,1.365,PC
KIC_7620660,7620660,1,0,5.36661,134.849,5.169,AFP
KIC_7620660,7620660,2,0,0.683697,131.622,2.21,AFP
KIC_7620801,7620801,1,0,695.78,195.398,14.14,NTP
KIC_7620844,7620844,1,0,58.6216,178.568,8.633,AFP
KIC_7658796,7658796,1,0,5.38243,132.965,14.74,AFP
KIC_7658796,7658796,2,0,5.38251,135.593,17.15,AFP
KIC_7658925,7658925,1,0,0.854645,131.553,2.855,AFP
KIC_7673841,7673841,3,1,7.87855,138.585,3.181,PC
KIC_7674050,7674050,1,0,472.227,363.714,4.848,AFP
KIC_7676423,7676423,1,1,2.46051,133.613,1.959,PC
KIC_7700033,7700033,2,0,0.782981,132.161,1.514,AFP
KIC_7700561,7700561,1,0,1.50708,132.097,1.815,AFP
KIC_7700578,7700578,1,0,1.50702,132.165,3.5,AFP
KIC_7739152,7739152,1,0,459.256,260.342,4.7,NTP
KIC_7739172,7739172,1,0,6.40131,134.769,10.16,AFP
KIC_7739172,7739172,2,0,6.39843,134.104,16.28,AFP
KIC_7765374,7765374,1,0,4.40803,133.933,7.777,AFP
KIC_7765374,7765374,2,0,4.40821,132.919,6.213,AFP
KIC_7765528,7765528,1,1,7.03931,133.856,3.315,PC
KIC_7778108,7778108,2,0,2.47127,132.781,5.35,AFP
KIC_7778108,7778108,3,0,2.47136,131.537,5.696,AFP
KIC_7778427,7778427,1,1,5.38296,136.242,3.154,PC
KIC_7337049,7337049,1,0,4.87079,132.344,10.66,AFP
KIC_7337049,7337049,2,0,4.87136,136.047,15.0,AFP
KIC_7338125,7338125,1,0,0.956629,131.991,7.274,NTP
KIC_7344999,7344999,1,0,0.706242,132.019,2.338,AFP
KIC_7366036,7366036,1,0,0.566808,131.787,1.409,NTP
KIC_7366065,7366065,1,0,0.566801,131.795,0.9002,NTP
KIC_7366258,7366258,1,1,51.5405,174.046,6.501,PC
KIC_7366258,7366258,2,1,26.4444,141.231,4.658,PC
KIC_7383764,7383764,1,0,2.45711,131.606,6.551,AFP
KIC_7383764,7383764,2,0,2.45717,133.256,7.178,AFP
KIC_7432548,7432548,1,0,4.09098,134.672,18.06,NTP
KIC_7433279,7433279,1,0,1.9663,132.016,5.815,NTP
KIC_7433585,7433585,1,0,0.545517,131.742,0.5298,AFP
KIC_7456441,7456441,2,0,1.19598,132.551,2.592,AFP
KIC_7457296,7457296,1,1,3.97073,134.646,1.78,PC
KIC_7470159,7470159,1,0,442.942,292.76,13.31,NTP
KIC_7470491,7470491,1,0,441.231,296.148,18.39,NTP
KIC_7499398,7499398,1,1,23.0203,150.604,3.537,PC
KIC_7523340,7523340,3,0,4.9082,133.767,25.94,AFP
KIC_7549389,7549389,2,0,18.4701,146.521,15.94,AFP
KIC_7549852,7549852,1,0,0.562312,131.961,1.5,AFP
KIC_7549852,7549852,2,0,0.562312,131.68,1.5,AFP
KIC_7595157,7595157,2,1,2.35896,132.688,1.613,PC
KIC_7595579,7595579,1,0,6.73235,136.579,14.53,NTP
KIC_7595579,7595579,2,0,5.04898,134.801,12.76,NTP
KIC_7620844,7620844,2,0,58.6216,151.694,6.15,AFP
KIC_7621172,7621172,1,0,0.592825,131.856,1.467,AFP
KIC_7621172,7621172,2,0,0.592824,131.561,1.304,AFP
KIC_7621172,7621172,3,0,0.732114,131.97,1.308,AFP
KIC_7621172,7621172,4,0,0.73225,132.188,2.0,AFP
KIC_7658925,7658925,2,0,0.854816,132.155,1.876,AFP
KIC_7658925,7658925,3,0,1.70628,131.699,5.728,NTP
KIC_7659389,7659389,1,1,3.8259,132.202,1.533,PC
KIC_7659782,7659782,1,0,523.578,655.048,9.967,NTP
KIC_7677005,7677005,1,0,38.0581,142.405,6.0,AFP
KIC_7677005,7677005,2,0,38.0581,134.58,12.26,AFP
KIC_7677005,7677005,3,0,304.496,332.517,29.16,NTP
KIC_7678099,7678099,1,0,1.29815,132.496,4.559,NTP
KIC_7700578,7700578,2,0,1.5071,132.85,2.5,AFP
KIC_7700590,7700590,1,0,1.50712,132.085,3.823,AFP
KIC_7700622,7700622,1,1,35.5812,153.478,4.226,PC
KIC_7700871,7700871,1,0,2.58983,133.884,2.472,AFP
KIC_7741837,7741837,1,0,4.12809,133.945,8.525,AFP
KIC_7741837,7741837,2,0,4.1286,132.584,4.92,AFP
KIC_7741837,7741837,3,0,4.13006,135.045,5.756,AFP
KIC_7765585,7765585,1,0,0.666521,131.673,2.162,AFP
KIC_7765585,7765585,2,0,4.26693,135.777,7.192,NTP
KIC_7765585,7765585,3,0,0.666546,131.963,2.657,AFP
KIC_7778437,7778437,1,1,5.01423,133.175,4.618,PC
KIC_7778621,7778621,1,1,7.28169,137.302,1.478,PC
KIC_7778767,7778767,1,1,13.0314,144.111,4.312,PC
KIC_7344999,7344999,2,0,0.706231,131.784,1.715,AFP
KIC_7345248,7345248,1,1,5.6649,136.34,4.103,PC
KIC_7366258,7366258,3,1,5.90224,136.783,2.87,PC
KIC_7366258,7366258,4,1,2.38296,132.694,2.143,PC
KIC_7367431,7367431,1,0,1.15211,132.565,4.0,AFP
KIC_7383764,7383764,3,0,2.45723,132.36,6.535,AFP
KIC_7385387,7385387,1,0,1.6554,133.161,3.692,AFP
KIC_7434875,7434875,1,1,9.43946,139.428,2.899,PC
KIC_7434875,7434875,2,1,20.4819,137.722,2.937,PC
KIC_7434875,7434875,3,1,3.33612,131.982,2.295,PC
KIC_7457355,7457355,1,0,1.26713,132.373,3.319,AFP
KIC_7457355,7457355,2,0,1.2673,132.095,1.62,AFP
KIC_7458050,7458050,1,0,0.651815,132.078,2.463,NTP
KIC_7499407,7499407,1,0,0.885838,132.252,3.17,AFP
KIC_7499407,7499407,2,0,0.885796,131.646,2.924,AFP
KIC_7499407,7499407,3,0,0.885838,131.957,3.0,AFP
KIC_7529266,7529266,1,1,8.60015,134.642,9.014,PC
KIC_7530196,7530196,1,0,459.246,260.378,3.154,NTP
KIC_8621348,8621348,1,0,11.3445,138.805,3.872,AFP
KIC_8621348,8621348,2,0,11.3442,132.557,2.457,AFP
KIC_8621353,8621353,1,0,11.3443,138.812,6.14,AFP
KIC_8644288,8644288,2,1,7.64156,135.409,3.433,PC
KIC_8644288,8644288,3,1,3.50472,133.509,2.064,PC
KIC_8644365,8644365,1,1,19.9159,139.371,5.909,PC
KIC_8644365,8644365,2,1,10.5484,139.06,1.418,PC
KIC_8653563,8653563,1,0,1.1037,131.767,3.749,AFP
KIC_8653563,8653563,2,0,1.10382,132.187,2.15,AFP
KIC_8653675,8653675,1,0,1.75721,132.64,5.614,AFP
KIC_8692861,8692861,2,1,242.469,150.858,13.15,PC
KIC_8711555,8711555,1,0,3.42152,134.472,10.15,NTP
KIC_8711794,8711794,1,1,8.98101,136.65,1.864,PC
KIC_8745553,8745553,1,1,62.1348,154.045,10.58,PC
KIC_8745924,8745924,1,0,3.187,132.064,3.807,AFP
KIC_8745924,8745924,2,0,3.18772,132.605,10.53,AFP
KIC_8746295,8746295,1,0,6.85572,136.018,2.3,AFP
KIC_8758366,8758366,1,0,2.38896,133.65,3.613,NTP
KIC_8758366,8758366,2,0,0.662483,131.656,2.026,NTP
KIC_8759145,8759145,1,0,0.663882,131.6,1.966,AFP
KIC_8782805,8782805,1,0,2.6175,132.869,2.832,AFP
KIC_8782805,8782805,2,0,2.61786,132.156,3.512,AFP
KIC_8782821,8782821,1,0,0.950926,131.999,3.557,AFP
KIC_8822216,8822216,1,1,6.99692,133.933,2.772,PC
KIC_8822216,8822216,2,1,151.865,143.311,8.785,PC
KIC_8822366,8822366,1,1,30.864,132.016,8.799,PC
KIC_8822421,8822421,1,1,1.64531,132.13,1.813,PC
KIC_8841894,8841894,1,0,2.397,132.263,3.512,AFP
KIC_8495415,8495415,1,0,2.23716,133.687,1.503,AFP
KIC_8495415,8495415,2,1,11.0851,133.334,1.643,PC
KIC_8516686,8516686,2,0,0.623285,132.0,2.017,AFP
KIC_8517378,8517378,1,0,0.86917,132.253,3.52,NTP
KIC_8544992,8544992,2,1,13.2973,140.941,3.56,PC
KIC_8544996,8544996,1,1,4.08228,132.897,3.281,PC
KIC_8546542,8546542,1,1,7.40987,138.181,1.094,PC
KIC_8560285,8560285,1,0,85.3409,215.53,10.61,AFP
KIC_8560285,8560285,2,0,85.3413,182.608,9.309,AFP
KIC_8560475,8560475,1,0,7.41506,133.309,1.559,AFP
KIC_8573774,8573774,1,0,0.641603,131.702,1.91,NTP
KIC_8573774,8573774,2,0,0.692183,132.071,1.372,AFP
KIC_8573774,8573774,3,0,0.692184,131.873,1.439,AFP
KIC_8573774,8573774,4,0,0.692187,131.677,1.5,AFP
KIC_8589731,8589731,1,0,4.46974,133.011,5.424,AFP
KIC_8589754,8589754,1,0,4.46973,133.009,4.5,AFP
KIC_8590149,8590149,1,1,19.2397,138.748,2.532,PC
KIC_8621353,8621353,2,0,11.3444,132.538,3.458,AFP
KIC_8622268,8622268,1,0,4.66808,132.225,13.16,NTP
KIC_8622268,8622268,2,0,9.33663,137.832,17.85,AFP
KIC_8622268,8622268,3,0,9.33627,140.429,12.44,AFP
KIC_8644545,8644545,1,1,295.958,138.928,4.373,PC
KIC_8644911,8644911,1,1,120.942,246.223,9.182,PC
KIC_8645191,8645191,1,0,0.689165,131.698,0.5609,AFP
KIC_8653675,8653675,2,0,1.7572,131.791,5.713,AFP
KIC_8654122,8654122,1,0,3.90631,135.38,7.622,AFP
KIC_8654122,8654122,2,0,3.90637,132.777,7.884,AFP
KIC_8654122,8654122,3,0,3.90694,133.939,14.78,AFP
KIC_8693545,8693545,1,0,0.981154,132.147,2.334,AFP
KIC_8693545,8693545,2,0,0.980884,132.031,2.133,AFP
KIC_8693545,8693545,3,0,0.980933,131.735,2.366,AFP
KIC_8694197,8694197,1,0,1.99723,133.414,6.461,NTP
KIC_8713594,8713594,2,0,2.49141,133.728,9.0,AFP
KIC_8746310,8746310,1,0,6.85562,136.022,3.025,AFP
KIC_8746310,8746310,2,0,6.85563,132.595,2.921,AFP
KIC_8747222,8747222,1,0,1.66748,133.179,1.449,AFP
KIC_8759145,8759145,2,0,0.663746,132.134,1.992,AFP
KIC_8760040,8760040,1,1,18.2207,141.374,5.216,PC
KIC_8760040,8760040,2,1,7.35114,133.63,3.21,PC
KIC_8760135,8760135,1,0,184.644,151.989,12.0,AFP
KIC_8760135,8760135,2,0,184.644,214.877,12.0,AFP
KIC_8782821,8782821,2,0,0.950879,131.799,3.55,AFP
KIC_8783270,8783270,1,0,0.630228,131.911,1.834,AFP
KIC_8783270,8783270,2,0,0.630228,132.122,1.985,AFP
KIC_8783270,8783270,3,0,0.630237,131.697,2.0,AFP
KIC_8822585,8822585,1,0,1.62752,131.947,1.929,NTP
KIC_8822585,8822585,2,0,3.25519,132.949,8.394,AFP
KIC_8822585,8822585,3,0,3.25507,134.404,8.141,AFP
KIC_8823397,8823397,1,0,1.5065,132.995,2.5,AFP
KIC_8480263,8480263,2,0,5.25323,135.251,15.08,AFP
KIC_8480263,8480263,3,0,5.2539,133.45,15.03,AFP
KIC_8480285,8480285,1,1,29.6663,159.704,8.474,PC
KIC_8480285,8480285,2,1,16.2255,144.026,6.351,PC
KIC_8496367,8496367,1,0,3.51934,132.212,6.228,AFP
KIC_8496367,8496367,2,0,1.17309,132.679,3.237,NTP
KIC_8496367,8496367,3,0,3.5191,133.301,5.785,AFP
KIC_8517859,8517859,1,0,0.523588,131.792,2.0,AFP
KIC_8517859,8517859,2,0,0.523586,131.535,1.646,AFP
KIC_8518426,8518426,1,0,2.17203,133.189,5.791,AFP
KIC_8546937,8546937,1,0,0.74239,131.864,2.001,AFP
KIC_8546937,8546937,2,0,0.742372,131.527,2.541,AFP
KIC_8547140,8547140,1,1,11.4193,137.668,3.948,PC
KIC_8547366,8547366,1,0,0.60882,131.751,1.917,NTP
KIC_8560804,8560804,1,0,31.9735,133.861,9.835,AFP
KIC_8560804,8560804,2,0,31.9704,150.683,7.625,AFP
KIC_8560840,8560840,1,0,31.9736,133.863,12.49,AFP
KIC_8560840,8560840,2,0,31.9735,150.594,12.33,AFP
KIC_8574270,8574270,1,0,15.1202,139.697,3.504,AFP
KIC_8574270,8574270,2,0,15.1202,134.324,4.335,AFP
KIC_8590780,8590780,1,0,4.32698,132.185,3.5,AFP
KIC_8590780,8590780,2,0,4.32694,131.967,15.0,AFP
KIC_8591109,8591109,1,0,2.76894,133.161,4.652,AFP
KIC_8623953,8623953,1,0,0.639994,131.634,2.895,AFP
KIC_8623953,8623953,2,0,0.640039,131.936,2.107,AFP
KIC_8624143,8624143,1,0,1.37786,131.974,2.108,NTP
KIC_8624520,8624520,1,1,10.2406,131.669,1.084,PC
KIC_8645191,8645191,2,0,0.68918,132.149,0.9713,AFP
KIC_8645191,8645191,3,0,0.689195,131.911,1.03,AFP
KIC_8645806,8645806,1,0,3.24119,133.954,9.581,AFP
KIC_8645806,8645806,2,0,3.24059,132.505,10.37,AFP
KIC_8654540,8654540,1,0,1.2243,132.544,3.525,AFP
KIC_8654540,8654540,2,0,1.22436,131.883,4.783,AFP
KIC_8694309,8694309,1,0,0.827341,131.93,2.07,AFP
KIC_8713594,8713594,3,0,2.49156,132.435,8.896,AFP
KIC_8713828,8713828,1,0,2.50985,132.112,3.253,NTP
KIC_8747357,8747357,1,0,1.40766,131.972,7.744,NTP
KIC_8747865,8747865,1,0,1.21123,132.493,4.445,AFP
KIC_8760767,8760767,1,0,0.500172,131.955,1.625,AFP
KIC_8760767,8760767,2,0,0.500097,131.771,1.491,AFP
KIC_8801316,8801316,1,1,3.93761,135.289,4.782,PC
KIC_8801343,8801343,1,0,2.73987,131.811,3.943,AFP
KIC_8801343,8801343,3,0,2.74002,133.574,3.817,AFP
KIC_8823397,8823397,2,0,1.5065,132.24,2.5,AFP
KIC_8823426,8823426,1,0,1.50647,133.003,2.295,AFP
KIC_8823833,8823833,1,0,1.50646,133.005,2.914,AFP
KIC_8823868,8823868,1,0,23.8762,155.008,9.723,AFP
KIC_8480582,8480582,1,1,18.5013,149.167,3.172,PC
KIC_8480642,8480642,1,1,31.5912,162.501,2.572,PC
KIC_8481000,8481000,1,0,6.55175,131.83,10.7,AFP
KIC_8499639,8499639,1,0,2.03298,131.987,3.402,NTP
KIC_8518426,8518426,2,0,2.17213,132.239,6.375,AFP
KIC_8519253,8519253,1,0,5.93821,136.528,2.407,AFP
KIC_8519253,8519253,2,0,5.93827,133.554,1.799,AFP
KIC_8520426,8520426,1,0,0.810047,131.871,2.333,AFP
KIC_8547429,8547429,1,1,11.6601,140.632,4.44,PC
KIC_8552202,8552202,1,1,3.88663,134.763,3.064,PC
KIC_8552365,8552365,1,0,439.842,352.222,7.946,NTP
KIC_8552498,8552498,1,0,1.06192,131.729,1.377,AFP
KIC_8560867,8560867,1,0,0.643957,132.119,1.951,AFP
KIC_8574840,8574840,1,0,1.47595,131.605,2.767,NTP
KIC_8574840,8574840,2,0,0.737926,132.005,3.04,NTP
KIC_8578742,8578742,1,0,0.979372,132.436,3.461,AFP
KIC_8578742,8578742,2,0,0.979414,131.836,4.647,AFP
KIC_8591109,8591109,3,0,2.76954,131.705,8.427,AFP
KIC_8591173,8591173,1,1,12.2885,141.621,3.059,PC
KIC_8591404,8591404,1,0,2.53613,131.562,8.378,NTP
KIC_8625632,8625632,1,0,359.665,445.864,9.0,NTP
KIC_8645874,8645874,1,0,0.608864,131.909,1.866,AFP
KIC_8645874,8645874,2,0,1.21766,132.703,2.786,AFP
KIC_8645874,8645874,3,0,1.21768,132.252,1.877,AFP
KIC_8645874,8645874,4,0,0.608856,131.763,2.0,AFP
KIC_8654790,8654790,1,0,2.09163,132.243,4.808,AFP
KIC_8654790,8654790,2,0,2.09156,132.867,5.043,AFP
KIC_8655354,8655354,1,0,6.71972,133.038,2.213,AFP
KIC_8695311,8695311,1,1,31.0255,158.574,5.357,PC
KIC_8714856,8714856,1,0,0.802562,131.867,2.871,NTP
KIC_8715392,8715392,1,0,1.25402,132.482,4.252,AFP
KIC_8715392,8715392,2,0,1.2538,131.551,4.206,AFP
KIC_8747865,8747865,2,0,1.20695,132.452,1.975,AFP
KIC_8747865,8747865,3,0,1.20934,132.514,4.458,AFP
KIC_8747904,8747904,1,0,0.530964,131.739,1.656,AFP
KIC_8748251,8748251,1,0,0.996897,132.214,2.705,AFP
KIC_8765560,8765560,1,1,47.1097,144.132,4.407,PC
KIC_8766222,8766222,1,0,5.29727,135.576,3.366,AFP
KIC_8766285,8766285,1,0,5.29759,135.565,13.37,AFP
KIC_8802165,8802165,1,1,17.4212,131.983,5.033,PC
KIC_8802693,8802693,1,1,26.4104,149.395,3.028,PC
KIC_8803757,8803757,1,1,3.59447,132.368,2.582,PC
KIC_8823868,8823868,2,0,23.8761,143.07,9.396,AFP
KIC_8823893,8823893,1,0,1.50642,133.04,2.697,AFP
KIC_8823893,8823893,2,0,3.69803,135.13,10.03,NTP
KIC_8481000,8481000,2,0,6.55107,134.845,11.06,AFP
KIC_8481006,8481006,1,0,2.5336,132.544,6.075,AFP
KIC_8481006,8481006,2,0,2.53359,133.016,3.072,AFP
KIC_8481129,8481129,1,1,16.3013,133.792,4.178,PC
KIC_8499900,8499900,1,0,1.00955,131.621,2.662,NTP
KIC_8500899,8500899,1,0,0.960386,132.171,1.989,AFP
KIC_8500899,8500899,2,0,0.960376,131.539,3.373,AFP
KIC_8520426,8520426,2,0,0.810038,132.279,3.879,AFP
KIC_8520433,8520433,1,0,0.791431,131.627,2.661,AFP
KIC_8520433,8520433,2,0,0.791403,132.028,3.004,AFP
KIC_8520436,8520436,1,0,2.3484,132.412,7.468,AFP
KIC_8552498,8552498,2,0,1.06194,132.381,1.443,AFP
KIC_8552500,8552500,1,0,0.530959,131.738,1.397,AFP
KIC_8560867,8560867,2,0,0.64396,131.793,1.533,AFP
KIC_8560867,8560867,3,0,0.532383,131.763,2.0,NTP
KIC_8560921,8560921,1,0,438.713,154.927,11.46,NTP
KIC_8560940,8560940,1,0,31.9731,133.84,8.763,AFP
KIC_8560996,8560996,1,0,0.510371,132.006,1.607,AFP
KIC_8578780,8578780,1,1,13.5906,133.07,3.875,PC
KIC_8579615,8579615,2,0,0.749593,131.52,2.053,AFP
KIC_8591693,8591693,1,1,29.4556,154.174,3.525,PC
KIC_8604993,8604993,1,0,6.57042,134.019,4.434,AFP
KIC_8625732,8625732,1,0,31.9721,133.865,12.13,AFP
KIC_8625813,8625813,1,0,45.3967,136.948,3.857,AFP
KIC_8625821,8625821,1,0,45.3966,136.944,3.172,AFP
KIC_8625821,8625821,2,0,45.3966,155.291,1.884,AFP
KIC_8646235,8646235,1,0,1.20884,131.53,5.447,AFP
KIC_8655354,8655354,2,0,6.71966,136.402,2.208,AFP
KIC_8655458,8655458,1,0,1.59416,132.635,3.861,AFP
KIC_8655712,8655712,1,0,0.79105,132.323,2.466,AFP
KIC_8655712,8655712,2,0,0.791066,131.887,3.632,AFP
KIC_8695779,8695779,1,0,10.2389,132.723,3.431,AFP
KIC_8695779,8695779,2,0,10.2389,137.636,4.873,AFP
KIC_8700506,8700506,1,0,43.7982,172.593,5.0,AFP
KIC_8715589,8715589,1,0,7.62191,138.663,1.915,AFP
KIC_8716028,8716028,1,0,1.75246,132.756,5.315,AFP
KIC_8716028,8716028,2,0,1.75249,131.528,3.76,AFP
KIC_8748251,8748251,2,0,0.99594,131.536,2.968,AFP
KIC_8748670,8748670,1,0,4.23144,135.589,14.56,AFP
KIC_8766619,8766619,1,0,1.18379,131.649,2.6,AFP
KIC_8766619,8766619,3,0,1.18383,132.299,2.491,AFP
KIC_8803940,8803940,1,0,3.50544,132.04,10.11,NTP
KIC_8804261,8804261,1,0,582.357,426.296,8.643,NTP
KIC_8804283,8804283,1,1,22.7902,138.686,5.056,PC
KIC_8804283,8804283,2,1,13.2609,139.093,4.376,PC
KIC_8824737,8824737,1,1,12.9024,139.146,2.51,PC
KIC_8826007,8826007,1,1,54.5091,140.83,4.683,PC
KIC_8487242,8487242,1,0,521.441,352.455,12.65,NTP
KIC_8487645,8487645,1,0,0.53092,131.777,0.9521,AFP
KIC_8487748,8487748,1,0,1.06195,131.72,1.522,AFP
KIC_8487805,8487805,1,0,0.53094,131.764,1.676,AFP
KIC_8500899,8500899,3,0,0.960344,131.892,1.892,AFP
KIC_8505554,8505554,1,0,2.85298,132.689,10.13,AFP
KIC_8520436,8520436,2,0,2.34826,133.05,6.578,AFP
KIC_8520456,8520456,1,0,2.09311,131.877,11.45,NTP
KIC_8552540,8552540,2,0,1.06263,132.161,1.492,AFP
KIC_8552540,8552540,3,0,1.06091,131.688,2.5,AFP
KIC_8552565,8552565,1,0,1.06194,131.726,1.383,AFP
KIC_8552583,8552583,1,0,1.06192,131.728,1.513,AFP
KIC_8552587,8552587,1,0,1.06192,131.73,1.414,AFP
KIC_8560996,8560996,2,0,0.510371,131.725,1.663,AFP
KIC_8561063,8561063,1,1,1.21376,131.647,0.8415,PC
KIC_8561063,8561063,2,1,1.86511,131.928,0.6841,PC
KIC_8561192,8561192,1,0,2.7426,132.693,6.0,AFP
KIC_8579615,8579615,3,0,0.749622,132.013,1.952,AFP
KIC_8579615,8579615,4,0,0.749518,131.835,2.397,AFP
KIC_8579684,8579684,1,0,2.08871,131.845,6.036,NTP
KIC_8579684,8579684,2,0,4.18291,131.571,14.27,NTP
KIC_8604993,8604993,2,0,6.57043,137.35,4.227,AFP
KIC_8605074,8605074,1,0,37.6017,157.112,8.315,AFP
KIC_8605074,8605074,2,0,37.6018,135.123,9.716,AFP
KIC_8625925,8625925,1,1,6.52121,136.584,2.88,PC
KIC_8626219,8626219,1,0,0.66636,131.969,1.458,AFP
KIC_8626219,8626219,2,0,0.666361,132.137,1.47,AFP
KIC_8626219,8626219,3,0,0.666368,131.808,1.491,AFP
KIC_8626219,8626219,4,0,0.666371,131.636,1.5,AFP
KIC_8646235,8646235,3,0,1.2075,131.685,1.867,AFP
KIC_8646425,8646425,1,0,1.28957,131.713,3.408,AFP
KIC_8646425,8646425,2,0,1.28961,132.084,3.982,AFP
KIC_8656375,8656375,1,0,0.81776,132.042,1.762,AFP
KIC_8656375,8656375,2,0,0.817765,131.865,1.533,AFP
KIC_8656391,8656391,1,0,505.796,401.097,8.559,NTP
KIC_8668810,8668810,1,0,313.09,424.716,9.0,AFP
KIC_8700506,8700506,2,0,43.8039,158.746,9.0,AFP
KIC_8700506,8700506,3,0,43.7958,158.221,5.0,AFP
KIC_8700529,8700529,1,0,459.278,260.279,3.915,NTP
KIC_8700537,8700537,1,0,43.7943,158.974,9.949,AFP
KIC_8700537,8700537,2,0,43.798,172.594,6.124,AFP
KIC_8716028,8716028,3,0,1.75231,132.226,6.668,AFP
KIC_8717065,8717065,1,0,0.717249,131.691,2.263,AFP
KIC_8717065,8717065,2,0,0.717323,132.149,2.184,AFP
KIC_8717065,8717065,3,0,0.717266,131.917,2.164,AFP
KIC_8748670,8748670,2,0,4.23246,133.327,8.51,AFP
KIC_8750043,8750043,1,1,2.29505,132.689,1.681,PC
KIC_8766650,8766650,1,1,12.4393,136.379,3.042,PC
KIC_8766808,8766808,1,0,1.00815,132.138,2.653,NTP
KIC_8804397,8804397,1,1,60.0853,153.257,6.957,PC
KIC_8804455,8804455,1,0,2.39263,133.786,1.413,AFP
KIC_8804455,8804455,2,1,7.59664,131.956,3.615,PC
KIC_8826102,8826102,1,0,1.37139,132.62,2.34,NTP
KIC_8826168,8826168,1,1,11.5511,134.905,3.385,PC
KIC_8826317,8826317,1,0,0.879058,131.963,2.934,AFP
KIC_8826317,8826317,2,0,0.879085,131.531,3.048,AFP
KIC_8487838,8487838,1,0,0.530925,131.755,2.189,AFP
KIC_8488717,8488717,1,0,3.25438,134.603,7.068,AFP
KIC_8488717,8488717,2,0,3.25431,132.342,8.845,AFP
KIC_8488876,8488876,1,0,5.80188,136.982,4.176,AFP
KIC_8505554,8505554,2,0,2.85256,131.62,3.747,AFP
KIC_8505670,8505670,1,1,10.8485,139.26,3.017,PC
KIC_8505670,8505670,2,1,6.66834,137.438,1.949,PC
KIC_8521059,8521059,1,0,0.535584,131.802,0.8858,AFP
KIC_8521098,8521098,1,0,0.976147,132.179,2.36,NTP
KIC_8521128,8521128,1,0,1.17166,132.071,2.305,AFP
KIC_8521128,8521128,2,0,1.17161,131.759,3.717,AFP
KIC_8552607,8552607,1,0,1.06194,131.722,1.417,AFP
KIC_8552719,8552719,1,1,88.4067,176.274,12.53,PC
KIC_8552719,8552719,2,1,9.10966,133.067,5.376,PC
KIC_8561231,8561231,1,1,28.6852,159.877,5.834,PC
KIC_8564587,8564587,1,1,5.72933,132.829,1.076,PC
KIC_8564587,8564587,2,1,11.6091,133.993,1.883,PC
KIC_8564674,8564674,1,1,5.92977,135.491,2.465,PC
KIC_8580028,8580028,2,0,3.71782,134.204,5.262,AFP
KIC_8580028,8580028,3,0,3.71759,131.611,6.008,AFP
KIC_8608260,8608260,1,0,0.805393,131.747,1.193,AFP
KIC_8608260,8608260,2,0,0.804615,131.83,2.533,AFP
KIC_8608260,8608260,3,0,0.804642,132.189,3.51,AFP
KIC_8626325,8626325,1,1,16.449,145.753,6.883,PC
KIC_8628665,8628665,1,1,10.2857,141.206,2.845,PC
KIC_8628758,8628758,1,1,14.3746,138.201,4.806,PC
KIC_8628758,8628758,2,1,9.65195,132.155,4.238,PC
KIC_8647299,8647299,1,0,0.687883,132.021,2.342,AFP
KIC_8668810,8668810,2,0,313.092,344.225,12.24,AFP
KIC_8669092,8669092,1,0,0.997727,132.452,2.997,AFP
KIC_8669092,8669092,2,0,0.996071,132.007,3.014,AFP
KIC_8672910,8672910,1,1,39.6432,166.954,6.564,PC
KIC_8700558,8700558,1,0,4.79182,133.012,1.868,AFP
KIC_8700558,8700558,2,0,4.79181,135.18,2.058,AFP
KIC_8700771,8700771,1,1,8.09218,138.048,5.232,PC
KIC_8717374,8717374,1,0,1.02047,132.485,3.482,NTP
KIC_8718273,8718273,1,0,3.47953,133.385,3.762,AFP
KIC_8750446,8750446,1,0,3.09757,133.999,10.42,AFP
KIC_8750446,8750446,2,0,3.09655,132.648,10.04,AFP
KIC_8771498,8771498,2,0,0.808543,131.803,2.716,NTP
KIC_8771498,8771498,3,0,1.61722,132.965,5.0,NTP
KIC_8773015,8773015,1,1,15.6048,132.001,4.537,PC
KIC_8804845,8804845,1,1,5.42585,135.868,2.624,PC
KIC_8804845,8804845,2,1,0.762128,131.622,1.181,PC
KIC_8805348,8805348,1,1,29.9073,145.385,4.816,PC
KIC_8826718,8826718,1,0,0.614317,131.527,1.19,AFP
KIC_8826718,8826718,2,0,0.614265,131.842,1.166,AFP
KIC_8826878,8826878,1,1,5.1545,135.556,3.333,PC
KIC_8488876,8488876,2,0,5.80189,134.586,2.967,AFP
KIC_8488876,8488876,3,0,5.8023,136.448,12.34,AFP
KIC_8488876,8488876,4,0,5.80193,137.416,8.113,AFP
KIC_8488878,8488878,1,0,5.80188,136.982,4.048,AFP
KIC_8505920,8505920,1,1,42.4276,156.158,5.794,PC
KIC_8505920,8505920,2,1,198.681,270.666,8.283,PC
KIC_8506388,8506388,1,0,0.717577,131.975,1.997,AFP
KIC_8523595,8523595,2,0,2.04988,132.742,4.577,AFP
KIC_8552719,8552719,3,0,1.54623,132.485,5.543,AFP
KIC_8552907,8552907,1,0,0.788594,132.182,2.709,AFP
KIC_8552907,8552907,2,0,0.788637,131.759,2.505,AFP
KIC_8564674,8564674,2,1,12.2476,138.221,3.35,PC
KIC_8564695,8564695,1,0,0.847721,131.776,3.323,NTP
KIC_8564976,8564976,1,0,152.826,197.413,22.55,AFP
KIC_8565229,8565229,1,0,0.602543,131.622,1.694,NTP
KIC_8580028,8580028,4,0,3.71766,132.694,6.582,AFP
KIC_8580228,8580228,1,0,1.03075,132.381,2.492,AFP
KIC_8580228,8580228,2,0,1.03074,131.87,2.851,AFP
KIC_8609193,8609193,1,0,1.98955,132.844,7.404,AFP
KIC_8609193,8609193,2,0,1.98998,132.466,6.78,AFP
KIC_8609450,8609450,1,1,44.3472,161.318,6.466,PC
KIC_8628761,8628761,1,1,6.30417,137.312,2.266,PC
KIC_8628973,8628973,1,1,3.31494,131.535,1.693,PC
KIC_8630254,8630254,1,0,0.502828,131.697,1.328,AFP
KIC_8647299,8647299,2,0,0.687925,131.845,1.992,AFP
KIC_8647299,8647299,3,0,0.68793,131.661,1.45,AFP
KIC_8647753,8647753,1,0,1.18113,132.464,1.115,AFP
KIC_8647753,8647753,2,0,1.18074,131.945,2.784,AFP
KIC_8676148,8676148,1,1,28.6256,158.114,4.602,PC
KIC_8677034,8677034,1,0,1.255,131.882,3.585,NTP
KIC_8677034,8677034,2,0,4.14723,134.35,12.49,NTP
KIC_8700895,8700895,1,1,5.68252,131.669,3.799,PC
KIC_8701099,8701099,1,0,5.77371,134.817,8.411,AFP
KIC_8701099,8701099,2,0,5.77325,131.521,12.0,AFP
KIC_8701099,8701099,3,0,2.88691,133.381,6.995,NTP
KIC_8701124,8701124,1,0,4.72297,136.203,12.32,AFP
KIC_8718465,8718465,1,0,1.24297,132.154,3.881,NTP
KIC_8718678,8718678,1,0,0.793091,131.782,3.231,AFP
KIC_8718678,8718678,2,0,0.793108,132.146,3.124,AFP
KIC_8719324,8719324,1,0,10.2327,139.584,1.547,AFP
KIC_8751056,8751056,1,0,3.96407,133.436,8.988,AFP
KIC_8751056,8751056,2,0,3.96368,132.167,12.85,AFP
KIC_8751056,8751056,3,0,3.9642,134.688,11.11,AFP
KIC_8751770,8751770,1,0,4.49363,133.231,14.12,NTP
KIC_8773445,8773445,1,0,3.66066,133.495,5.11,AFP
KIC_8773445,8773445,2,0,3.66088,132.809,2.728,AFP
KIC_8806072,8806072,1,1,40.0587,169.912,5.265,PC
KIC_8806123,8806123,1,1,49.4114,148.826,5.268,PC
KIC_8806123,8806123,2,1,36.8567,138.91,7.498,PC
KIC_8806985,8806985,1,1,7.53735,135.809,3.938,PC
KIC_8827407,8827407,1,0,1.02143,132.62,2.381,AFP
KIC_8827407,8827407,2,0,1.02152,132.039,3.903,AFP
KIC_8827505,8827505,1,0,442.225,528.08,8.99,NTP
KIC_8490255,8490255,1,0,2.22228,133.386,3.933,AFP
KIC_8490255,8490255,2,0,2.22228,132.521,3.339,AFP
KIC_8506388,8506388,2,0,0.717564,131.761,2.215,AFP
KIC_8506388,8506388,3,0,0.717577,131.511,2.48,AFP
KIC_8506766,8506766,1,1,48.9379,140.767,6.568,PC
KIC_8523595,8523595,3,0,2.04998,133.398,7.5,AFP
KIC_8523871,8523871,1,0,0.72166,131.66,2.457,AFP
KIC_8523871,8523871,2,0,0.721665,132.134,2.116,AFP
KIC_8523871,8523871,3,0,0.815771,131.863,3.0,NTP
KIC_8524110,8524110,1,0,0.7971,131.864,6.084,AFP
KIC_8553907,8553907,1,0,42.0329,133.561,7.5,AFP
KIC_8553907,8553907,2,0,42.0317,166.926,5.0,AFP
KIC_8565266,8565266,1,1,6.41249,137.819,5.105,PC
KIC_8580438,8580438,1,0,6.49603,135.469,5.251,AFP
KIC_8580438,8580438,2,0,6.49603,132.229,5.019,AFP
KIC_8581232,8581232,1,0,4.01253,134.653,2.027,AFP
KIC_8609450,8609450,2,1,24.8058,145.072,6.208,PC
KIC_8609450,8609450,3,1,13.6398,141.728,5.901,PC
KIC_8609450,8609450,4,1,9.2208,138.004,4.906,PC
KIC_8610168,8610168,1,0,371.693,356.021,2.484,NTP
KIC_8610483,8610483,1,0,48.7996,160.189,5.0,AFP
KIC_8630254,8630254,2,0,0.502828,131.528,1.426,AFP
KIC_8630788,8630788,1,1,36.3374,160.399,6.992,PC
KIC_8630788,8630788,2,1,14.6463,136.514,5.514,PC
KIC_8647777,8647777,1,0,0.555498,131.83,1.712,AFP
KIC_8647777,8647777,2,0,0.555526,131.548,1.839,AFP
KIC_8648866,8648866,1,0,1.02276,132.468,3.205,AFP
KIC_8648866,8648866,2,0,1.02273,131.977,2.018,AFP
KIC_8678594,8678594,1,1,133.461,216.044,11.63,PC
KIC_8678594,8678594,2,1,15.1942,142.739,2.922,PC
KIC_8678664,8678664,1,1,15.4204,133.517,2.373,PC
KIC_8680979,8680979,1,1,15.9555,143.301,4.042,PC
KIC_8701124,8701124,2,0,4.7224,135.143,10.34,AFP
KIC_8701276,8701276,1,0,459.185,260.44,1.496,NTP
KIC_8719324,8719324,2,0,10.2329,139.87,4.812,AFP
KIC_8719324,8719324,3,0,10.2328,139.318,5.913,AFP
KIC_8719419,8719419,1,0,12.6253,140.061,3.116,AFP
KIC_8751796,8751796,1,1,4.45341,133.098,3.719,PC
KIC_8751933,8751933,1,1,86.6477,173.794,4.285,PC
KIC_8752359,8752359,1,0,2.44775,133.787,8.682,NTP
KIC_8773869,8773869,1,0,1.57633,133.052,2.292,AFP
KIC_8773948,8773948,1,0,33.4695,154.008,11.9,AFP
KIC_8773948,8773948,2,0,33.4695,136.873,18.92,AFP
KIC_8773961,8773961,1,0,0.980651,131.86,3.1,NTP
KIC_8811490,8811490,1,1,21.7419,148.98,9.934,PC
KIC_8812045,8812045,1,1,32.7104,136.011,10.89,PC
KIC_8827572,8827572,2,0,2.69626,133.323,8.05,AFP
KIC_8827572,8827572,3,0,2.69642,131.897,8.165,AFP
KIC_8827575,8827575,1,1,10.1296,135.998,3.327,PC
KIC_8490993,8490993,1,1,4.0936,134.163,2.349,PC
KIC_8490993,8490993,2,1,105.146,178.369,6.859,PC
KIC_8491152,8491152,1,0,1.60534,132.982,5.778,NTP
KIC_8491152,8491152,2,0,379.736,442.332,12.28,NTP
KIC_8507040,8507040,1,0,0.588569,131.538,1.716,NTP
KIC_8507073,8507073,1,0,209.063,300.827,6.0,AFP
KIC_8507325,8507325,2,0,0.764082,131.693,1.996,AFP
KIC_8507325,8507325,3,0,0.764101,132.059,1.729,AFP
KIC_8524346,8524346,1,0,4.46974,133.007,4.544,AFP
KIC_8524464,8524464,1,0,0.518839,131.797,2.055,AFP
KIC_8524464,8524464,2,0,0.518771,131.63,1.5,AFP
KIC_8524464,8524464,3,0,0.518768,131.808,1.5,AFP
KIC_8554498,8554498,1,1,4.78034,132.973,1.629,PC
KIC_8554701,8554701,1,1,31.175,159.099,3.877,PC
KIC_8555360,8555360,1,0,459.237,260.326,1.544,NTP
KIC_8566113,8566113,2,0,1.3714,131.903,3.465,NTP
KIC_8581232,8581232,2,0,4.01254,132.063,2.769,AFP
KIC_8581240,8581240,1,1,10.768,138.507,3.512,PC
KIC_8581240,8581240,2,1,4.3286,132.503,2.995,PC
KIC_8581658,8581658,1,0,3.48163,134.188,2.5,AFP
KIC_8610483,8610483,2,0,48.7993,146.114,16.47,AFP
KIC_8610483,8610483,3,0,48.7993,160.52,15.0,AFP
KIC_8611257,8611257,1,1,99.2521,148.539,5.851,PC
KIC_8611781,8611781,1,1,76.9576,192.332,9.438,PC
KIC_8630788,8630788,3,1,148.274,138.0,5.648,PC
KIC_8631160,8631160,1,1,162.052,278.886,9.85,PC
KIC_8631504,8631504,1,1,14.82,133.4,3.739,PC
KIC_8631751,8631751,1,1,1.53052,131.865,0.5702,PC
KIC_8650155,8650155,1,0,1.31995,131.52,3.692,AFP
KIC_8680979,8680979,2,1,8.25979,137.469,3.269,PC
KIC_8681734,8681734,1,1,7.68474,137.645,2.656,PC
KIC_8681833,8681833,1,1,1.31157,131.531,2.017,PC
KIC_8682015,8682015,1,0,459.254,260.346,2.267,NTP
KIC_8733497,8733497,1,0,76.8199,188.126,5.157,AFP
KIC_8733898,8733898,1,1,1.56541,132.914,0.8573,PC
KIC_8733898,8733898,2,1,5.14889,133.327,0.967,PC
KIC_8733898,8733898,3,1,3.03619,134.066,1.089,PC
KIC_8752493,8752493,1,0,3.26438,132.331,11.7,AFP
KIC_8752493,8752493,2,0,3.26468,134.418,10.9,AFP
KIC_8812627,8812627,1,0,0.974071,131.901,2.611,AFP
KIC_8812627,8812627,2,0,0.971342,131.879,2.434,AFP
KIC_8812627,8812627,3,0,0.970859,131.649,1.644,AFP
KIC_8827575,8827575,2,1,15.6112,144.872,3.713,PC
KIC_8827821,8827821,1,0,1.32217,132.385,3.727,NTP
KIC_8827821,8827821,2,0,1.21097,132.16,1.414,AFP
KIC_8827821,8827821,3,0,1.21103,132.061,3.98,AFP
KIC_8491277,8491277,1,1,9.61374,132.186,4.559,PC
KIC_8491745,8491745,1,0,111.32,226.649,22.99,AFP
KIC_8491745,8491745,2,0,111.32,181.817,22.73,AFP
KIC_8507475,8507475,1,1,3.58273,134.952,1.591,PC
KIC_8508126,8508126,1,0,0.980487,131.617,1.023,AFP
KIC_8508126,8508126,2,0,0.98048,132.109,1.029,AFP
KIC_8524481,8524481,1,0,0.784283,132.205,2.56,AFP
KIC_8524481,8524481,2,0,0.784299,131.799,3.55,AFP
KIC_8524712,8524712,1,0,1.62004,132.035,5.814,AFP
KIC_8556061,8556061,1,0,1.08066,132.111,2.537,NTP
KIC_8556077,8556077,1,0,3.63574,134.608,2.136,AFP
KIC_8566353,8566353,1,0,2.12096,132.338,7.459,NTP
KIC_8581658,8581658,2,0,3.48166,132.443,4.653,AFP
KIC_8582291,8582291,1,0,2.46818,132.06,3.269,AFP
KIC_8611832,8611832,1,1,22.5966,140.435,6.414,PC
KIC_8611832,8611832,2,1,45.3489,142.248,4.758,PC
KIC_8612275,8612275,1,1,3.28973,131.755,2.322,PC
KIC_8612275,8612275,2,1,7.18642,136.626,1.362,PC
KIC_8635938,8635938,1,0,43.7982,172.598,4.386,AFP
KIC_8636333,8636333,1,1,82.1772,197.19,8.993,PC
KIC_8636434,8636434,1,1,308.546,296.068,18.5,PC
KIC_8636539,8636539,1,1,6.77358,138.093,3.747,PC
KIC_8650155,8650155,2,0,1.31973,132.76,3.157,AFP
KIC_8650155,8650155,3,0,1.27131,132.158,4.38,NTP
KIC_8650819,8650819,1,0,0.637374,131.814,1.5,AFP
KIC_8650819,8650819,2,0,0.637362,131.661,1.434,AFP
KIC_8682094,8682094,1,0,359.825,284.527,5.223,NTP
KIC_8682555,8682555,1,0,0.586169,131.549,2.198,AFP
KIC_8682555,8682555,2,0,0.586167,131.856,2.154,AFP
KIC_8702921,8702921,1,0,19.3845,137.214,20.47,AFP
KIC_8702921,8702921,2,0,19.3826,145.658,15.26,AFP
KIC_8703129,8703129,1,1,253.376,235.738,23.03,PC
KIC_8737501,8737501,1,0,0.540691,131.575,1.908,NTP
KIC_8738115,8738115,1,0,37.594,168.579,8.883,AFP
KIC_8738115,8738115,2,0,37.594,139.29,2.898,AFP
KIC_8752817,8752817,1,0,2.17605,132.366,7.754,AFP
KIC_8752817,8752817,2,0,2.17626,133.386,10.95,AFP
KIC_8777524,8777524,1,0,2.65834,133.546,10.35,NTP
KIC_8777609,8777609,2,0,0.652239,132.051,1.977,AFP
KIC_8777609,8777609,3,0,0.65223,131.738,2.105,AFP
KIC_8813698,8813698,1,1,268.941,360.071,5.484,PC
KIC_8827930,8827930,1,1,288.312,374.8,5.49,PC
KIC_8827961,8827961,1,0,448.7,334.622,19.87,NTP
KIC_8832417,8832417,1,0,0.842782,131.786,2.15,NTP
KIC_8491816,8491816,2,0,2.40657,132.052,5.725,NTP
KIC_8491816,8491816,3,0,2.06857,132.314,7.865,NTP
KIC_8508981,8508981,1,0,2.07589,132.731,2.869,AFP
KIC_8508981,8508981,2,0,2.07602,131.755,2.185,AFP
KIC_8509346,8509346,1,0,6.09903,135.522,4.775,AFP
KIC_8509346,8509346,2,0,6.09903,132.504,4.574,AFP
KIC_8524712,8524712,2,0,1.6201,132.799,6.017,AFP
KIC_8524728,8524728,1,0,0.535246,131.975,2.566,NTP
KIC_8525214,8525214,1,0,0.562844,131.862,0.8808,AFP
KIC_8556233,8556233,2,0,0.717815,131.942,1.5,AFP
KIC_8556233,8556233,3,0,0.71781,132.172,2.274,AFP
KIC_8557374,8557374,1,1,2.46233,132.448,1.819,PC
KIC_8557374,8557374,2,1,4.82298,134.435,0.8561,PC
KIC_8569986,8569986,1,0,3.13316,134.027,3.386,NTP
KIC_8570117,8570117,1,0,0.748801,132.208,1.74,AFP
KIC_8583696,8583696,1,1,50.2863,167.633,6.389,PC
KIC_8583770,8583770,1,0,0.690425,131.609,1.394,AFP
KIC_8612847,8612847,1,1,14.1317,142.262,3.805,PC
KIC_8613535,8613535,1,1,29.9686,147.859,6.719,PC
KIC_8636600,8636600,1,1,6.38668,131.533,1.216,PC
KIC_8638036,8638036,1,0,459.272,260.28,2.044,NTP
KIC_8639063,8639063,1,0,1.77095,132.293,3.644,AFP
KIC_8650819,8650819,3,0,0.637374,131.973,1.5,AFP
KIC_8650819,8650819,4,0,1.33987,131.695,3.5,NTP
KIC_8651389,8651389,1,1,15.1359,146.584,2.116,PC
KIC_8651452,8651452,1,0,0.540415,131.6,1.828,AFP
KIC_8684730,8684730,1,1,46.1509,176.629,6.359,PC
KIC_8685497,8685497,1,1,4.40967,132.448,2.016,PC
KIC_8686097,8686097,1,1,172.705,236.922,11.58,PC
KIC_8703413,8703413,1,0,6.52642,133.335,14.0,AFP
KIC_8703413,8703413,2,0,6.52649,135.433,15.73,AFP
KIC_8703884,8703884,1,0,14.171,133.093,3.682,AFP
KIC_8703887,8703887,1,0,14.171,133.095,3.805,AFP
KIC_8738244,8738244,1,0,0.683562,131.75,1.962,AFP
KIC_8738244,8738244,2,0,0.684562,132.094,4.662,AFP
KIC_8738591,8738591,1,0,1.73091,133.212,4.845,NTP
KIC_8752940,8752940,1,1,9.0783,138.258,0.593,PC
KIC_8753023,8753023,1,0,7.78038,133.173,12.28,NTP
KIC_8753657,8753657,1,1,2.42629,131.637,2.506,PC
KIC_8753657,8753657,2,1,4.62333,132.373,2.962,PC
KIC_8777843,8777843,1,0,0.85424,132.254,2.84,NTP
KIC_8777843,8777843,2,0,0.778491,131.823,2.577,AFP
KIC_8777843,8777843,3,0,0.778501,132.219,2.5,AFP
KIC_8779047,8779047,1,0,2.20422,131.615,3.754,AFP
KIC_8779047,8779047,2,0,2.20434,132.23,4.727,AFP
KIC_8816310,8816310,1,0,1.77852,133.056,3.937,NTP
KIC_8816310,8816310,2,0,0.889185,131.897,2.819,AFP
KIC_8816310,8816310,3,0,0.889282,131.575,2.927,AFP
KIC_8816832,8816832,1,0,309.896,427.211,9.538,NTP
KIC_8832512,8832512,1,1,9.97682,131.768,3.468,PC
KIC_8836888,8836888,1,1,7.10395,136.334,1.652,PC
KIC_8492026,8492026,1,1,4.30657,132.44,3.863,PC
KIC_8492101,8492101,1,0,4.05932,133.213,3.13,AFP
KIC_8493159,8493159,1,0,0.69699,131.57,1.566,AFP
KIC_8493159,8493159,2,0,0.696981,131.908,2.556,AFP
KIC_8509361,8509361,1,0,6.09905,135.519,3.673,AFP
KIC_8509442,8509442,1,1,82.6589,152.678,3.407,PC
KIC_8525214,8525214,2,0,0.560089,131.645,4.009,AFP
KIC_8557474,8557474,1,0,2.37944,131.934,5.309,AFP
KIC_8557474,8557474,2,0,2.37953,132.447,6.393,AFP
KIC_8558011,8558011,1,1,39.6767,138.882,5.071,PC
KIC_8570117,8570117,2,0,0.748419,132.065,2.08,AFP
KIC_8570117,8570117,3,0,0.748508,131.521,2.502,AFP
KIC_8570333,8570333,1,1,84.5738,150.144,5.61,PC
KIC_8583770,8583770,2,0,0.690417,131.723,1.897,AFP
KIC_8585472,8585472,1,0,0.740688,132.228,2.65,AFP
KIC_8613535,8613535,2,1,9.47854,140.165,6.182,PC
KIC_8613594,8613594,1,0,1.18824,132.332,3.951,NTP
KIC_8613594,8613594,2,0,2.3764,132.942,4.395,NTP
KIC_8639063,8639063,2,0,1.77096,132.96,3.633,AFP
KIC_8639063,8639063,3,0,5.33252,136.333,12.86,NTP
KIC_8639063,8639063,4,0,10.6678,139.045,8.854,AFP
KIC_8639063,8639063,5,0,10.6655,138.963,32.05,AFP
KIC_8651452,8651452,2,0,0.540592,131.531,1.38,AFP
KIC_8651452,8651452,3,0,0.54027,131.586,1.5,AFP
KIC_8651551,8651551,1,0,1.52745,132.277,2.678,AFP
KIC_8652213,8652213,1,0,0.504055,131.98,1.106,AFP
KIC_8686150,8686150,1,0,51.426,173.536,16.93,AFP
KIC_8686150,8686150,2,0,51.4258,156.188,7.145,AFP
KIC_8686373,8686373,1,1,126.558,145.686,6.428,PC
KIC_8703887,8703887,2,0,14.1711,132.136,17.37,AFP
KIC_8703887,8703887,3,0,14.1705,133.197,22.02,AFP
KIC_8703887,8703887,4,0,0.833508,132.362,2.974,AFP
KIC_8738735,8738735,1,1,15.6606,146.348,6.986,PC
KIC_8738735,8738735,2,1,28.7799,135.738,8.118,PC
KIC_8738775,8738775,1,1,48.0523,140.49,7.361,PC
KIC_8753896,8753896,1,1,3.24412,132.954,1.814,PC
KIC_8753896,8753896,2,1,14.5123,143.828,3.854,PC
KIC_8779891,8779891,1,0,1.01017,131.889,2.965,NTP
KIC_8816881,8816881,1,0,2.64352,132.442,12.72,NTP
KIC_8817159,8817159,1,0,1.05303,132.219,3.355,NTP
KIC_8837839,8837839,1,0,0.803658,131.779,3.158,NTP
KIC_8838950,8838950,1,1,2.27049,133.549,1.984,PC
KIC_8839947,8839947,1,0,476.208,326.139,5.542,NTP
KIC_8493354,8493354,1,1,18.0072,138.314,5.455,PC
KIC_8494142,8494142,1,1,42.8825,160.765,9.912,PC
KIC_8494142,8494142,2,1,22.9507,151.531,4.47,PC
KIC_8509694,8509694,1,0,1.84782,132.601,1.205,AFP
KIC_8509694,8509694,2,0,1.84783,131.598,1.101,AFP
KIC_8526451,8526451,2,0,0.682796,131.834,2.5,AFP
KIC_8526451,8526451,3,0,0.682804,132.167,2.883,AFP
KIC_8527297,8527297,1,0,0.782212,131.811,1.085,NTP
KIC_8558011,8558011,2,1,0.638144,131.764,1.282,PC
KIC_8559146,8559146,1,0,1.35681,132.13,4.204,AFP
KIC_8559146,8559146,2,0,1.35704,132.658,3.732,AFP
KIC_8571125,8571125,1,0,0.695976,131.89,1.999,NTP
KIC_8571795,8571795,1,0,0.778128,131.627,2.387,AFP
KIC_8585472,8585472,3,0,0.740751,131.821,2.337,AFP
KIC_8586745,8586745,1,0,1.43958,132.174,4.175,NTP
KIC_8616637,8616637,1,1,2.02,131.691,1.846,PC
KIC_8616637,8616637,2,1,3.76305,132.591,1.562,PC
KIC_8616873,8616873,1,0,0.576076,131.805,1.5,AFP
KIC_8617363,8617363,1,1,19.9475,144.249,1.622,PC
KIC_8639908,8639908,1,1,0.910045,131.981,1.546,PC
KIC_8652213,8652213,2,0,0.504052,131.721,1.82,AFP
KIC_8652360,8652360,1,0,0.968046,131.98,1.29,AFP
KIC_8652360,8652360,2,0,0.968086,132.441,1.519,AFP
KIC_8652577,8652577,1,0,358.819,416.577,2.614,AFP
KIC_8686975,8686975,1,0,0.648337,131.658,2.075,AFP
KIC_8686975,8686975,2,0,0.648367,132.081,1.506,AFP
KIC_8686975,8686975,3,0,0.648343,131.88,2.0,AFP
KIC_8687088,8687088,1,0,0.905028,132.219,1.41,AFP
KIC_8687088,8687088,2,0,0.905873,131.621,1.458,AFP
KIC_8703887,8703887,5,0,0.833626,131.851,2.985,AFP
KIC_8707639,8707639,1,0,7.78398,133.121,12.36,NTP
KIC_8707670,8707670,1,0,2.40587,133.372,6.79,AFP
KIC_8740898,8740898,1,0,3.54452,134.186,3.316,AFP
KIC_8754603,8754603,2,0,1.48183,132.969,1.897,AFP
KIC_8754603,8754603,3,0,1.4835,132.85,2.401,AFP
KIC_8754603,8754603,4,0,1.48135,132.947,1.565,AFP
KIC_8780959,8780959,1,0,2.61728,132.393,6.211,AFP
KIC_8780959,8780959,2,1,5.11176,133.759,2.694,PC
KIC_8780959,8780959,3,1,9.63107,132.726,4.554,PC
KIC_8780959,8780959,4,1,18.5784,141.837,3.812,PC
KIC_8817759,8817759,1,0,3.2639,133.454,3.476,AFP
KIC_8817929,8817929,1,0,1.08809,132.384,4.121,AFP
KIC_8818050,8818050,1,0,0.544008,131.776,1.824,AFP
KIC_8840004,8840004,1,0,340.183,268.168,9.987,NTP
KIC_8840083,8840083,1,0,5.16736,133.038,7.069,AFP
KIC_8840083,8840083,2,0,5.16631,132.246,9.905,AFP
KIC_8840083,8840083,3,0,5.16803,134.145,11.68,AFP
KIC_8494263,8494263,1,1,78.9257,192.598,7.57,PC
KIC_8494410,8494410,1,1,208.869,273.692,4.561,PC
KIC_8494410,8494410,2,1,7.25933,131.71,6.196,PC
KIC_8509781,8509781,1,0,70.3359,198.947,4.64,AFP
KIC_8510314,8510314,1,0,658.512,185.882,12.11,NTP
KIC_8539939,8539939,1,0,1.66196,132.159,2.611,AFP
KIC_8539939,8539939,2,0,1.66207,132.529,2.496,AFP
KIC_8539939,8539939,3,0,1.66193,132.945,3.286,AFP
KIC_8559152,8559152,1,1,12.4128,140.355,4.505,PC
KIC_8559589,8559589,1,0,223.112,140.949,9.012,AFP
KIC_8559589,8559589,2,0,223.113,229.264,11.82,AFP
KIC_8571795,8571795,2,0,0.778129,132.039,2.204,AFP
KIC_8571822,8571822,1,0,2.24455,132.262,7.079,NTP
KIC_8572168,8572168,1,0,1.66269,132.453,2.188,AFP
KIC_8572324,8572324,1,0,2.76577,131.974,7.546,AFP
KIC_8586760,8586760,1,0,0.949748,132.292,6.623,NTP
KIC_8588031,8588031,1,0,1.12953,132.201,3.713,AFP
KIC_8588031,8588031,2,0,1.12956,132.56,3.127,AFP
KIC_8588031,8588031,3,0,1.12952,131.827,2.369,AFP
KIC_8618728,8618728,1,0,0.608349,131.942,2.0,AFP
KIC_8619436,8619436,1,0,3.13314,132.897,6.773,NTP
KIC_8619448,8619448,1,0,3.1332,132.862,8.873,AFP
KIC_8619448,8619448,2,0,3.1338,134.123,10.98,AFP
KIC_8643851,8643851,1,0,5.53711,131.718,9.705,AFP
KIC_8643851,8643851,3,0,5.53615,132.914,4.736,AFP
KIC_8652939,8652939,1,0,1.74289,132.435,4.073,AFP
KIC_8652939,8652939,2,0,1.7428,132.98,3.37,AFP
KIC_8652999,8652999,1,0,15.1603,136.552,6.492,AFP
KIC_8689031,8689031,1,1,21.8046,146.886,3.244,PC
KIC_8689373,8689373,1,1,18.1199,146.378,4.361,PC
KIC_8689373,8689373,2,1,10.282,134.212,3.479,PC
KIC_8689373,8689373,3,1,3.78401,133.283,2.02,PC
KIC_8707670,8707670,2,0,2.40781,133.006,16.63,AFP
KIC_8709688,8709688,1,1,4.17938,133.848,2.486,PC
KIC_8740898,8740898,2,0,3.54459,134.417,1.495,AFP
KIC_8740898,8740898,3,0,3.54449,132.33,2.624,AFP
KIC_8757824,8757824,1,1,3.65691,134.953,2.052,PC
KIC_8757910,8757910,1,0,1.30999,131.869,0.9405,AFP
KIC_8780968,8780968,1,0,2.61732,132.373,6.0,AFP
KIC_8782002,8782002,1,0,2.90969,133.435,8.356,AFP
KIC_8818095,8818095,1,0,0.544017,131.84,1.785,AFP
KIC_8818497,8818497,1,0,3.26654,134.244,4.623,AFP
KIC_8818497,8818497,2,0,3.26648,134.645,3.116,AFP
KIC_8818497,8818497,3,0,1.63334,132.131,4.481,NTP
KIC_8840083,8840083,4,0,2.58262,132.841,6.989,NTP
KIC_8840117,8840117,1,0,1.70254,132.524,3.109,AFP
KIC_8840117,8840117,2,0,1.70285,132.122,3.248,AFP
KIC_8494542,8494542,1,1,10.8606,136.658,2.278,PC
KIC_8494617,8494617,1,1,22.9221,133.669,8.211,PC
KIC_8494783,8494783,1,0,5.53924,134.282,7.918,AFP
KIC_8510534,8510534,1,0,0.604156,132.032,1.961,AFP
KIC_8510534,8510534,2,0,0.604156,131.641,1.835,AFP
KIC_8516008,8516008,1,0,0.520959,131.55,0.9536,AFP
KIC_8542993,8542993,1,0,1.1994,131.561,5.047,AFP
KIC_8542993,8542993,2,0,1.19951,132.073,5.176,AFP
KIC_8543100,8543100,1,1,7.56054,134.478,3.806,PC
KIC_8543102,8543102,1,0,459.291,260.286,3.485,NTP
KIC_8559644,8559644,1,1,224.78,142.099,10.91,PC
KIC_8559644,8559644,2,1,3.34181,134.67,2.93,PC
KIC_8572324,8572324,2,0,2.76614,133.239,10.57,AFP
KIC_8572936,8572936,1,0,27.796,136.17,10.5,AFP
KIC_8572936,8572936,2,0,27.7959,146.72,3.0,AFP
KIC_8572936,8572936,3,0,27.7951,146.53,15.0,AFP
KIC_8588377,8588377,1,0,0.99467,131.629,0.8578,AFP
KIC_8589526,8589526,1,0,4.25441,133.067,12.06,AFP
KIC_8589526,8589526,2,0,4.25447,131.595,14.65,AFP
KIC_8620402,8620402,1,1,14.1959,137.014,3.563,PC
KIC_8620561,8620561,1,0,0.782044,131.678,1.795,AFP
KIC_8620565,8620565,1,0,0.782044,131.676,0.8134,AFP
KIC_8620684,8620684,1,0,0.759069,131.796,2.97,NTP
KIC_8643880,8643880,1,0,1.94668,133.01,6.131,AFP
KIC_8643880,8643880,2,0,1.94702,131.922,8.41,AFP
KIC_8644288,8644288,1,1,14.8589,143.013,3.524,PC
KIC_8653100,8653100,1,0,0.620944,131.514,2.167,AFP
KIC_8653100,8653100,2,0,0.620929,131.85,2.42,AFP
KIC_8653134,8653134,1,1,5.34263,134.382,2.47,PC
KIC_8653183,8653183,1,0,1.55842,132.848,5.007,NTP
KIC_8689793,8689793,1,1,3.55484,131.806,2.214,PC
KIC_8690471,8690471,1,0,1.05911,131.76,3.486,NTP
KIC_8692861,8692861,1,1,13.7224,137.841,5.192,PC
KIC_8710207,8710207,1,0,3.92621,131.761,3.017,AFP
KIC_8710207,8710207,2,0,3.9261,131.535,4.063,AFP
KIC_8711548,8711548,1,0,18.7783,149.673,5.0,AFP
KIC_8711548,8711548,2,0,18.7782,142.165,10.46,AFP
KIC_8741367,8741367,1,1,0.988782,131.994,1.827,PC
KIC_8741470,8741470,1,1,6.2398,133.705,0.8076,PC
KIC_8742270,8742270,1,1,397.396,374.571,6.029,PC
KIC_8742590,8742590,1,1,49.4782,141.824,2.502,PC
KIC_8758136,8758136,1,0,0.998168,131.841,2.072,AFP
KIC_8758204,8758204,1,1,159.388,226.934,8.205,PC
KIC_8782002,8782002,2,0,2.9099,132.819,6.741,AFP
KIC_8782561,8782561,1,0,0.581442,132.027,1.496,AFP
KIC_8782561,8782561,2,0,0.581438,131.742,1.496,AFP
KIC_8819528,8819528,1,0,2.33415,133.379,5.047,AFP
KIC_8819528,8819528,2,0,2.33385,132.485,5.715,AFP
KIC_8841616,8841616,1,0,1.67958,131.561,5.799,AFP
KIC_8841616,8841616,2,0,1.67846,132.251,3.0,AFP
KIC_8494783,8494783,2,0,5.53863,133.428,8.635,AFP
KIC_8494783,8494783,3,0,5.53871,136.914,10.79,AFP
KIC_8494783,8494783,4,0,5.53875,132.459,12.59,AFP
KIC_8495232,8495232,1,0,9.63664,134.929,2.56,AFP
KIC_8516008,8516008,2,0,0.520962,131.692,0.8722,AFP
KIC_8516686,8516686,1,0,0.62326,131.692,2.055,AFP
KIC_8543279,8543279,1,0,7.5493,135.012,2.371,AFP
KIC_8543279,8543279,2,0,3.77464,135.076,2.167,AFP
KIC_8544992,8544992,1,1,3.17323,133.701,2.005,PC
KIC_8559863,8559863,1,0,22.4705,143.285,7.375,AFP
KIC_8559863,8559863,2,0,22.4705,131.551,7.43,AFP
KIC_8559962,8559962,1,0,459.234,260.381,2.893,NTP
KIC_8573168,8573168,1,0,0.896288,131.548,1.4,AFP
KIC_8573193,8573193,1,1,8.18508,134.556,4.333,PC
KIC_8573459,8573459,1,0,1.06203,132.587,2.302,AFP
KIC_8573459,8573459,2,0,1.06202,132.14,2.358,AFP
KIC_8284676,8284676,1,0,4.9908,136.233,9.628,NTP
KIC_8285254,8285254,1,0,7.53589,137.781,8.26,AFP
KIC_8285254,8285254,2,0,7.53591,134.014,6.0,AFP
KIC_8285787,8285787,1,0,459.324,260.2,3.631,NTP
KIC_8285970,8285970,1,0,0.561004,131.905,2.716,AFP
KIC_8312222,8312222,2,0,12.8233,143.037,6.689,AFP
KIC_8312852,8312852,1,0,7.44046,134.761,2.332,AFP
KIC_8313144,8313144,1,0,1.8506,133.079,2.216,NTP
KIC_8327660,8327660,1,0,43.439,152.299,15.71,NTP
KIC_8349582,8349582,1,1,11.523,131.971,4.031,PC
KIC_8351704,8351704,1,1,7.0971,136.346,2.095,PC
KIC_8351778,8351778,1,0,1.03044,131.533,3.467,AFP
KIC_8374580,8374580,1,0,176.243,192.504,5.063,AFP
KIC_8375132,8375132,1,0,505.963,400.835,1.944,NTP
KIC_8375665,8375665,1,0,383.652,511.289,2.024,NTP
KIC_8376471,8376471,1,0,0.518502,131.876,0.71,AFP
KIC_8389518,8389518,1,0,2.83954,133.22,7.836,AFP
KIC_8389518,8389518,2,0,2.83928,131.835,8.875,AFP
KIC_8389948,8389948,1,0,1.00595,132.479,2.544,AFP
KIC_8389948,8389948,2,0,1.00599,131.812,2.419,AFP
KIC_8410727,8410727,2,1,25.264,134.166,7.38,PC
KIC_8411693,8411693,1,0,0.5952,131.862,1.655,NTP
KIC_8411693,8411693,2,0,1.84772,132.042,5.998,NTP
KIC_8430053,8430053,1,1,15.9513,146.459,2.249,PC
KIC_8430105,8430105,1,0,63.3275,143.085,16.56,AFP
KIC_8430105,8430105,2,0,63.3273,144.204,15.58,AFP
KIC_8430105,8430105,3,0,63.3271,165.235,47.2,AFP
KIC_8453211,8453211,1,0,5.77673,131.547,6.419,AFP
KIC_8453214,8453214,1,0,5.77678,131.541,6.038,AFP
KIC_8479107,8479107,1,0,0.767575,131.817,1.426,NTP
KIC_8480235,8480235,1,0,578.625,336.812,11.51,NTP
KIC_8480263,8480263,1,0,5.2538,131.657,13.96,AFP
KIC_8190627,8190627,2,0,0.556209,131.872,2.446,AFP
KIC_8190872,8190872,1,0,0.550956,131.928,2.176,AFP
KIC_8190872,8190872,2,0,0.550974,131.646,2.281,AFP
KIC_8210018,8210018,1,1,132.998,258.381,7.59,PC
KIC_8212002,8212002,1,1,14.7969,142.729,5.256,PC
KIC_8233804,8233804,2,0,1.32709,132.519,2.533,AFP
KIC_8234889,8234889,1,0,411.33,409.012,5.659,NTP
KIC_8235853,8235853,1,0,2.59257,134.088,8.17,AFP
KIC_8248939,8248939,1,0,1.63344,132.864,2.205,AFP
KIC_8250824,8250824,1,0,1.37079,132.688,4.019,AFP
KIC_8262409,8262409,1,0,0.997253,132.044,2.238,AFP
KIC_8262409,8262409,2,0,0.997215,131.567,2.386,AFP
KIC_8264698,8264698,2,0,0.673485,131.535,2.287,AFP
KIC_8264706,8264706,1,0,2.13583,131.803,7.403,NTP
KIC_8264708,8264708,1,0,4.62835,132.533,12.22,AFP
KIC_8285970,8285970,2,0,0.562494,131.756,0.9476,AFP
KIC_8288248,8288248,1,0,1.01538,131.882,2.079,NTP
KIC_8288404,8288404,1,0,519.803,462.625,14.78,AFP
KIC_8288553,8288553,1,0,497.97,416.834,5.534,NTP
KIC_8313667,8313667,1,1,30.5872,132.294,7.299,PC
KIC_8314392,8314392,1,0,0.901454,132.248,2.035,AFP
KIC_8314392,8314392,2,0,0.901415,131.757,2.778,AFP
KIC_8329014,8329014,1,0,0.525458,132.054,1.446,AFP
KIC_8329014,8329014,2,0,0.525261,131.639,1.868,AFP
KIC_8329014,8329014,3,0,0.525228,131.988,2.0,AFP
KIC_8329062,8329062,1,0,2.36535,132.168,6.369,AFP
KIC_8351778,8351778,2,0,1.03044,131.88,3.661,AFP
KIC_8351778,8351778,3,0,1.03046,132.199,3.5,AFP
KIC_8352420,8352420,1,0,1.33456,131.771,4.906,NTP
KIC_8352420,8352420,2,0,2.66966,132.276,8.393,AFP
KIC_8376471,8376471,2,0,0.519001,131.605,1.27,AFP
KIC_8376471,8376471,3,0,0.518998,131.77,1.5,AFP
KIC_8376848,8376848,1,1,11.4929,133.303,7.636,PC
KIC_8377197,8377197,1,0,1.21519,132.718,1.425,AFP
KIC_8390631,8390631,1,0,0.505354,131.636,1.494,NTP
KIC_8390631,8390631,2,0,2.62286,132.682,8.875,NTP
KIC_8390631,8390631,3,0,103.617,146.048,8.194,NTP
KIC_8413996,8413996,1,0,1.63818,132.686,5.081,NTP
KIC_8414116,8414116,1,0,482.817,567.447,6.232,NTP
KIC_8414159,8414159,1,0,11.9312,142.845,3.5,AFP
KIC_8414159,8414159,2,0,11.9311,136.886,5.453,AFP
KIC_8430119,8430119,1,0,4.44324,133.828,5.766,AFP
KIC_8430119,8430119,2,0,4.44332,134.38,7.407,AFP
KIC_8430119,8430119,3,0,1.53856,131.991,4.937,NTP
KIC_8453431,8453431,1,0,1.18868,132.717,3.822,NTP
KIC_8453722,8453722,1,0,0.585979,131.699,2.096,NTP
KIC_8176564,8176564,1,1,6.57152,132.753,3.435,PC
KIC_8176650,8176650,1,0,15.8011,145.551,6.386,AFP
KIC_8212251,8212251,1,0,1.54873,131.937,4.87,AFP
KIC_8212251,8212251,2,0,1.54866,132.731,2.623,AFP
KIC_8213326,8213326,1,0,0.726275,132.007,1.295,AFP
KIC_8213326,8213326,2,0,0.726289,131.518,1.471,AFP
KIC_8235853,8235853,2,0,2.59245,132.896,7.471,AFP
KIC_8235924,8235924,1,1,0.587994,132.064,1.172,PC
KIC_8236479,8236479,1,0,0.912882,131.576,1.616,AFP
KIC_8236479,8236479,2,0,0.912907,131.999,1.75,AFP
KIC_8250824,8250824,2,0,1.37072,132.041,5.014,AFP
KIC_8254882,8254882,1,0,0.925648,132.119,1.633,AFP
KIC_8262436,8262436,1,0,2.03856,131.981,6.349,NTP
KIC_8262436,8262436,2,0,4.07635,135.211,6.998,NTP
KIC_8263545,8263545,1,1,4.44584,131.752,2.292,PC
KIC_8264708,8264708,2,0,4.62827,134.655,11.83,AFP
KIC_8264720,8264720,1,0,0.701852,131.878,2.418,NTP
KIC_8288947,8288947,1,1,3.75574,133.434,2.327,PC
KIC_8314392,8314392,3,0,0.901363,132.038,2.214,AFP
KIC_8314487,8314487,1,0,480.851,327.694,4.26,NTP
KIC_8314525,8314525,2,0,6.70807,135.134,13.25,AFP
KIC_8329062,8329062,2,0,2.36709,132.452,7.994,AFP
KIC_8329629,8329629,1,0,0.667772,132.047,2.5,NTP
KIC_8352420,8352420,3,0,2.66949,133.648,8.792,AFP
KIC_8352439,8352439,1,0,0.947328,132.4,3.617,NTP
KIC_8377201,8377201,1,0,4.13932,135.192,10.96,NTP
KIC_8377201,8377201,2,0,2.75894,132.834,9.67,NTP
KIC_8377511,8377511,1,0,1.49276,131.604,5.003,AFP
KIC_8391086,8391086,1,0,1.93235,132.108,4.34,AFP
KIC_8391086,8391086,2,0,1.93238,133.231,4.499,AFP
KIC_8414216,8414216,1,0,11.9313,142.831,3.666,AFP
KIC_8414492,8414492,1,0,438.336,301.751,17.49,NTP
KIC_8414716,8414716,1,1,5.39203,133.983,2.953,PC
KIC_8430964,8430964,1,1,2.98622,133.466,2.979,PC
KIC_8431006,8431006,1,0,0.996361,132.374,3.455,AFP
KIC_8431006,8431006,2,0,0.996266,131.657,3.228,AFP
KIC_8431006,8431006,3,0,0.996356,132.035,3.5,AFP
KIC_8453722,8453722,2,0,2.08194,132.107,10.22,NTP
KIC_8454250,8454250,1,0,5.0827,132.178,5.763,AFP
KIC_8176650,8176650,2,0,15.8012,139.246,4.526,AFP
KIC_8176653,8176653,1,0,2.86667,134.068,0.9259,AFP
KIC_8191602,8191602,2,0,22.2187,140.338,16.85,NTP
KIC_8216763,8216763,2,1,13.2971,136.568,2.846,PC
KIC_8217331,8217331,1,0,459.193,260.459,3.158,NTP
KIC_8240109,8240109,1,0,2.30119,132.192,4.082,AFP
KIC_8240109,8240109,2,0,2.30123,133.544,5.0,AFP
KIC_8240123,8240123,1,0,2.30116,132.202,3.318,AFP
KIC_8240797,8240797,1,1,4.91538,132.696,2.878,PC
KIC_8240797,8240797,2,1,13.0939,144.526,2.181,PC
KIC_8255058,8255058,1,0,6.2799,135.297,5.421,AFP
KIC_8255272,8255272,1,0,0.675566,131.915,1.421,AFP
KIC_8255272,8255272,2,0,0.675547,131.794,2.468,AFP
KIC_8263746,8263746,1,0,10.9937,138.813,3.5,AFP
KIC_8263746,8263746,3,0,10.994,138.884,30.55,AFP
KIC_8263746,8263746,4,0,10.994,133.387,6.0,AFP
KIC_8263752,8263752,1,0,10.9938,138.804,4.912,AFP
KIC_8264949,8264949,1,0,0.58857,131.897,2.0,AFP
KIC_8264949,8264949,2,0,0.58857,131.605,2.0,AFP
KIC_8265022,8265022,1,0,0.831098,132.027,2.569,AFP
KIC_8265022,8265022,2,0,0.831654,131.961,1.326,AFP
KIC_8292150,8292150,1,0,2.23789,133.556,5.294,AFP
KIC_8292150,8292150,2,0,2.23786,132.455,7.112,AFP
KIC_8292840,8292840,1,1,100.283,144.762,10.78,PC
KIC_8292840,8292840,2,1,10.4957,141.307,4.772,PC
KIC_8314525,8314525,3,0,6.70851,137.871,16.33,AFP
KIC_8314525,8314525,4,0,6.70885,133.826,14.75,AFP
KIC_8314525,8314525,5,0,6.70829,132.39,12.5,AFP
KIC_8314801,8314801,1,0,37.1832,158.646,14.25,AFP
KIC_8329728,8329728,1,0,9.84577,137.972,14.93,AFP
KIC_8329728,8329728,2,0,9.84668,134.076,15.34,AFP
KIC_8329728,8329728,3,0,9.84844,132.197,17.28,AFP
KIC_8352537,8352537,1,1,6.01038,132.012,2.188,PC
KIC_8355131,8355131,1,1,8.7276,139.707,1.259,PC
KIC_8355178,8355178,1,1,13.0328,133.68,3.137,PC
KIC_8377511,8377511,2,0,1.49278,132.115,3.669,AFP
KIC_8377511,8377511,3,0,1.49273,132.603,3.695,AFP
KIC_8378634,8378634,1,0,3.62943,134.702,4.552,AFP
KIC_8392519,8392519,1,0,2.28889,133.622,5.748,NTP
KIC_8394721,8394721,1,1,52.0907,158.745,8.726,PC
KIC_8394721,8394721,2,1,13.4846,136.62,5.395,PC
KIC_8431372,8431372,1,0,1.07612,132.119,3.432,NTP
KIC_8432040,8432040,1,0,5.32803,134.639,12.63,AFP
KIC_8432040,8432040,2,0,5.32803,132.822,14.26,AFP
KIC_8454250,8454250,2,0,1.12059,132.232,3.685,NTP
KIC_8454553,8454553,3,0,0.822533,132.077,1.708,AFP
KIC_8454553,8454553,4,0,0.824874,131.813,3.0,AFP
KIC_8177179,8177179,3,0,0.806942,132.261,2.668,AFP
KIC_8177179,8177179,4,0,0.80699,131.819,2.591,AFP
KIC_8191611,8191611,1,0,0.508113,131.616,0.9617,AFP
KIC_8191611,8191611,2,0,0.508119,131.779,0.8249,AFP
KIC_8191611,8191611,3,0,0.508119,131.948,1.5,AFP
KIC_8191672,8191672,1,1,3.54846,133.547,4.543,PC
KIC_8218274,8218274,1,0,1.18737,132.273,2.698,AFP
KIC_8218379,8218379,1,1,16.5711,133.904,2.928,PC
KIC_8218379,8218379,2,1,10.1384,137.716,3.952,PC
KIC_8240904,8240904,1,1,6.61834,135.346,3.713,PC
KIC_8240904,8240904,2,1,107.721,138.752,8.014,PC
KIC_8241079,8241079,1,1,10.9192,134.272,4.568,PC
KIC_8255272,8255272,3,0,0.675441,132.73,4.37,AFP
KIC_8255887,8255887,1,1,4.70833,133.78,3.175,PC
KIC_8263752,8263752,2,0,10.9938,133.252,3.906,AFP
KIC_8263970,8263970,1,0,0.589228,131.551,2.068,AFP
KIC_8263970,8263970,2,0,0.594884,132.065,1.986,AFP
KIC_8265068,8265068,1,0,2.02921,132.633,3.283,AFP
KIC_8265068,8265068,3,0,2.02998,131.524,9.256,AFP
KIC_8265126,8265126,1,0,0.62059,131.697,2.203,NTP
KIC_8292840,8292840,3,1,21.8697,140.295,5.437,PC
KIC_8293692,8293692,1,0,0.717719,131.783,2.079,AFP
KIC_8293692,8293692,2,0,0.717849,132.031,2.606,AFP
KIC_8314801,8314801,2,0,37.1833,148.964,13.67,AFP
KIC_8315394,8315394,1,0,0.971037,131.987,5.835,NTP
KIC_8316195,8316195,1,0,4.6019,134.976,13.94,AFP
KIC_8316195,8316195,2,0,4.60183,132.717,15.12,AFP
KIC_8330102,8330102,2,0,2.27959,131.647,8.157,AFP
KIC_8330102,8330102,3,0,2.27938,132.846,7.5,AFP
KIC_8355239,8355239,1,1,20.1349,151.232,3.726,PC
KIC_8355239,8355239,2,1,10.3999,141.51,3.348,PC
KIC_8356054,8356054,1,0,17.0813,142.513,2.0,AFP
KIC_8356054,8356054,2,0,17.0812,134.297,7.212,AFP
KIC_8378634,8378634,2,0,1.81486,132.895,4.233,AFP
KIC_8378922,8378922,1,0,43.264,150.364,7.5,AFP
KIC_8378922,8378922,2,0,43.2634,168.761,12.5,AFP
KIC_8394721,8394721,3,1,27.4023,133.628,7.195,PC
KIC_8394721,8394721,4,1,81.0628,139.544,3.216,PC
KIC_8394753,8394753,1,0,0.557657,131.819,1.725,AFP
KIC_8394753,8394753,2,0,0.557695,131.532,1.479,AFP
KIC_8414914,8414914,1,0,100.304,176.744,7.5,AFP
KIC_8414914,8414914,2,0,100.304,155.942,10.16,AFP
KIC_8432040,8432040,3,0,5.32765,136.483,11.47,AFP
KIC_8432959,8432959,1,0,0.515586,131.893,1.899,NTP
KIC_8455627,8455627,1,0,1.12491,132.467,4.614,NTP
KIC_8455848,8455848,1,0,1.00943,131.946,3.796,NTP
KIC_8455848,8455848,2,0,2.70451,131.838,8.961,NTP
KIC_8455998,8455998,1,0,0.651985,131.849,2.302,NTP
KIC_8177748,8177748,2,0,1.26756,132.53,2.398,NTP
KIC_8177748,8177748,3,0,5.07032,133.442,9.157,AFP
KIC_8177748,8177748,4,0,5.06916,136.249,15.26,AFP
KIC_8192427,8192427,1,0,4.38988,134.074,11.89,AFP
KIC_8192427,8192427,2,0,4.38968,135.6,11.42,AFP
KIC_8192427,8192427,3,0,4.38978,132.64,9.955,AFP
KIC_8218649,8218649,1,0,502.999,518.139,6.834,NTP
KIC_8218803,8218803,1,0,359.045,219.616,6.635,NTP
KIC_8219268,8219268,1,1,6.24675,136.379,10.43,PC
KIC_8219673,8219673,1,1,20.1315,149.128,3.249,PC
KIC_8242434,8242434,1,1,44.9641,144.56,5.105,PC
KIC_8242681,8242681,1,0,4.02063,133.638,4.278,AFP
KIC_8256044,8256044,1,0,16.3719,140.019,3.455,AFP
KIC_8256049,8256049,1,0,16.3719,140.018,2.952,AFP
KIC_8256453,8256453,1,1,1.34749,132.139,1.072,PC
KIC_8264037,8264037,1,0,0.663828,131.95,1.595,NTP
KIC_8264037,8264037,2,0,0.524761,131.509,3.914,NTP
KIC_8264070,8264070,1,0,2.8974,132.049,2.194,AFP
KIC_8265156,8265156,1,0,2.18237,132.792,3.177,NTP
KIC_8265156,8265156,2,0,0.978332,132.141,1.571,NTP
KIC_8294484,8294484,1,0,1.01268,132.467,2.828,AFP
KIC_8294484,8294484,2,0,1.01165,131.93,1.61,AFP
KIC_8295671,8295671,1,0,0.981377,132.136,0.8557,AFP
KIC_8316526,8316526,1,0,1.3551,132.418,2.701,NTP
KIC_8330207,8330207,1,1,1.63668,131.648,1.331,PC
KIC_8356054,8356054,3,0,16.8907,142.802,1.809,NTP
KIC_8356054,8356054,4,0,17.0813,142.354,12.5,AFP
KIC_8357961,8357961,1,0,0.544254,131.788,1.148,AFP
KIC_8357961,8357961,2,0,0.544251,132.037,1.977,AFP
KIC_8358008,8358008,1,0,10.0647,135.251,3.57,AFP
KIC_8379021,8379021,1,1,11.5249,134.08,1.24,PC
KIC_8379705,8379705,1,1,11.1298,138.569,2.794,PC
KIC_8379705,8379705,2,0,459.161,260.491,7.585,NTP
KIC_8394756,8394756,1,0,2.01548,132.751,5.908,AFP
KIC_8394756,8394756,2,0,2.01602,131.786,3.174,AFP
KIC_8395203,8395203,1,0,1.05715,131.867,4.732,NTP
KIC_8415200,8415200,1,1,4.52158,133.219,3.373,PC
KIC_8415745,8415745,1,0,31.8281,143.908,2.919,AFP
KIC_8415752,8415752,1,0,0.92948,131.674,6.074,NTP
KIC_8435232,8435232,1,0,99.1411,176.289,16.96,AFP
KIC_8435232,8435232,2,0,99.1426,178.145,18.28,AFP
KIC_8435232,8435232,3,0,198.284,324.911,12.57,AFP
KIC_8456679,8456679,1,1,1.73514,131.59,2.272,PC
KIC_8456679,8456679,2,1,4.06843,132.28,2.748,PC
KIC_8177798,8177798,1,0,1.4502,131.986,3.146,AFP
KIC_8178616,8178616,1,0,1.01882,132.11,1.359,AFP
KIC_8178778,8178778,1,0,0.957076,132.45,2.132,NTP
KIC_8192637,8192637,1,0,514.706,382.992,14.48,NTP
KIC_8192637,8192637,2,0,402.757,373.038,12.12,NTP
KIC_8192911,8192911,1,0,7.53881,135.342,3.127,AFP
KIC_8222627,8222627,1,1,1.12171,131.581,1.133,PC
KIC_8222690,8222690,1,0,2.49101,132.863,6.283,AFP
KIC_8222690,8222690,2,0,2.49098,131.926,5.684,AFP
KIC_8242681,8242681,2,0,4.02062,131.629,4.068,AFP
KIC_8243283,8243283,1,0,1.75929,132.067,2.123,AFP
KIC_8256478,8256478,1,0,0.745147,131.725,2.85,AFP
KIC_8256478,8256478,2,0,0.74523,132.036,1.918,AFP
KIC_8256643,8256643,1,0,0.692946,131.665,2.161,AFP
KIC_8256643,8256643,2,0,0.692948,132.009,1.92,AFP
KIC_8256643,8256643,3,0,0.581557,131.659,2.0,NTP
KIC_8264097,8264097,1,0,2.89743,132.041,3.49,AFP
KIC_8264287,8264287,1,0,0.854494,131.886,4.163,NTP
KIC_8264402,8264402,1,1,215.954,271.37,8.154,PC
KIC_8265204,8265204,1,0,1.24005,131.998,2.458,NTP
KIC_8265218,8265218,1,0,12.8299,144.285,3.276,AFP
KIC_8265244,8265244,1,0,0.555289,131.595,2.097,AFP
KIC_8265244,8265244,2,0,0.555302,131.875,2.427,AFP
KIC_8295671,8295671,2,0,0.981408,131.628,0.6267,AFP
KIC_8296467,8296467,1,0,10.3034,137.164,3.5,AFP
KIC_8296467,8296467,2,0,10.3033,133.308,2.5,AFP
KIC_8296467,8296467,3,0,30.9102,157.543,15.0,AFP
KIC_8296467,8296467,4,0,30.9102,147.238,15.0,AFP
KIC_8296467,8296467,5,0,30.9102,136.933,15.0,AFP
KIC_8321270,8321270,1,0,6.49645,137.809,18.47,AFP
KIC_8330548,8330548,1,0,0.957075,131.776,2.752,AFP
KIC_8330790,8330790,1,0,0.970211,131.534,2.777,NTP
KIC_8358008,8358008,2,0,10.0647,140.349,3.913,AFP
KIC_8358012,8358012,1,0,10.0649,135.238,2.613,AFP
KIC_8358253,8358253,1,0,3.12041,132.559,10.92,AFP
KIC_8358253,8358253,2,0,3.12,134.273,10.14,AFP
KIC_8379833,8379833,1,0,2.18589,133.168,2.486,AFP
KIC_8379833,8379833,2,0,2.18585,133.468,2.347,AFP
KIC_8395660,8395660,1,1,13.5708,136.28,3.197,PC
KIC_8395660,8395660,2,1,43.8443,151.937,6.744,PC
KIC_8395660,8395660,3,1,23.9802,147.538,4.637,PC
KIC_8395660,8395660,4,1,6.1649,135.64,3.158,PC
KIC_8415863,8415863,1,0,27.5338,147.241,3.968,AFP
KIC_8415863,8415863,2,0,27.5338,157.165,3.214,AFP
KIC_8435232,8435232,4,0,198.284,326.95,15.86,AFP
KIC_8439323,8439323,1,1,4.62604,134.68,0.7142,PC
KIC_8439566,8439566,1,0,1.00018,131.869,1.963,AFP
KIC_8439566,8439566,2,0,1.00026,132.443,2.208,AFP
KIC_8458207,8458207,1,0,3.53016,134.776,4.105,AFP
KIC_8458207,8458207,2,0,3.53016,133.011,3.817,AFP
KIC_8178778,8178778,2,0,8.61315,132.009,3.616,AFP
KIC_8178778,8178778,3,0,8.61338,132.97,3.235,AFP
KIC_8178825,8178825,1,0,473.05,232.369,15.02,NTP
KIC_8179190,8179190,1,0,0.662449,131.911,1.244,AFP
KIC_8193178,8193178,1,1,10.6403,137.214,5.561,PC
KIC_8193178,8193178,2,1,4.93885,135.956,4.411,PC
KIC_8193315,8193315,1,0,2.62387,134.005,4.521,AFP
KIC_8193315,8193315,2,0,2.62385,132.696,3.5,AFP
KIC_8222813,8222813,1,1,8.7042,139.954,2.975,PC
KIC_8222813,8222813,2,1,2.46699,132.899,1.67,PC
KIC_8223328,8223328,1,0,35.5162,165.93,2.492,AFP
KIC_8223328,8223328,2,0,35.5162,135.553,1.349,AFP
KIC_8243804,8243804,1,0,0.986146,131.872,2.009,AFP
KIC_8243804,8243804,2,0,0.986134,132.122,2.172,AFP
KIC_8244173,8244173,1,0,1.09206,132.105,1.5,AFP
KIC_8244190,8244190,1,0,1.09205,132.114,1.177,AFP
KIC_8244295,8244295,1,0,1.09204,132.108,2.417,AFP
KIC_8257115,8257115,1,0,0.995074,132.498,4.214,NTP
KIC_8257205,8257205,1,1,148.46,151.388,5.368,PC
KIC_8257205,8257205,2,1,7.12761,136.014,2.611,PC
KIC_8264404,8264404,1,0,0.526427,131.664,1.468,NTP
KIC_8265481,8265481,1,0,0.815517,131.669,3.926,NTP
KIC_8296467,8296467,6,0,10.3037,133.091,15.0,AFP
KIC_8297017,8297017,1,0,1.54752,132.469,3.454,AFP
KIC_8297017,8297017,3,0,1.54753,131.679,4.568,AFP
KIC_8321270,8321270,2,0,6.49819,133.538,17.36,AFP
KIC_8321314,8321314,1,1,15.0336,144.983,3.334,PC
KIC_8330790,8330790,2,0,0.731017,131.871,2.386,AFP
KIC_8330790,8330790,3,0,0.731079,132.231,3.034,AFP
KIC_8359498,8359498,1,1,3.57878,134.03,2.939,PC
KIC_8359671,8359671,1,0,0.517214,131.587,1.323,AFP
KIC_8359671,8359671,2,0,0.51722,131.754,1.353,AFP
KIC_8359671,8359671,3,0,0.517214,131.933,1.349,AFP
KIC_8379965,8379965,2,0,459.316,260.254,4.3,NTP
KIC_8380088,8380088,2,0,1.4608,132.042,3.508,AFP
KIC_8395860,8395860,1,0,20.8816,151.747,5.619,AFP
KIC_8396062,8396062,2,0,1.30581,131.655,2.0,AFP
KIC_8396062,8396062,3,0,1.30582,131.955,2.0,AFP
KIC_8416523,8416523,1,0,0.683677,131.666,0.7207,AFP
KIC_8416523,8416523,2,0,0.683683,132.003,0.6303,AFP
KIC_8416925,8416925,1,0,459.333,260.191,0.5992,NTP
KIC_8442040,8442040,1,0,0.869867,132.168,4.233,AFP
KIC_8442040,8442040,2,0,0.869867,131.726,3.031,AFP
KIC_8458662,8458662,1,0,3.76786,133.598,7.269,AFP
KIC_8458662,8458662,2,0,3.76834,131.743,9.659,AFP
KIC_8458690,8458690,1,0,0.501186,131.852,1.595,AFP
KIC_8179190,8179190,2,0,0.662441,131.588,1.246,AFP
KIC_8179325,8179325,1,0,3.1728,133.981,5.094,AFP
KIC_8179747,8179747,1,0,17.9463,136.947,8.213,AFP
KIC_8180020,8180020,1,0,5.80312,136.102,4.925,AFP
KIC_8193441,8193441,1,0,8.25682,131.652,14.81,AFP
KIC_8193441,8193441,2,0,8.25602,136.29,14.95,AFP
KIC_8193712,8193712,1,0,3.18498,134.234,5.682,NTP
KIC_8223568,8223568,1,0,2.02551,132.753,8.371,AFP
KIC_8223568,8223568,2,0,2.02553,133.487,4.881,AFP
KIC_8223655,8223655,1,0,280.16,286.94,2.728,AFP
KIC_8244755,8244755,1,0,1.14079,132.471,1.555,AFP
KIC_8244755,8244755,2,0,1.14029,132.564,1.5,AFP
KIC_8257407,8257407,1,0,89.6979,176.308,3.5,AFP
KIC_8258103,8258103,1,0,0.594131,132.004,2.193,NTP
KIC_8258160,8258160,1,0,23.6274,150.02,11.3,AFP
KIC_8264494,8264494,1,0,1.0415,131.897,1.214,AFP
KIC_8264494,8264494,2,0,1.04151,132.078,1.366,AFP
KIC_8265876,8265876,1,0,1.9082,132.581,5.402,AFP
KIC_8265876,8265876,2,0,1.90826,131.596,6.023,AFP
KIC_8265921,8265921,1,0,0.779907,132.198,2.675,AFP
KIC_8299332,8299332,1,0,0.587814,131.665,1.439,AFP
KIC_8299332,8299332,2,0,0.587784,131.792,2.492,AFP
KIC_8299332,8299332,3,0,0.587807,131.528,1.421,AFP
KIC_8299947,8299947,1,0,2.68277,131.568,4.541,AFP
KIC_8322177,8322177,1,0,2.94198,132.91,9.54,AFP
KIC_8322177,8322177,2,0,2.94212,131.862,8.193,AFP
KIC_8322243,8322243,1,0,0.550327,131.665,1.111,AFP
KIC_8330895,8330895,2,0,0.678128,131.988,2.202,AFP
KIC_8330895,8330895,3,0,0.67813,131.636,3.425,AFP
KIC_8331612,8331612,1,0,13.8353,134.313,3.804,AFP
KIC_8359848,8359848,2,0,1.41637,132.168,3.442,AFP
KIC_8359848,8359848,3,0,1.41624,131.924,3.839,AFP
KIC_8360041,8360041,1,1,2.63534,133.971,2.319,PC
KIC_8380088,8380088,3,0,1.46079,132.805,4.5,AFP
KIC_8380389,8380389,1,0,1.60837,132.821,4.625,AFP
KIC_8396184,8396184,1,0,0.656477,131.946,2.355,NTP
KIC_8396259,8396259,1,0,0.502743,131.531,1.463,AFP
KIC_8396259,8396259,2,0,0.502743,131.871,1.483,AFP
KIC_8417078,8417078,1,1,23.6214,147.007,7.426,PC
KIC_8420644,8420644,1,0,0.538844,131.879,1.852,NTP
KIC_8458690,8458690,2,0,0.501181,131.608,1.518,AFP
KIC_8180020,8180020,2,0,5.80313,133.242,4.357,AFP
KIC_8180063,8180063,1,0,5.79506,132.133,3.214,AFP
KIC_8180063,8180063,2,0,5.795,135.459,2.794,AFP
KIC_8223931,8223931,1,0,4.42063,132.356,15.94,NTP
KIC_8226050,8226050,1,1,34.2685,147.052,4.837,PC
KIC_8226994,8226994,1,1,7.15682,138.35,2.598,PC
KIC_8226994,8226994,2,1,17.6483,133.545,2.045,PC
KIC_8244757,8244757,1,0,0.68068,131.586,0.8866,AFP
KIC_8244757,8244757,2,0,0.680181,132.145,1.953,AFP
KIC_8244758,8244758,1,0,0.800378,131.972,2.021,AFP
KIC_8258160,8258160,2,0,23.6274,137.739,11.82,AFP
KIC_8258171,8258171,1,0,23.6272,150.027,7.822,AFP
KIC_8258171,8258171,2,0,23.6276,137.745,7.979,AFP
KIC_8258171,8258171,3,0,5.729,134.141,10.77,AFP
KIC_8264543,8264543,1,0,0.663138,131.639,1.806,AFP
KIC_8264543,8264543,2,0,0.663138,131.971,1.896,AFP
KIC_8265921,8265921,2,0,0.779927,131.81,2.045,AFP
KIC_8265953,8265953,1,0,0.779929,132.181,2.603,AFP
KIC_8265953,8265953,2,0,0.779932,131.772,2.489,AFP
KIC_8299955,8299955,1,0,2.68278,131.572,2.529,AFP
KIC_8301878,8301878,1,1,20.7105,140.904,2.69,PC
KIC_8322243,8322243,2,0,0.550337,132.025,1.139,AFP
KIC_8331612,8331612,2,1,51.3933,144.238,3.161,PC
KIC_8331919,8331919,1,0,1.70702,132.61,3.346,NTP
KIC_8360640,8360640,1,1,4.02227,135.18,1.06,PC
KIC_8361905,8361905,1,1,15.8737,134.78,3.549,PC
KIC_8362204,8362204,1,0,418.198,441.837,14.35,NTP
KIC_8362880,8362880,1,0,2.26375,133.743,7.329,AFP
KIC_8380389,8380389,2,0,0.772269,132.118,2.392,NTP
KIC_8380389,8380389,3,0,1.60839,132.285,4.851,AFP
KIC_8380389,8380389,4,0,1.60842,131.719,6.0,AFP
KIC_8380709,8380709,1,1,24.3346,147.411,6.633,PC
KIC_8380743,8380743,1,0,1.01892,131.995,3.5,NTP
KIC_8396288,8396288,1,0,8.58517,137.407,2.85,AFP
KIC_8396309,8396309,1,0,0.916692,131.656,4.107,NTP
KIC_8396405,8396405,1,1,19.1811,141.373,2.401,PC
KIC_8396660,8396660,1,1,1.33805,132.353,1.885,PC
KIC_8420752,8420752,1,0,1.44127,131.93,2.824,AFP
KIC_8420752,8420752,2,0,1.44129,131.637,1.912,AFP
KIC_8423344,8423344,1,0,381.985,163.167,15.77,NTP
KIC_8443311,8443311,1,0,1.22732,132.391,3.136,AFP
KIC_8443311,8443311,3,0,1.2273,132.605,2.176,AFP
KIC_8459663,8459663,1,1,174.511,201.469,6.747,PC
KIC_8460126,8460126,2,0,1.6111,132.625,2.853,AFP
KIC_8181415,8181415,1,0,719.483,131.539,8.073,NTP
KIC_8181880,8181880,1,0,0.745698,132.264,3.353,AFP
KIC_8196180,8196180,1,0,3.67166,132.091,4.249,AFP
KIC_8196180,8196180,2,0,3.67166,133.571,4.358,AFP
KIC_8196226,8196226,1,1,4.02743,133.124,1.33,PC
KIC_8226994,8226994,3,1,4.14806,133.394,2.613,PC
KIC_8227661,8227661,1,0,1.85376,132.661,1.588,AFP
KIC_8244758,8244758,2,0,0.800318,131.639,2.764,AFP
KIC_8245118,8245118,1,0,0.992591,132.368,2.968,NTP
KIC_8258171,8258171,4,0,5.72893,131.878,11.18,AFP
KIC_8259061,8259061,2,0,0.513799,131.999,1.653,AFP
KIC_8259061,8259061,3,0,0.513798,131.614,1.5,AFP
KIC_8264543,8264543,3,0,1.74393,132.111,6.004,AFP
KIC_8264543,8264543,4,0,1.74384,132.926,3.24,AFP
KIC_8264546,8264546,1,0,0.63235,131.866,1.827,AFP
KIC_8264546,8264546,2,0,0.632364,131.653,1.823,AFP
KIC_8265990,8265990,1,0,0.779954,132.152,2.326,AFP
KIC_8265993,8265993,1,0,0.779943,132.174,2.562,AFP
KIC_8265993,8265993,2,0,0.779974,131.748,2.184,AFP
KIC_8266004,8266004,1,0,0.779938,132.19,1.823,AFP
KIC_8302302,8302302,1,0,1.13596,132.38,3.027,AFP
KIC_8302450,8302450,1,0,2.44197,132.138,2.572,AFP
KIC_8302473,8302473,1,0,2.442,132.126,3.399,AFP
KIC_8322973,8322973,1,0,11.4458,138.323,17.48,AFP
KIC_8322973,8322973,2,0,11.4451,137.107,20.67,AFP
KIC_8332279,8332279,1,0,1.91177,131.576,5.434,AFP
KIC_8332279,8332279,2,0,1.91161,132.456,5.566,AFP
KIC_8332383,8332383,1,0,0.699377,131.751,2.436,AFP
KIC_8362880,8362880,2,0,2.26374,133.152,7.671,AFP
KIC_8362899,8362899,1,0,0.807057,132.195,1.949,AFP
KIC_8362899,8362899,2,0,0.807079,131.542,1.5,AFP
KIC_8381204,8381204,1,1,8.32649,135.59,5.294,PC
KIC_8381234,8381234,1,0,6.75199,135.205,14.69,NTP
KIC_8396901,8396901,1,0,0.852006,131.629,2.759,AFP
KIC_8396901,8396901,2,0,0.852066,132.256,3.041,AFP
KIC_8396901,8396901,3,0,0.852048,131.829,2.5,AFP
KIC_8424002,8424002,1,1,20.3597,134.29,1.939,PC
KIC_8424446,8424446,1,0,1.19225,131.993,2.045,NTP
KIC_8424446,8424446,2,0,2.82761,132.132,4.789,AFP
KIC_8424446,8424446,3,0,2.82753,134.064,6.673,AFP
KIC_8444552,8444552,1,0,0.589053,131.586,1.981,AFP
KIC_8444802,8444802,1,0,0.573078,131.975,2.208,AFP
KIC_8444802,8444802,2,0,0.57304,131.576,1.889,AFP
KIC_8460126,8460126,3,0,1.61108,131.833,2.601,AFP
KIC_8460600,8460600,1,0,6.35209,134.207,3.907,AFP
KIC_8460993,8460993,1,0,0.88729,131.641,1.672,AFP
KIC_8181880,8181880,2,0,0.745194,131.912,2.595,AFP
KIC_8182427,8182427,1,0,4.52845,132.332,6.821,AFP
KIC_8182427,8182427,2,0,4.52943,133.663,9.953,AFP
KIC_8182857,8182857,1,0,0.694095,131.872,1.751,AFP
KIC_8196903,8196903,1,0,0.594354,132.068,2.146,AFP
KIC_8196903,8196903,2,0,0.59435,131.672,1.908,AFP
KIC_8197019,8197019,1,0,0.541086,131.927,2.135,NTP
KIC_8227661,8227661,2,0,1.85369,131.757,1.683,AFP
KIC_8245192,8245192,1,0,4.98785,132.095,7.451,NTP
KIC_8245197,8245197,1,0,4.5528,132.251,11.62,NTP
KIC_8245197,8245197,2,0,2.27667,133.293,7.096,NTP
KIC_8259177,8259177,1,0,6.0026,135.943,14.2,AFP
KIC_8259177,8259177,2,0,6.00169,131.684,16.84,AFP
KIC_8264546,8264546,3,0,0.632362,132.083,1.474,AFP
KIC_8264550,8264550,2,0,0.792403,131.563,1.861,NTP
KIC_8266276,8266276,1,0,0.837887,131.99,1.806,AFP
KIC_8266276,8266276,2,1,2.59489,132.753,1.81,PC
KIC_8277004,8277004,1,0,423.897,330.68,14.41,NTP
KIC_8308260,8308260,1,0,0.97317,132.25,1.188,AFP
KIC_8323096,8323096,2,0,0.897778,131.816,3.281,NTP
KIC_8323753,8323753,1,0,6.71425,134.316,3.351,AFP
KIC_8332383,8332383,2,0,0.699354,132.111,2.775,AFP
KIC_8332521,8332521,1,1,4.67245,135.241,4.236,PC
KIC_8362899,8362899,3,0,0.807071,132.033,1.852,AFP
KIC_8364115,8364115,1,0,7.73594,137.986,4.401,AFP
KIC_8364115,8364115,2,0,7.73591,134.208,4.574,AFP
KIC_8364119,8364119,1,0,7.73588,137.988,3.5,AFP
KIC_8382075,8382075,1,0,1.25873,132.496,3.93,AFP
KIC_8382114,8382114,1,0,2.51729,133.757,4.867,AFP
KIC_8382207,8382207,1,0,1.25882,132.396,6.301,AFP
KIC_8397017,8397017,1,0,7.40381,137.518,15.0,NTP
KIC_8397138,8397138,1,0,0.580732,131.565,2.268,AFP
KIC_8397138,8397138,2,0,0.580727,131.867,1.205,AFP
KIC_8424446,8424446,4,0,2.82769,133.083,10.9,AFP
KIC_8426007,8426007,1,0,0.72777,131.87,4.096,NTP
KIC_8426567,8426567,1,1,18.9306,143.25,3.546,PC
KIC_8444868,8444868,1,0,4.28133,135.181,5.654,AFP
KIC_8444868,8444868,2,0,4.28108,132.846,7.242,AFP
KIC_8460993,8460993,2,0,0.887372,132.441,3.221,AFP
KIC_8461529,8461529,1,0,0.899139,132.319,3.502,AFP
KIC_8461529,8461529,4,0,0.899131,132.067,2.0,AFP
KIC_8182857,8182857,2,0,0.694071,132.222,2.835,AFP
KIC_8183288,8183288,1,1,66.6508,171.178,5.648,PC
KIC_8183389,8183389,1,0,32.44,142.263,3.0,AFP
KIC_8183389,8183389,2,0,32.4403,133.035,5.331,AFP
KIC_8197176,8197176,1,1,9.35897,133.479,3.312,PC
KIC_8197220,8197220,1,0,0.673265,131.648,2.188,AFP
KIC_8197220,8197220,2,0,0.673231,132.039,2.244,AFP
KIC_8197343,8197343,1,1,11.7916,134.544,3.236,PC
KIC_8229458,8229458,1,1,1.6468,132.062,1.226,PC
KIC_8229696,8229696,1,1,10.1281,139.115,3.446,PC
KIC_8230616,8230616,1,1,2.24049,133.341,1.456,PC
KIC_8230616,8230616,2,1,6.82774,131.794,2.32,PC
KIC_8245366,8245366,1,0,0.691953,131.791,2.303,AFP
KIC_8245366,8245366,2,0,0.691962,132.114,2.859,AFP
KIC_8246781,8246781,1,0,185.023,273.185,4.827,AFP
KIC_8259709,8259709,1,0,5.83869,131.793,14.76,NTP
KIC_8259713,8259713,1,1,27.8798,134.542,6.907,PC
KIC_8259713,8259713,2,0,3.55195,134.701,4.324,AFP
KIC_8264583,8264583,2,0,0.97472,131.97,1.569,NTP
KIC_8277797,8277797,1,1,4.33722,132.851,2.489,PC
KIC_8277797,8277797,2,1,1.65389,132.19,1.649,PC
KIC_8278073,8278073,1,1,12.0732,142.423,4.117,PC
KIC_8278371,8278371,1,1,0.677337,131.937,1.748,PC
KIC_8310243,8310243,1,0,0.662587,131.899,1.512,AFP
KIC_8310243,8310243,2,0,0.662583,132.122,2.0,AFP
KIC_8310243,8310243,3,0,0.662591,131.676,2.0,AFP
KIC_8323764,8323764,1,1,6.71424,134.318,3.37,PC
KIC_8324292,8324292,1,0,1.06445,131.756,4.078,AFP
KIC_8332521,8332521,2,1,14.7451,135.026,4.68,PC
KIC_8332986,8332986,1,0,302.389,309.187,3.101,AFP
KIC_8344004,8344004,1,1,5.99652,136.528,3.236,PC
KIC_8344004,8344004,2,1,2.06189,133.205,1.948,PC
KIC_8364119,8364119,2,0,7.73588,134.208,3.5,AFP
KIC_8364969,8364969,1,0,22.572,145.035,3.997,AFP
KIC_8365739,8365739,1,0,2.38927,132.037,4.598,AFP
KIC_8382207,8382207,2,0,1.25873,131.631,3.246,AFP
KIC_8382223,8382223,1,0,1.25868,132.522,4.695,AFP
KIC_8382253,8382253,1,0,463.957,250.924,3.972,NTP
KIC_8397426,8397426,1,0,0.843761,131.775,1.251,AFP
KIC_8397426,8397426,2,0,0.84376,132.198,1.931,AFP
KIC_8397426,8397426,3,0,0.843772,131.545,1.498,AFP
KIC_8397446,8397446,1,0,0.986607,131.899,1.417,AFP
KIC_8397675,8397675,1,0,0.553262,131.786,1.5,AFP
KIC_8429314,8429314,1,1,115.687,246.985,4.751,PC
KIC_8429415,8429415,1,0,1.35253,132.07,2.97,AFP
KIC_8444868,8444868,3,0,4.28046,131.765,5.219,AFP
KIC_8444868,8444868,4,0,67.4165,196.138,5.237,NTP
KIC_8445775,8445775,1,0,13.2541,136.368,4.326,AFP
KIC_8445775,8445775,2,0,13.2544,136.754,17.7,AFP
KIC_8461967,8461967,1,0,1.52213,132.612,3.525,AFP
KIC_8461967,8461967,2,0,1.5223,132.008,4.659,AFP
KIC_8462258,8462258,1,0,3.61153,133.338,6.299,AFP
KIC_8183389,8183389,3,0,32.4419,142.408,25.61,AFP
KIC_8197355,8197355,1,0,0.613991,131.828,2.064,AFP
KIC_8197355,8197355,2,0,0.613995,132.041,1.983,AFP
KIC_8197355,8197355,3,0,0.613996,131.625,1.72,AFP
KIC_8197406,8197406,1,1,4.15471,132.614,1.211,PC
KIC_8230809,8230809,1,0,4.07835,132.16,6.229,AFP
KIC_8231370,8231370,1,0,0.654986,132.133,4.753,NTP
KIC_8231370,8231370,2,0,1.17085,132.111,1.435,AFP
KIC_8246833,8246833,1,0,0.586988,131.567,1.966,NTP
KIC_8247116,8247116,1,0,0.835864,132.013,3.365,AFP
KIC_8247116,8247116,2,0,0.835859,131.597,3.607,AFP
KIC_8259713,8259713,4,0,3.54813,133.949,5.999,AFP
KIC_8259835,8259835,1,0,436.682,308.585,12.38,NTP
KIC_8260198,8260198,1,0,0.95529,132.182,1.111,AFP
KIC_8260218,8260218,1,1,5.71482,132.13,3.143,PC
KIC_8264588,8264588,1,0,0.662872,131.652,1.5,AFP
KIC_8264588,8264588,3,0,0.85036,131.797,2.5,AFP
KIC_8264588,8264588,4,0,0.850353,132.026,2.0,AFP
KIC_8278685,8278685,1,1,10.8615,136.812,5.727,PC
KIC_8279765,8279765,1,0,2.75779,132.475,2.784,AFP
KIC_8280511,8280511,1,1,10.4355,134.822,3.559,PC
KIC_8311110,8311110,1,0,1.47322,132.119,5.279,NTP
KIC_8311110,8311110,2,0,2.15742,132.5,8.569,AFP
KIC_8311110,8311110,3,0,2.15724,133.579,3.85,AFP
KIC_8324292,8324292,2,0,1.06453,132.228,4.127,AFP
KIC_8324305,8324305,1,0,0.527713,131.86,1.754,AFP
KIC_8324305,8324305,2,0,0.527708,131.581,1.944,AFP
KIC_8324490,8324490,1,0,6.1622,135.667,15.32,AFP
KIC_8344381,8344381,1,0,0.57883,132.058,1.251,AFP
KIC_8344381,8344381,2,0,0.578976,131.584,1.431,AFP
KIC_8345172,8345172,1,0,50.5714,161.117,3.58,AFP
KIC_8365739,8365739,2,0,2.38929,133.221,3.5,AFP
KIC_8367113,8367113,1,1,24.3158,134.777,4.055,PC
KIC_8367410,8367410,1,0,0.642072,131.701,4.728,NTP
KIC_8386122,8386122,1,0,1.10642,131.977,1.537,AFP
KIC_8386122,8386122,2,0,1.10639,131.806,2.156,AFP
KIC_8397947,8397947,1,1,3.38083,133.945,3.25,PC
KIC_8398290,8398290,1,0,0.51079,131.904,1.556,AFP
KIC_8429528,8429528,1,0,2.7962,133.568,7.809,NTP
KIC_8429528,8429528,2,0,2.17202,132.602,3.494,NTP
KIC_8429528,8429528,3,0,1.46348,131.644,5.0,AFP
KIC_8429528,8429528,4,0,1.46364,132.318,5.0,AFP
KIC_8446738,8446738,1,0,0.922821,132.01,2.656,AFP
KIC_8446738,8446738,2,0,0.872735,131.898,1.378,NTP
KIC_8446738,8446738,3,0,0.922806,132.457,3.222,AFP
KIC_8463118,8463118,1,0,4.19177,134.637,5.79,AFP
KIC_8463118,8463118,2,0,4.19226,131.849,7.724,AFP
KIC_8463118,8463118,3,0,4.19163,134.249,5.297,AFP
KIC_8183911,8183911,1,0,8.30706,137.08,2.201,AFP
KIC_8184075,8184075,1,0,0.79638,131.632,1.124,AFP
KIC_8184075,8184075,2,0,0.796387,131.991,2.903,AFP
KIC_8187917,8187917,1,0,0.801107,131.905,6.107,NTP
KIC_8197544,8197544,1,0,1.4685,131.518,1.73,AFP
KIC_8197544,8197544,2,0,1.46864,132.609,5.001,AFP
KIC_8197560,8197560,1,0,1.02424,132.531,1.702,AFP
KIC_8231370,8231370,3,0,1.17086,131.966,1.503,AFP
KIC_8231667,8231667,1,1,42.8777,156.064,1.932,PC
KIC_8231830,8231830,1,0,6.91872,137.135,1.604,NTP
KIC_8247543,8247543,1,0,0.840888,132.319,2.883,NTP
KIC_8247638,8247638,1,1,16.5141,143.089,4.218,PC
KIC_8247638,8247638,2,1,30.1329,160.252,5.389,PC
KIC_8260234,8260234,1,0,5.71478,132.134,3.067,AFP
KIC_8260818,8260818,2,0,0.618342,132.101,2.206,NTP
KIC_8264635,8264635,1,0,0.836838,131.785,2.909,NTP
KIC_8264667,8264667,1,0,1.12563,131.647,3.367,AFP
KIC_8280511,8280511,2,1,7.4109,135.75,3.288,PC
KIC_8280511,8280511,3,1,5.24975,135.465,2.525,PC
KIC_8280511,8280511,4,1,21.7204,134.781,3.156,PC
KIC_8311180,8311180,1,0,0.778335,131.555,2.493,AFP
KIC_8311180,8311180,2,0,0.778326,132.142,2.369,AFP
KIC_8311304,8311304,1,0,0.698049,131.722,2.334,NTP
KIC_8324490,8324490,2,0,6.16351,133.527,9.124,AFP
KIC_8324490,8324490,3,0,6.16654,131.561,9.326,AFP
KIC_8324518,8324518,1,1,1.62887,132.344,1.722,PC
KIC_8345358,8345358,1,0,9.38063,132.559,4.292,AFP
KIC_8345358,8345358,2,0,9.38063,137.249,4.156,AFP
KIC_8345384,8345384,1,1,42.1005,143.025,1.091,PC
KIC_8367644,8367644,1,1,22.0855,135.233,2.111,PC
KIC_8374077,8374077,1,1,16.2955,133.64,4.766,PC
KIC_8374396,8374396,1,0,7.21554,135.047,13.13,AFP
KIC_8374396,8374396,2,0,7.21533,132.684,8.783,AFP
KIC_8388318,8388318,1,0,0.856823,131.972,2.948,NTP
KIC_8388399,8388399,1,0,0.567428,131.655,2.802,NTP
KIC_8398290,8398290,2,0,0.510984,131.983,1.478,AFP
KIC_8398303,8398303,1,0,1.58493,132.802,10.87,NTP
KIC_8409295,8409295,1,1,82.2934,212.03,7.237,PC
KIC_8409588,8409588,1,0,1.36083,131.608,1.206,AFP
KIC_8429566,8429566,1,0,1.86609,131.947,2.294,AFP
KIC_8429634,8429634,1,0,1.60292,132.259,5.417,AFP
KIC_8429634,8429634,2,0,1.60291,133.049,5.813,AFP
KIC_8450600,8450600,2,0,0.823189,132.175,1.702,NTP
KIC_8450600,8450600,3,0,1.03551,132.442,2.257,NTP
KIC_8463346,8463346,1,1,16.7971,134.047,3.149,PC
KIC_8463346,8463346,2,1,64.0025,132.615,4.648,PC
KIC_8474365,8474365,1,0,1.22449,132.203,3.257,AFP
KIC_8474365,8474365,2,0,1.2246,132.577,3.078,AFP
KIC_8188157,8188157,1,0,0.914584,131.612,2.303,NTP
KIC_8189641,8189641,1,0,0.970826,131.819,3.525,AFP
KIC_8197761,8197761,1,1,9.86867,138.998,2.847,PC
KIC_8197788,8197788,1,0,0.610104,131.517,1.785,AFP
KIC_8197788,8197788,2,0,0.610108,131.834,1.533,AFP
KIC_8233072,8233072,1,0,0.512728,131.893,1.54,AFP
KIC_8233072,8233072,2,0,0.512727,131.645,1.415,AFP
KIC_8233326,8233326,1,1,3.74099,132.233,4.026,PC
KIC_8247638,8247638,3,1,99.6413,198.688,4.611,PC
KIC_8247638,8247638,4,1,4.79088,131.524,2.946,PC
KIC_8247770,8247770,1,1,8.28163,136.247,3.469,PC
KIC_8247771,8247771,1,1,1.11855,131.727,1.531,PC
KIC_8260885,8260885,1,0,1.3309,131.976,8.444,NTP
KIC_8260902,8260902,1,1,38.6715,157.621,5.338,PC
KIC_8261157,8261157,1,0,1.17215,131.804,4.5,AFP
KIC_8261157,8261157,2,0,1.17216,132.349,4.725,AFP
KIC_8261920,8261920,1,1,6.69333,137.705,1.894,PC
KIC_8264667,8264667,2,0,1.12565,132.187,3.195,AFP
KIC_8264674,8264674,1,0,1.35948,131.808,3.411,NTP
KIC_8264674,8264674,2,0,2.26566,132.288,4.552,AFP
KIC_8280511,8280511,5,1,17.4535,146.649,3.829,PC
KIC_8282651,8282651,1,1,2.36172,133.239,1.235,PC
KIC_8311534,8311534,1,0,4.40309,135.623,14.29,NTP
KIC_8312222,8312222,1,0,12.8233,136.177,5.314,AFP
KIC_8326342,8326342,1,1,14.4079,142.027,2.414,PC
KIC_8346392,8346392,1,1,5.72813,135.18,2.148,PC
KIC_8346686,8346686,1,0,0.517151,131.891,1.643,AFP
KIC_8346686,8346686,2,0,0.517143,131.638,1.744,AFP
KIC_8349399,8349399,1,1,56.4468,170.586,7.365,PC
KIC_8374494,8374494,1,0,5.25195,136.736,5.21,AFP
KIC_8374494,8374494,2,0,5.25189,134.162,4.614,AFP
KIC_8388610,8388610,1,0,0.59952,132.073,1.387,AFP
KIC_8388610,8388610,2,0,0.599528,131.769,1.918,AFP
KIC_8410415,8410415,1,1,44.2992,141.284,4.372,PC
KIC_8410727,8410727,1,1,11.4761,135.396,4.93,PC
KIC_8429668,8429668,1,0,5.00749,134.693,3.089,AFP
KIC_8429756,8429756,1,0,0.526797,131.77,1.599,AFP
KIC_8429756,8429756,2,0,0.526804,132.035,1.592,AFP
KIC_8429817,8429817,1,1,6.26349,134.898,1.111,PC
KIC_8452639,8452639,1,0,0.563634,131.547,1.923,NTP
KIC_8452639,8452639,2,0,1.18167,132.51,3.479,NTP
KIC_8474898,8474898,1,0,199.442,240.855,7.106,AFP
KIC_8478994,8478994,1,1,39.7922,135.458,4.493,PC
KIC_8478994,8478994,2,1,21.3019,149.239,3.858,PC
KIC_8189641,8189641,2,0,0.970802,132.256,2.016,AFP
KIC_8189801,8189801,1,1,0.666826,131.708,0.8429,PC
KIC_8190354,8190354,1,0,1.61577,131.683,1.686,AFP
KIC_8190627,8190627,1,0,0.556201,131.578,1.94,AFP
KIC_8197793,8197793,1,1,15.2311,143.731,3.99,PC
KIC_8198031,8198031,1,0,0.651455,131.537,2.34,AFP
KIC_8198031,8198031,2,0,0.651445,131.694,2.364,AFP
KIC_8198031,8198031,3,0,0.651474,131.963,2.0,AFP
KIC_8233702,8233702,1,1,41.6977,134.245,5.415,PC
KIC_8233802,8233802,1,0,69.38,154.172,3.331,AFP
KIC_8233804,8233804,1,0,1.32711,132.009,1.557,AFP
KIC_8261920,8261920,2,1,15.45,145.915,1.713,PC
KIC_8261920,8261920,3,1,33.1361,136.373,4.724,PC
KIC_8262210,8262210,1,0,1.61297,131.768,2.155,AFP
KIC_8264674,8264674,3,0,2.26581,133.194,5.017,AFP
KIC_8264674,8264674,4,0,102.005,161.288,9.006,NTP
KIC_8264674,8264674,5,0,299.753,397.974,3.274,NTP
KIC_8264698,8264698,1,0,0.673474,131.891,2.245,AFP
KIC_8282730,8282730,2,0,1.72306,133.225,5.53,NTP
KIC_8282846,8282846,1,1,133.304,167.756,7.372,PC
KIC_9446824,9446824,1,0,4.20233,133.309,3.718,AFP
KIC_9446824,9446824,2,0,4.20233,135.41,3.463,AFP
KIC_9447166,9447166,1,1,62.8688,166.024,5.794,PC
KIC_9449455,9449455,1,0,0.568312,131.869,1.534,AFP
KIC_9466668,9466668,1,1,3.38803,133.263,2.633,PC
KIC_9466668,9466668,2,1,5.83908,132.095,3.125,PC
KIC_9466668,9466668,3,1,10.6817,131.552,3.565,PC
KIC_9466668,9466668,4,1,1.62047,132.065,2.144,PC
KIC_9474756,9474756,1,1,6.6849,132.36,3.73,PC
KIC_9474756,9474756,2,1,17.6063,147.194,5.756,PC
KIC_9491303,9491303,3,0,2.73552,132.076,7.346,AFP
KIC_9491339,9491339,2,0,0.72145,131.876,1.397,AFP
KIC_9491339,9491339,3,0,0.72146,132.16,1.092,AFP
KIC_9530945,9530945,1,1,17.4066,136.194,7.194,PC
KIC_9530945,9530945,2,1,7.69361,138.038,5.232,PC
KIC_9531823,9531823,1,0,3.92663,133.971,4.401,AFP
KIC_9541223,9541223,1,0,0.536621,131.723,1.182,AFP
KIC_9541295,9541295,1,0,0.536607,131.744,1.656,AFP
KIC_9541322,9541322,1,0,9.40525,134.554,1.462,AFP
KIC_9541567,9541567,1,0,1.12286,131.669,0.9473,AFP
KIC_9579266,9579266,1,0,459.363,260.099,7.289,NTP
KIC_9579266,9579266,2,0,661.592,134.566,14.36,NTP
KIC_9579499,9579499,1,0,7.94672,137.157,1.558,AFP
KIC_9579499,9579499,2,0,7.94671,132.761,2.802,AFP
KIC_9594022,9594022,1,0,6.97674,132.183,13.97,AFP
KIC_9594022,9594022,2,0,6.97696,136.206,13.64,AFP
KIC_9594022,9594022,4,0,6.97945,137.345,16.09,AFP
KIC_9607164,9607164,1,1,14.0349,143.535,3.585,PC
KIC_9612084,9612084,1,0,1.7872,132.919,2.416,AFP
KIC_9612084,9612084,2,0,1.78718,131.832,3.461,AFP
KIC_9641008,9641008,1,0,2.17813,132.032,1.934,AFP
KIC_9641018,9641018,1,0,2.17812,132.035,1.884,AFP
KIC_9641041,9641041,1,0,2.17813,132.032,1.629,AFP
KIC_9641076,9641076,1,0,2.17815,132.019,2.801,AFP
KIC_9284741,9284741,2,0,20.7291,141.232,3.0,AFP
KIC_9284741,9284741,3,0,228.019,182.699,10.65,NTP
KIC_9284741,9284741,4,0,20.7293,141.019,15.0,AFP
KIC_9285265,9285265,1,1,16.586,133.279,6.954,PC
KIC_9285265,9285265,2,1,61.5689,182.041,9.091,PC
KIC_9304367,9304367,2,0,1.61624,132.017,4.414,AFP
KIC_9304367,9304367,3,0,0.80806,131.522,1.772,NTP
KIC_9304409,9304409,1,0,0.945157,132.498,2.733,AFP
KIC_9304409,9304409,2,0,0.945173,131.997,1.951,AFP
KIC_9334289,9334289,3,1,12.4121,142.547,4.087,PC
KIC_9334490,9334490,1,0,18.845,149.948,5.495,AFP
KIC_9334490,9334490,2,0,18.845,140.373,6.076,AFP
KIC_9334893,9334893,1,1,16.6673,141.757,3.275,PC
KIC_9351622,9351622,4,0,0.998835,131.975,2.496,AFP
KIC_9351622,9351622,5,0,0.998453,132.068,2.5,AFP
KIC_9351920,9351920,1,1,8.79614,135.681,3.373,PC
KIC_9353182,9353182,1,0,10.4763,136.528,7.755,AFP
KIC_9391395,9391395,2,0,0.541592,131.907,2.042,AFP
KIC_9391506,9391506,1,1,15.7496,134.497,4.573,PC
KIC_9391817,9391817,1,1,140.882,243.171,10.94,PC
KIC_9392668,9392668,1,0,0.892819,132.44,2.355,AFP
KIC_9411166,9411166,2,1,105.655,230.102,9.222,PC
KIC_9411317,9411317,1,0,8.2905,132.244,2.64,AFP
KIC_9411317,9411317,2,0,8.29047,135.407,3.561,AFP
KIC_9449455,9449455,2,0,0.568486,131.531,2.137,AFP
KIC_9450392,9450392,1,0,1.11968,131.522,1.489,AFP
KIC_9450392,9450392,2,0,1.11965,131.773,3.407,AFP
KIC_9467345,9467345,1,0,4.41556,131.638,11.87,NTP
KIC_9467345,9467345,2,0,2.20771,132.718,7.438,NTP
KIC_9467345,9467345,3,0,485.789,337.001,4.743,NTP
KIC_9474995,9474995,1,0,459.269,260.305,3.046,NTP
KIC_9475552,9475552,1,1,0.84337,131.973,1.416,PC
KIC_9475552,9475552,2,1,6.56607,134.495,1.725,PC
KIC_9491832,9491832,1,1,49.5647,170.696,8.519,PC
KIC_9531823,9531823,2,0,3.92673,132.303,1.949,AFP
KIC_9531971,9531971,1,0,8.6315,137.604,16.81,NTP
KIC_9531971,9531971,2,0,2.87596,131.974,9.531,NTP
KIC_9541567,9541567,2,0,1.12285,132.541,1.266,AFP
KIC_9542697,9542697,1,0,0.585717,131.79,2.05,NTP
KIC_9579584,9579584,1,0,1.59779,131.89,3.302,AFP
KIC_9579584,9579584,2,0,1.59786,132.212,3.698,AFP
KIC_9579641,9579641,1,1,5.4122,133.144,3.093,PC
KIC_9579641,9579641,2,1,7.12595,131.879,2.871,PC
KIC_9594184,9594184,1,0,42.0936,141.107,4.672,AFP
KIC_9612084,9612084,3,0,1.99045,132.617,4.293,NTP
KIC_9612225,9612225,1,0,1.56904,132.258,3.528,NTP
KIC_9265050,9265050,1,0,0.597257,131.985,2.103,AFP
KIC_9265050,9265050,2,0,0.597273,131.717,1.746,AFP
KIC_9265306,9265306,1,0,1.58314,132.802,8.015,NTP
KIC_9285568,9285568,1,0,2.5531,132.463,2.049,AFP
KIC_9285587,9285587,1,0,1.81189,133.073,2.907,AFP
KIC_9285587,9285587,2,0,1.81194,132.347,3.441,AFP
KIC_9304561,9304561,1,0,1.21904,132.086,1.552,AFP
KIC_9304698,9304698,1,0,1.2083,132.031,4.172,NTP
KIC_9304821,9304821,1,0,1.27103,132.698,5.943,NTP
KIC_9304842,9304842,1,0,1.29531,132.202,4.737,AFP
KIC_9334893,9334893,2,0,31.8058,150.683,3.947,AFP
KIC_9335664,9335664,1,0,459.293,260.268,3.842,NTP
KIC_9336200,9336200,1,1,1.75585,133.152,1.773,PC
KIC_9353182,9353182,2,0,10.4763,131.53,6.957,AFP
KIC_9353314,9353314,1,1,5.18501,131.88,2.314,PC
KIC_9353742,9353742,1,1,0.93875,131.683,1.362,PC
KIC_9392668,9392668,2,0,0.892896,131.899,3.294,AFP
KIC_9394601,9394601,1,0,0.876815,132.071,2.836,AFP
KIC_9411412,9411412,1,1,2.89223,132.876,1.415,PC
KIC_9412445,9412445,1,0,5.09333,132.454,8.42,AFP
KIC_9412462,9412462,1,0,10.1866,132.526,7.5,AFP
KIC_9412462,9412462,2,0,10.1866,137.484,9.937,AFP
KIC_9450647,9450647,1,1,9.94066,135.216,4.057,PC
KIC_9467404,9467404,1,1,0.929895,132.258,1.494,PC
KIC_9468126,9468126,2,0,1.82978,131.569,4.585,NTP
KIC_9468126,9468126,3,0,1.18185,131.845,1.898,NTP
KIC_9478990,9478990,1,1,21.0872,139.597,5.942,PC
KIC_9479273,9479273,1,1,6.10485,132.944,4.681,PC
KIC_9479460,9479460,1,0,2.07388,132.594,3.5,AFP
KIC_9509223,9509223,1,0,14.2003,131.954,4.048,AFP
KIC_9509223,9509223,2,0,14.2006,135.716,3.182,AFP
KIC_9509296,9509296,1,0,0.56124,131.789,1.5,AFP
KIC_9531991,9531991,1,0,1.15557,131.801,1.252,NTP
KIC_9532052,9532052,1,1,15.7258,133.989,3.913,PC
KIC_9543302,9543302,1,0,13.0365,138.231,3.377,AFP
KIC_9549471,9549471,1,0,15.7138,132.098,10.67,AFP
KIC_9549471,9549471,2,0,15.7139,137.326,5.369,AFP
KIC_9579789,9579789,1,0,2.1781,132.047,2.05,AFP
KIC_9579818,9579818,1,0,0.730668,131.55,1.581,AFP
KIC_9579818,9579818,2,0,0.730671,132.032,1.941,AFP
KIC_9595686,9595686,1,0,3.10823,132.949,2.067,AFP
KIC_9595827,9595827,1,1,3.90508,133.415,2.851,PC
KIC_9612825,9612825,1,0,2.84644,133.266,4.223,AFP
KIC_9612825,9612825,2,0,2.84652,131.817,3.5,AFP
KIC_9613070,9613070,1,0,2.33213,132.192,2.947,AFP
KIC_9613302,9613302,1,0,0.911068,131.866,2.539,NTP
KIC_9266285,9266285,1,0,5.61387,132.573,5.029,AFP
KIC_9266285,9266285,2,0,5.61387,135.368,4.88,AFP
KIC_9266431,9266431,1,1,18.3963,148.347,2.612,PC
KIC_9267042,9267042,1,0,0.502298,131.562,1.487,AFP
KIC_9285587,9285587,3,0,1.81195,131.953,2.859,AFP
KIC_9286728,9286728,1,0,3.04459,132.496,6.338,AFP
KIC_9287502,9287502,1,0,1.80654,132.068,5.093,NTP
KIC_9304842,9304842,2,0,1.29541,132.799,4.647,AFP
KIC_9304907,9304907,1,0,2.8574,132.99,9.057,AFP
KIC_9340980,9340980,1,0,0.536502,132.059,1.639,AFP
KIC_9341241,9341241,1,0,42.6302,153.354,12.78,NTP
KIC_9341241,9341241,2,0,44.227,147.761,1.679,NTP
KIC_9341241,9341241,4,0,42.8448,153.576,5.0,NTP
KIC_9357375,9357375,1,0,1.58823,132.204,2.449,AFP
KIC_9362445,9362445,1,0,4.0917,132.323,9.545,AFP
KIC_9394605,9394605,1,0,0.876807,132.068,2.056,AFP
KIC_9394920,9394920,1,0,1.38386,132.803,0.9972,AFP
KIC_9394920,9394920,2,0,1.38388,131.681,1.723,AFP
KIC_9394920,9394920,3,0,0.69186,131.963,1.999,NTP
KIC_9412623,9412623,1,1,6.10818,131.893,3.532,PC
KIC_9412760,9412760,1,1,9.38742,137.383,1.412,PC
KIC_9412760,9412760,2,1,7.41558,137.816,1.886,PC
KIC_9451127,9451127,1,0,5.1174,134.587,4.282,AFP
KIC_9451127,9451127,2,0,5.11741,132.028,4.092,AFP
KIC_9451706,9451706,1,1,29.3933,150.281,6.981,PC
KIC_9468296,9468296,1,0,5.74882,132.28,1.899,AFP
KIC_9468296,9468296,2,0,5.74882,135.177,1.889,AFP
KIC_9468382,9468382,1,0,11.0827,136.651,4.567,AFP
KIC_9468382,9468382,2,0,11.0829,142.586,4.992,AFP
KIC_9479460,9479460,2,0,2.07363,131.722,3.5,AFP
KIC_9479661,9479661,1,0,0.808649,131.792,1.745,NTP
KIC_9479661,9479661,2,0,5.66109,134.914,1.5,NTP
KIC_9509296,9509296,2,0,0.561244,131.561,1.5,AFP
KIC_9509343,9509343,1,1,6.39273,135.608,2.283,PC
KIC_9512687,9512687,1,1,11.5152,140.312,2.039,PC
KIC_9532117,9532117,1,0,8.21425,135.013,3.078,AFP
KIC_9532117,9532117,2,0,8.21412,138.055,2.958,AFP
KIC_9532123,9532123,1,0,8.21422,135.012,4.568,AFP
KIC_9532123,9532123,2,0,8.21422,138.04,4.525,AFP
KIC_9549472,9549472,1,0,15.7138,132.098,11.26,AFP
KIC_9549472,9549472,2,0,15.7138,137.33,6.148,AFP
KIC_9549472,9549472,3,0,15.7136,137.011,21.93,AFP
KIC_9579818,9579818,3,0,0.730676,131.791,1.821,AFP
KIC_9579860,9579860,1,0,2.15122,131.744,2.339,AFP
KIC_9580167,9580167,1,1,0.827148,132.082,1.305,PC
KIC_9596089,9596089,1,0,20.8388,133.513,2.335,AFP
KIC_9596093,9596093,1,0,0.54584,131.798,2.089,AFP
KIC_9596093,9596093,2,0,0.545842,131.525,2.012,AFP
KIC_9614124,9614124,1,0,0.74593,132.085,1.895,AFP
KIC_9614124,9614124,2,0,0.745912,131.605,1.88,AFP
KIC_9614124,9614124,3,0,0.745931,131.845,1.956,AFP
KIC_9630640,9630640,1,0,3.66189,132.526,1.789,AFP
KIC_9267042,9267042,2,0,0.502321,131.677,1.575,AFP
KIC_9267042,9267042,3,0,0.931332,131.912,2.5,NTP
KIC_9267305,9267305,1,0,384.875,346.797,15.06,NTP
KIC_9288237,9288237,1,0,7.49128,135.315,6.343,AFP
KIC_9288444,9288444,1,0,0.500703,131.803,1.538,AFP
KIC_9288444,9288444,2,0,0.500761,131.62,1.415,AFP
KIC_9288444,9288444,3,0,0.500698,131.975,1.487,AFP
KIC_9304913,9304913,1,0,0.559319,132.004,1.803,AFP
KIC_9304913,9304913,2,0,0.559351,131.698,2.116,AFP
KIC_9304923,9304923,1,0,0.56446,131.699,1.873,AFP
KIC_9304923,9304923,2,0,0.564466,132.063,1.492,AFP
KIC_9304923,9304923,3,0,0.564464,131.883,1.5,AFP
KIC_9343862,9343862,1,0,1.1233,131.975,2.5,AFP
KIC_9343888,9343888,1,0,0.988501,131.87,3.5,AFP
KIC_9362445,9362445,2,0,4.08751,132.563,12.31,AFP
KIC_9364192,9364192,1,0,0.584219,131.913,2.0,AFP
KIC_9364192,9364192,2,0,0.584203,131.633,1.799,AFP
KIC_9364290,9364290,1,1,5.26207,136.383,3.269,PC
KIC_9364290,9364290,2,1,12.1628,137.526,1.964,PC
KIC_9395024,9395024,1,1,4.37033,131.929,2.88,PC
KIC_9395222,9395222,1,0,1.48738,132.259,1.9,NTP
KIC_9413057,9413057,1,0,0.547084,131.805,0.7676,AFP
KIC_9413057,9413057,2,0,0.547086,131.96,0.7796,AFP
KIC_9413057,9413057,3,0,0.547076,131.652,1.285,AFP
KIC_9413156,9413156,1,1,3.83483,135.101,1.51,PC
KIC_9451706,9451706,2,1,48.6303,172.548,6.961,PC
KIC_9451706,9451706,3,1,14.436,141.512,3.41,PC
KIC_9452897,9452897,1,1,36.7658,157.148,3.081,PC
KIC_9468384,9468384,1,0,11.0826,136.653,4.5,AFP
KIC_9468384,9468384,2,0,11.0826,131.516,6.746,AFP
KIC_9468551,9468551,1,1,1.63862,132.301,1.866,PC
KIC_9468717,9468717,1,0,7.37344,134.005,1.996,AFP
KIC_9480189,9480189,1,1,6.58147,135.3,3.28,PC
KIC_9480189,9480189,2,1,24.6645,139.693,2.662,PC
KIC_9480189,9480189,3,1,2.38264,132.548,1.831,PC
KIC_9512981,9512981,1,1,281.563,357.997,8.824,PC
KIC_9513865,9513865,1,1,3.60147,132.374,2.251,PC
KIC_9513921,9513921,1,0,6.45376,133.816,14.1,AFP
KIC_9532321,9532321,1,0,351.696,467.741,12.43,NTP
KIC_9532421,9532421,1,0,4.30907,134.713,2.194,AFP
KIC_9532421,9532421,2,0,4.30908,132.551,1.61,AFP
KIC_9532424,9532424,1,0,4.30906,134.711,1.493,AFP
KIC_9549648,9549648,1,1,5.99186,136.883,1.669,PC
KIC_9550886,9550886,1,0,0.531225,131.926,1.744,NTP
KIC_9580992,9580992,1,1,37.804,155.371,3.277,PC
KIC_9581498,9581498,1,0,10.5488,140.387,1.174,NTP
KIC_9630640,9630640,2,0,3.6621,134.639,8.17,AFP
KIC_9631498,9631498,1,0,3.73442,134.563,9.966,AFP
KIC_9631498,9631498,2,0,3.73337,133.067,12.12,AFP
KIC_9268205,9268205,1,0,2.56021,132.65,8.402,AFP
KIC_9268205,9268205,2,0,2.56018,133.526,9.059,AFP
KIC_9269042,9269042,1,1,12.001,142.038,3.632,PC
KIC_9288786,9288786,1,0,1.74409,132.768,1.584,AFP
KIC_9288786,9288786,2,0,1.74409,131.895,1.471,AFP
KIC_9289704,9289704,1,1,34.1357,157.8,9.623,PC
KIC_9304955,9304955,1,0,5.71412,132.653,14.89,AFP
KIC_9304976,9304976,1,0,5.71323,135.858,10.77,AFP
KIC_9304976,9304976,2,0,54.6957,155.258,4.776,NTP
KIC_9304976,9304976,3,0,5.71381,132.953,18.59,AFP
KIC_9343888,9343888,2,0,0.988517,132.303,3.398,AFP
KIC_9344493,9344493,1,0,0.620012,131.875,2.034,AFP
KIC_9344493,9344493,2,0,0.620015,132.079,1.973,AFP
KIC_9344493,9344493,3,0,0.62,131.674,1.874,AFP
KIC_9364543,9364543,1,0,0.66714,131.977,2.088,AFP
KIC_9364543,9364543,2,0,0.667216,131.594,2.184,AFP
KIC_9364609,9364609,1,1,14.9744,141.499,2.392,PC
KIC_9395222,9395222,3,0,3.1675,134.461,7.018,NTP
KIC_9395246,9395246,1,0,1.52388,132.311,2.454,AFP
KIC_9395246,9395246,2,0,1.52396,132.716,3.05,AFP
KIC_9395719,9395719,1,1,2.60749,131.848,1.28,PC
KIC_9413335,9413335,1,0,1.22543,132.598,4.109,NTP
KIC_9413335,9413335,2,0,2.45127,133.064,4.51,NTP
KIC_9414417,9414417,1,1,53.5058,172.983,10.55,PC
KIC_9453452,9453452,1,0,1.82107,132.864,2.674,NTP
KIC_9453452,9453452,2,0,1.697,132.784,8.919,NTP
KIC_9468717,9468717,2,0,7.37345,137.705,2.328,AFP
KIC_9469010,9469010,1,0,5.2476,135.651,11.54,NTP
KIC_9469775,9469775,1,0,0.580129,131.918,1.791,NTP
KIC_9480237,9480237,1,0,2.67193,132.24,8.541,NTP
KIC_9480310,9480310,1,1,15.434,131.786,4.302,PC
KIC_9480535,9480535,1,1,160.132,203.472,13.59,PC
KIC_9513921,9513921,2,0,6.45514,135.146,15.07,AFP
KIC_9514372,9514372,1,1,145.787,215.044,5.446,PC
KIC_9517393,9517393,1,1,219.322,320.728,12.3,PC
KIC_9517393,9517393,2,1,56.7772,181.094,6.675,PC
KIC_9532594,9532594,1,0,0.71969,131.95,2.389,AFP
KIC_9532594,9532594,2,0,0.718249,131.759,2.0,AFP
KIC_9532603,9532603,1,1,14.5554,132.878,2.136,PC
KIC_9550886,9550886,2,0,0.507137,131.752,0.7872,AFP
KIC_9550886,9550886,3,0,0.507146,131.571,1.343,AFP
KIC_9551281,9551281,1,0,0.726914,131.705,2.618,AFP
KIC_9581589,9581589,1,1,5.19195,134.576,3.887,PC
KIC_9583881,9583881,1,1,18.0093,146.422,4.923,PC
KIC_9596469,9596469,2,0,0.963271,132.432,1.578,AFP
KIC_9631762,9631762,1,1,10.3558,134.259,2.809,PC
KIC_9631995,9631995,1,1,7.89145,137.793,4.337,PC
KIC_9632007,9632007,1,0,459.299,260.246,10.16,NTP
KIC_9632895,9632895,1,0,27.322,132.425,5.681,AFP
KIC_9269281,9269281,1,1,5.82352,133.699,2.187,PC
KIC_9289704,9289704,2,0,0.716782,131.564,2.648,AFP
KIC_9289704,9289704,3,0,0.71681,131.901,2.926,AFP
KIC_9289960,9289960,1,0,0.533447,131.998,1.046,AFP
KIC_9289960,9289960,2,0,0.533437,131.73,1.367,AFP
KIC_9305012,9305012,1,0,1.12552,131.56,1.995,AFP
KIC_9305012,9305012,2,0,1.12553,131.866,1.98,AFP
KIC_9344623,9344623,1,0,14.7594,139.78,7.5,AFP
KIC_9344623,9344623,2,0,14.7593,145.791,5.0,AFP
KIC_9345771,9345771,1,0,1.04582,132.046,3.374,AFP
KIC_9366617,9366617,1,1,26.549,137.24,8.043,PC
KIC_9366886,9366886,1,0,0.633508,131.566,1.232,AFP
KIC_9366988,9366988,1,0,1.21902,132.107,2.198,AFP
KIC_9366988,9366988,2,0,1.21917,131.619,1.984,AFP
KIC_9366988,9366988,3,0,1.22049,131.607,3.0,AFP
KIC_9396760,9396760,1,0,2.1782,132.013,1.582,AFP
KIC_9398382,9398382,1,0,3.72255,134.36,10.86,AFP
KIC_9414857,9414857,1,0,2.43668,131.85,8.08,NTP
KIC_9415108,9415108,1,1,4.51005,134.569,2.134,PC
KIC_9415172,9415172,1,1,9.946,131.919,3.52,PC
KIC_9455325,9455325,1,1,9.76786,139.439,1.953,PC
KIC_9455556,9455556,1,1,6.62643,137.603,3.218,PC
KIC_9455556,9455556,2,1,3.70119,132.163,2.67,PC
KIC_9455677,9455677,1,1,124.828,208.791,6.471,PC
KIC_9469775,9469775,2,0,2.55204,132.295,3.482,AFP
KIC_9469775,9469775,3,0,2.55202,132.902,4.356,AFP
KIC_9469775,9469775,4,0,2.55214,131.678,4.943,AFP
KIC_9471268,9471268,1,1,2.2483,133.423,2.031,PC
KIC_9487546,9487546,1,0,0.586073,131.85,2.18,NTP
KIC_9518318,9518318,1,1,6.51111,131.708,1.723,PC
KIC_9518318,9518318,2,1,23.8516,147.617,2.481,PC
KIC_9518651,9518651,1,0,2.17816,132.025,1.395,AFP
KIC_9532637,9532637,1,0,0.614964,131.711,1.505,AFP
KIC_9532637,9532637,2,0,0.614964,132.017,1.5,AFP
KIC_9551281,9551281,2,0,0.726907,132.064,2.829,AFP
KIC_9552411,9552411,1,0,0.652158,131.989,2.114,AFP
KIC_9552411,9552411,2,0,0.652172,131.641,2.794,AFP
KIC_9596469,9596469,3,0,0.963274,131.954,2.881,AFP
KIC_9597042,9597042,1,0,459.168,260.215,10.83,NTP
KIC_9597058,9597058,1,1,12.0571,135.414,2.304,PC
KIC_9632895,9632895,2,0,27.3221,145.977,4.506,AFP
KIC_9634821,9634821,1,1,73.7578,183.724,2.733,PC
KIC_9634821,9634821,2,1,5.47714,133.766,1.427,PC
KIC_9271752,9271752,1,1,11.3611,136.927,4.116,PC
KIC_9272070,9272070,1,1,8.10515,135.878,4.52,PC
KIC_9272938,9272938,1,0,0.903373,132.271,2.444,NTP
KIC_9273647,9273647,1,0,1.07493,131.608,1.412,NTP
KIC_9291039,9291039,2,0,3.79622,135.246,8.696,AFP
KIC_9291275,9291275,1,0,1.19397,132.646,3.492,NTP
KIC_9305012,9305012,3,0,1.12552,132.369,1.884,AFP
KIC_9305136,9305136,2,0,2.85637,132.872,4.966,AFP
KIC_9345819,9345819,1,0,1.0458,132.05,3.229,AFP
KIC_9345933,9345933,1,1,13.0152,134.745,3.593,PC
KIC_9346253,9346253,1,0,34.0646,150.452,9.624,AFP
KIC_9346253,9346253,2,0,34.0644,140.341,9.412,AFP
KIC_9366989,9366989,1,0,1.21903,132.103,1.823,AFP
KIC_9366989,9366989,2,0,0.609517,132.098,1.5,AFP
KIC_9366994,9366994,1,0,1.2495,131.83,3.962,AFP
KIC_9366994,9366994,2,0,1.24978,131.592,2.533,AFP
KIC_9398382,9398382,2,0,3.7228,132.422,12.31,AFP
KIC_9401997,9401997,1,1,32.2968,138.524,4.687,PC
KIC_9415172,9415172,2,1,1.04561,131.831,1.762,PC
KIC_9415172,9415172,3,1,5.71472,132.632,2.165,PC
KIC_9418205,9418205,1,0,1.44914,132.844,3.343,AFP
KIC_9456165,9456165,1,0,459.17,260.507,4.071,NTP
KIC_9456281,9456281,1,1,0.701953,131.996,0.9756,PC
KIC_9456389,9456389,1,0,4.48361,132.423,14.0,AFP
KIC_9456389,9456389,2,0,4.4829,134.896,15.05,AFP
KIC_9471268,9471268,2,1,4.58035,134.075,2.15,PC
KIC_9471268,9471268,3,1,6.7669,136.618,1.599,PC
KIC_9488426,9488426,2,0,2.06644,132.44,4.437,AFP
KIC_9488426,9488426,3,0,2.06649,132.133,6.167,AFP
KIC_9488445,9488445,1,0,1.96567,131.569,5.76,AFP
KIC_9518710,9518710,1,0,0.954499,132.398,2.864,AFP
KIC_9518710,9518710,2,0,0.964152,132.372,4.158,AFP
KIC_9518710,9518710,3,0,0.964146,131.92,3.937,AFP
KIC_9532710,9532710,1,1,5.24245,133.225,6.051,PC
KIC_9533354,9533354,1,0,3.28858,133.059,10.5,AFP
KIC_9533354,9533354,2,0,3.28819,134.585,9.593,AFP
KIC_9533354,9533354,3,0,3.28729,134.234,4.353,AFP
KIC_9552574,9552574,1,0,0.803909,131.863,1.964,NTP
KIC_9552574,9552574,2,0,0.753215,132.181,3.191,NTP
KIC_9552608,9552608,1,0,9.25057,135.407,3.548,AFP
KIC_9552608,9552608,2,0,9.25055,132.191,2.024,AFP
KIC_9588953,9588953,1,0,0.541297,131.616,1.225,AFP
KIC_9588953,9588953,2,0,0.541303,131.972,1.333,AFP
KIC_9597095,9597095,1,0,2.74564,131.708,3.004,AFP
KIC_9597095,9597095,2,0,2.74564,133.081,2.781,AFP
KIC_9597218,9597218,1,0,2.2149,132.162,6.267,AFP
KIC_9634821,9634821,3,1,8.56269,132.506,1.485,PC
KIC_9635510,9635510,1,0,2.35198,131.907,3.194,AFP
KIC_9635606,9635606,1,1,48.888,153.829,4.573,PC
KIC_9273730,9273730,1,0,0.890316,131.763,4.0,NTP
KIC_9277896,9277896,1,1,4.59495,133.832,2.856,PC
KIC_9291368,9291368,1,0,3.79503,131.892,7.5,AFP
KIC_9291368,9291368,2,0,3.79904,132.31,9.562,AFP
KIC_9291378,9291378,1,0,3.7965,135.148,7.768,AFP
KIC_9305157,9305157,1,0,2.85748,132.718,8.813,AFP
KIC_9305540,9305540,1,0,0.634834,131.534,1.814,NTP
KIC_9305574,9305574,1,0,0.500425,131.94,1.811,AFP
KIC_9305574,9305574,2,0,0.500432,131.6,1.514,AFP
KIC_9346655,9346655,1,0,0.581082,131.539,0.8987,NTP
KIC_9347009,9347009,1,1,19.3295,133.267,3.821,PC
KIC_9347095,9347095,1,0,4.22032,133.669,7.827,AFP
KIC_9367382,9367382,1,0,1.06179,131.632,4.224,NTP
KIC_9367382,9367382,2,0,0.820639,131.6,2.477,AFP
KIC_9367382,9367382,3,0,0.820692,132.217,2.146,AFP
KIC_9402583,9402583,1,0,0.536528,132.039,2.066,AFP
KIC_9402649,9402649,1,0,0.536549,132.018,2.281,AFP
KIC_9402670,9402670,1,0,0.536533,132.035,2.294,AFP
KIC_9418205,9418205,2,0,1.4494,131.956,4.489,AFP
KIC_9418508,9418508,1,1,11.0184,140.307,2.661,PC
KIC_9418619,9418619,1,0,6.15025,134.423,1.646,AFP
KIC_9456595,9456595,1,0,1.12286,132.522,1.825,NTP
KIC_9456651,9456651,1,0,10.2757,132.031,14.5,AFP
KIC_9456651,9456651,2,0,10.2748,141.218,15.21,AFP
KIC_9471360,9471360,3,0,0.739952,131.898,1.428,NTP
KIC_9471419,9471419,1,0,1.60036,131.858,2.088,AFP
KIC_9488445,9488445,2,0,1.96539,132.864,5.104,AFP
KIC_9488445,9488445,3,0,1.96578,132.259,5.435,AFP
KIC_9489348,9489348,1,0,3.34446,134.723,4.789,AFP
KIC_9520019,9520019,1,0,0.599194,131.883,1.641,AFP
KIC_9520019,9520019,2,0,0.596882,131.523,1.992,AFP
KIC_9533449,9533449,1,0,4.08703,134.142,6.034,AFP
KIC_9533449,9533449,2,0,4.08728,132.632,11.24,AFP
KIC_9533449,9533449,3,0,4.08694,135.489,14.51,AFP
KIC_9552758,9552758,1,0,0.67031,131.989,2.163,AFP
KIC_9552758,9552758,2,0,0.670336,131.645,2.193,AFP
KIC_9569479,9569479,1,0,1.97271,132.044,4.932,AFP
KIC_9588953,9588953,3,0,0.541307,131.789,1.5,AFP
KIC_9589323,9589323,1,1,3.94962,134.611,1.606,PC
KIC_9589524,9589524,1,1,22.1843,152.413,3.147,PC
KIC_9590976,9590976,1,1,5.37492,133.31,4.012,PC
KIC_9597218,9597218,2,0,2.21457,133.338,7.546,AFP
KIC_9597345,9597345,1,1,44.6997,174.821,6.381,PC
KIC_9597345,9597345,2,1,3.61929,131.826,3.021,PC
KIC_9636135,9636135,1,1,5.83379,132.912,3.835,PC
KIC_9636135,9636135,2,1,2.42148,133.846,2.7,PC
KIC_9636283,9636283,1,0,0.649466,131.807,1.819,AFP
KIC_9278021,9278021,1,0,3.35947,133.952,2.087,AFP
KIC_9278021,9278021,2,0,3.35947,132.309,2.347,AFP
KIC_9278216,9278216,1,1,9.45319,135.736,3.044,PC
KIC_9278553,9278553,1,0,18.6101,139.085,4.96,AFP
KIC_9291618,9291618,1,0,0.52403,131.618,0.6954,AFP
KIC_9291618,9291618,2,0,0.524049,131.808,1.5,AFP
KIC_9291629,9291629,1,0,20.6864,134.264,12.88,AFP
KIC_9291629,9291629,2,0,20.6865,133.432,7.5,AFP
KIC_9291748,9291748,1,0,15.927,144.452,11.7,AFP
KIC_9305831,9305831,1,1,3.24673,133.379,3.133,PC
KIC_9305952,9305952,1,0,0.722779,131.919,1.206,AFP
KIC_9305952,9305952,2,0,0.722789,131.515,1.152,AFP
KIC_9347095,9347095,2,0,4.22075,134.973,8.331,AFP
KIC_9347095,9347095,3,0,4.22081,132.22,14.59,AFP
KIC_9347339,9347339,1,0,362.438,152.633,11.82,NTP
KIC_9347494,9347494,1,0,0.931541,131.699,2.979,AFP
KIC_9368220,9368220,1,0,0.658375,131.555,1.965,AFP
KIC_9402709,9402709,1,0,0.536508,132.053,1.747,AFP
KIC_9405541,9405541,1,0,11.1053,137.635,4.0,AFP
KIC_9418619,9418619,3,0,4.10025,134.713,11.43,AFP
KIC_9418619,9418619,4,0,4.09989,132.796,16.3,AFP
KIC_9418994,9418994,1,0,32.0038,136.495,4.264,AFP
KIC_9456932,9456932,1,0,1.05396,131.785,1.757,NTP
KIC_9456985,9456985,1,0,1.33693,132.867,3.597,NTP
KIC_9456996,9456996,1,0,1.06875,132.332,3.177,AFP
KIC_9471419,9471419,2,0,1.60031,132.751,4.827,AFP
KIC_9471539,9471539,2,0,3.74692,131.584,5.765,AFP
KIC_9471539,9471539,3,0,3.74576,134.202,13.29,AFP
KIC_9489524,9489524,1,1,16.3327,136.911,2.064,PC
KIC_9489524,9489524,2,1,10.0555,133.004,2.787,PC
KIC_9520443,9520443,1,0,0.990134,132.033,0.8727,AFP
KIC_9520443,9520443,2,0,0.990114,131.55,1.216,AFP
KIC_9520668,9520668,1,0,1.39933,132.216,1.731,AFP
KIC_9533489,9533489,1,1,197.145,300.178,1.713,PC
KIC_9533489,9533489,2,0,1.19075,132.52,1.321,AFP
KIC_9533489,9533489,3,0,1.19042,132.329,3.658,AFP
KIC_9533751,9533751,1,0,4.13776,133.56,10.96,NTP
KIC_9569479,9569479,2,0,1.97266,131.919,13.38,AFP
KIC_9569711,9569711,1,1,6.05924,133.671,1.339,PC
KIC_9569838,9569838,1,0,2.83167,132.481,8.234,AFP
KIC_9569838,9569838,2,0,2.83116,134.037,10.01,AFP
KIC_9590976,9590976,2,1,8.586,137.959,3.456,PC
KIC_9590976,9590976,3,1,3.88687,132.498,3.639,PC
KIC_9591070,9591070,1,0,0.764137,131.711,1.254,AFP
KIC_9597345,9597345,3,1,124.525,254.176,9.818,PC
KIC_9597411,9597411,1,0,1.57564,132.573,2.483,AFP
KIC_9597729,9597729,1,0,0.876287,131.962,1.112,AFP
KIC_9597729,9597729,2,0,0.876291,131.525,1.075,AFP
KIC_9636283,9636283,2,0,0.649435,132.043,1.278,AFP
KIC_9636559,9636559,1,0,10.6363,139.783,5.171,AFP
KIC_9636563,9636563,1,0,10.636,139.806,3.548,AFP
KIC_9278696,9278696,1,0,0.839066,131.941,2.446,AFP
KIC_9278696,9278696,2,0,0.839061,131.61,2.006,AFP
KIC_9278696,9278696,3,0,0.651312,131.589,2.183,AFP
KIC_9278696,9278696,4,0,0.651339,131.902,2.5,AFP
KIC_9291748,9291748,2,0,15.927,136.311,12.96,AFP
KIC_9299986,9299986,1,0,1.20858,132.442,5.421,NTP
KIC_9300285,9300285,1,0,1.01263,131.727,1.765,AFP
KIC_9306900,9306900,1,0,2.4866,133.965,5.537,AFP
KIC_9347494,9347494,2,0,0.931543,132.166,2.996,AFP
KIC_9347494,9347494,3,0,0.721335,132.163,2.373,AFP
KIC_9347494,9347494,4,0,0.721322,131.944,1.931,AFP
KIC_9368220,9368220,2,0,0.658345,131.865,2.045,AFP
KIC_9368360,9368360,1,0,6.37844,132.677,11.96,NTP
KIC_9405541,9405541,2,0,11.1052,132.084,3.318,AFP
KIC_9405595,9405595,1,1,23.3593,144.02,4.654,PC
KIC_9405865,9405865,1,0,2.68821,133.47,8.905,NTP
KIC_9405865,9405865,2,0,1.34407,132.877,8.785,NTP
KIC_9418994,9418994,2,0,32.0038,155.298,6.723,AFP
KIC_9419020,9419020,1,0,2.4017,131.793,1.422,AFP
KIC_9425139,9425139,1,1,305.076,294.069,5.916,PC
KIC_9426071,9426071,1,0,28.7142,153.894,6.062,AFP
KIC_9456996,9456996,2,0,1.06872,131.59,3.253,AFP
KIC_9457541,9457541,1,0,459.269,260.3,6.749,NTP
KIC_9457728,9457728,1,1,4.37989,133.991,5.08,PC
KIC_9471539,9471539,4,0,3.74681,132.609,2.196,AFP
KIC_9471755,9471755,1,0,0.953743,132.41,1.173,AFP
KIC_9471755,9471755,2,0,0.953733,131.936,0.8901,AFP
KIC_9489524,9489524,3,1,6.88729,132.069,2.304,PC
KIC_9489524,9489524,4,1,4.78846,135.464,2.149,PC
KIC_9489590,9489590,1,0,0.770503,132.155,2.217,AFP
KIC_9489590,9489590,2,0,0.770505,131.639,2.529,AFP
KIC_9520700,9520700,2,0,12.8206,133.854,15.0,NTP
KIC_9520838,9520838,1,1,105.304,207.169,6.281,PC
KIC_9526946,9526946,2,0,0.729913,132.139,2.692,AFP
KIC_9526946,9526946,3,0,0.729888,131.812,2.723,AFP
KIC_9533751,9533751,2,0,8.2781,134.451,8.048,AFP
KIC_9533751,9533751,3,0,8.27737,139.058,15.63,AFP
KIC_9535080,9535080,1,0,49.6456,153.055,22.63,AFP
KIC_9569866,9569866,1,0,1.48033,131.753,3.087,AFP
KIC_9569866,9569866,2,0,1.48032,132.498,1.5,AFP
KIC_9570741,9570741,1,1,15.7798,144.408,4.217,PC
KIC_9591503,9591503,1,0,0.574318,131.718,2.021,AFP
KIC_9591503,9591503,2,0,0.572265,131.77,1.5,AFP
KIC_9591519,9591519,1,0,1.12469,131.975,1.493,AFP
KIC_9591519,9591519,2,0,1.12477,131.516,1.495,AFP
KIC_9597806,9597806,1,1,5.10135,133.026,2.608,PC
KIC_9598448,9598448,1,0,0.939708,132.07,2.867,AFP
KIC_9636569,9636569,1,0,10.6363,139.781,3.924,AFP
KIC_9636569,9636569,2,0,10.7302,137.472,18.37,AFP
KIC_9637299,9637299,1,0,1.88243,132.74,2.5,AFP
KIC_9637299,9637299,2,0,1.88245,131.795,3.359,AFP
KIC_9278725,9278725,1,1,1.10446,132.324,1.195,PC
KIC_9279354,9279354,1,1,2.8001,132.051,1.067,PC
KIC_9279669,9279669,1,1,3.72217,134.337,1.963,PC
KIC_9300295,9300295,1,0,0.626624,131.729,1.757,AFP
KIC_9300295,9300295,2,0,0.62662,131.89,1.499,AFP
KIC_9300295,9300295,3,0,0.626619,132.052,1.916,AFP
KIC_9306900,9306900,2,0,2.48526,132.245,4.433,AFP
KIC_9306998,9306998,1,0,6.80667,136.836,14.85,AFP
KIC_9347899,9347899,1,1,20.8602,138.296,5.266,PC
KIC_9347899,9347899,2,1,42.6342,141.175,6.245,PC
KIC_9347899,9347899,3,1,87.6475,134.943,8.665,PC
KIC_9347899,9347899,4,1,9.6173,132.859,3.93,PC
KIC_9368424,9368424,1,0,0.963468,131.584,5.541,NTP
KIC_9368524,9368524,1,0,0.611336,131.997,2.068,AFP
KIC_9406892,9406892,1,0,2.21313,132.73,3.277,AFP
KIC_9406990,9406990,1,1,20.8342,134.918,4.052,PC
KIC_9407225,9407225,1,0,3.19412,134.595,3.907,AFP
KIC_9426473,9426473,1,0,4.64186,134.358,7.109,AFP
KIC_9426473,9426473,2,0,4.64243,132.484,14.99,AFP
KIC_9457948,9457948,1,1,19.2527,144.269,4.816,PC
KIC_9458343,9458343,1,1,11.8952,132.891,3.645,PC
KIC_9458613,9458613,1,1,21.7757,146.087,8.074,PC
KIC_9471846,9471846,1,0,2.37733,132.72,3.154,AFP
KIC_9471846,9471846,2,0,2.37747,131.689,3.245,AFP
KIC_9471974,9471974,1,1,49.184,141.912,11.6,PC
KIC_9489626,9489626,1,0,0.502828,131.922,1.373,AFP
KIC_9489626,9489626,2,0,0.502836,131.747,1.214,AFP
KIC_9527334,9527334,1,1,8.31378,134.423,3.06,PC
KIC_9527915,9527915,1,1,13.2218,139.57,2.81,PC
KIC_9528212,9528212,1,0,4.93359,135.238,15.92,AFP
KIC_9535876,9535876,1,0,0.960828,131.781,1.513,AFP
KIC_9535876,9535876,2,0,0.960834,132.262,1.502,AFP
KIC_9536108,9536108,1,1,10.43,133.298,1.787,PC
KIC_9571186,9571186,1,1,34.9526,163.519,1.275,PC
KIC_9573539,9573539,1,1,10.0456,139.14,3.373,PC
KIC_9573685,9573685,1,1,5.94564,133.996,2.129,PC
KIC_9591519,9591519,3,0,1.1248,132.266,1.663,AFP
KIC_9591728,9591728,1,0,11.0358,137.278,5.619,AFP
KIC_9592575,9592575,1,0,2.63757,131.575,5.794,AFP
KIC_9592579,9592579,1,0,2.63757,131.575,4.923,AFP
KIC_9598448,9598448,2,0,0.939718,131.588,2.631,AFP
KIC_9602421,9602421,1,0,3.55661,133.517,7.433,AFP
KIC_9640285,9640285,1,0,4.90827,133.707,7.281,NTP
KIC_9279763,9279763,1,0,1.92665,133.212,6.06,NTP
KIC_9279865,9279865,1,0,2.16448,133.072,7.408,AFP
KIC_9279865,9279865,2,0,2.16458,131.955,6.923,AFP
KIC_9280239,9280239,1,1,364.742,135.499,12.27,PC
KIC_9282687,9282687,1,0,1.68075,132.037,2.5,AFP
KIC_9300946,9300946,2,0,0.950347,131.813,3.191,AFP
KIC_9300946,9300946,3,0,0.950348,132.26,3.518,AFP
KIC_9301183,9301183,1,0,3.57723,131.762,4.626,AFP
KIC_9306998,9306998,3,0,6.80884,133.189,9.502,AFP
KIC_9307105,9307105,1,0,13.5438,135.277,5.925,AFP
KIC_9349226,9349226,1,0,4.77529,136.025,12.32,AFP
KIC_9349226,9349226,2,0,4.77549,132.13,7.842,AFP
KIC_9349226,9349226,3,0,4.77628,132.9,10.45,AFP
KIC_9368524,9368524,2,0,0.61133,131.701,2.204,AFP
KIC_9369047,9369047,1,0,0.903385,132.416,1.342,AFP
KIC_9369047,9369047,2,0,0.903387,131.865,1.42,AFP
KIC_9369366,9369366,1,0,36.0051,144.348,3.021,AFP
KIC_9407225,9407225,2,0,3.19386,133.975,9.559,AFP
KIC_9407225,9407225,3,0,3.19403,132.11,8.552,AFP
KIC_9407261,9407261,1,0,311.385,307.059,5.687,NTP
KIC_9426817,9426817,2,0,11.7467,138.041,5.08,NTP
KIC_9426817,9426817,3,0,0.925921,132.176,3.34,NTP
KIC_9427067,9427067,1,0,1.30299,132.284,5.832,NTP
KIC_9458613,9458613,2,1,41.0277,131.559,10.63,PC
KIC_9458613,9458613,3,1,31.7848,135.87,9.513,PC
KIC_9458613,9458613,4,1,13.1756,143.677,6.693,PC
KIC_9458613,9458613,5,1,5.66815,131.888,4.739,PC
KIC_9471974,9471974,2,1,190.323,312.674,15.18,PC
KIC_9472000,9472000,1,1,31.5889,155.614,3.382,PC
KIC_9472074,9472074,1,1,0.558848,131.575,1.166,PC
KIC_9489947,9489947,1,0,54.0613,181.788,4.491,AFP
KIC_9528212,9528212,2,0,4.9335,132.82,15.32,AFP
KIC_9528420,9528420,1,0,4.70847,134.153,5.953,AFP
KIC_9528420,9528420,2,0,4.70846,131.801,5.325,AFP
KIC_9536515,9536515,2,0,2.03611,132.288,8.191,NTP
KIC_9536692,9536692,1,0,26.6354,155.552,5.536,AFP
KIC_9574158,9574158,1,1,15.921,147.057,1.682,PC
KIC_9574179,9574179,1,1,3.98862,134.838,3.531,PC
KIC_9574614,9574614,1,0,0.982094,131.699,1.294,AFP
KIC_9575728,9575728,1,1,2.64178,132.541,2.141,PC
KIC_9592705,9592705,1,1,10.2753,136.173,6.367,PC
KIC_9592831,9592831,1,0,0.609703,131.897,2.305,AFP
KIC_9592850,9592850,1,0,0.609669,131.934,1.521,AFP
KIC_9602431,9602431,1,0,3.55653,133.513,7.13,AFP
KIC_9602514,9602514,1,0,3.55661,133.502,5.566,AFP
KIC_9602514,9602514,2,0,3.55628,133.194,7.023,AFP
KIC_9602538,9602538,1,0,3.55643,133.558,4.744,AFP
KIC_9640439,9640439,1,0,0.873224,132.236,0.7778,AFP
KIC_9640891,9640891,1,0,0.743428,132.01,2.177,AFP
KIC_9640891,9640891,2,0,0.741154,131.74,1.531,AFP
KIC_9640907,9640907,1,0,1.08907,132.025,1.673,AFP
KIC_9282687,9282687,2,0,6.72064,135.772,12.83,NTP
KIC_9282762,9282762,1,0,1.33255,132.068,3.089,AFP
KIC_9282769,9282769,1,0,1.33252,132.064,4.082,AFP
KIC_9282853,9282853,1,1,83.5016,163.519,14.87,PC
KIC_9301183,9301183,2,0,3.57739,134.697,5.674,AFP
KIC_9301183,9301183,3,0,3.57751,133.979,5.731,AFP
KIC_9301183,9301183,5,0,3.57685,132.579,5.166,AFP
KIC_9301183,9301183,6,0,0.689021,131.516,2.5,NTP
KIC_9307509,9307509,1,1,9.76297,139.156,3.116,PC
KIC_9308289,9308289,1,0,3.37427,132.95,11.61,AFP
KIC_9308289,9308289,2,0,3.37514,131.619,10.9,AFP
KIC_9349482,9349482,1,1,110.964,187.045,12.77,PC
KIC_9349690,9349690,1,0,518.485,141.764,10.04,NTP
KIC_9349757,9349757,1,1,36.4338,132.907,4.941,PC
KIC_9369547,9369547,1,0,0.909153,131.623,2.659,AFP
KIC_9369547,9369547,2,0,0.90918,132.057,3.006,AFP
KIC_9408694,9408694,1,0,0.833673,131.99,2.475,NTP
KIC_9408917,9408917,1,0,0.97811,132.32,3.013,NTP
KIC_9427402,9427402,1,1,6.24701,132.02,1.485,PC
KIC_9428078,9428078,1,0,1.65235,131.559,2.593,AFP
KIC_9458754,9458754,1,0,0.970821,132.113,3.536,NTP
KIC_9459087,9459087,1,0,5.20645,136.192,14.95,NTP
KIC_9473078,9473078,1,1,0.693834,132.188,1.3,PC
KIC_9473570,9473570,1,0,437.155,304.515,6.095,NTP
KIC_9474222,9474222,1,0,13.6918,133.791,5.649,AFP
KIC_9474222,9474222,2,0,13.6918,143.529,5.976,AFP
KIC_9490067,9490067,2,0,2.1771,131.577,5.861,AFP
KIC_9490067,9490067,4,0,2.17708,133.336,5.679,AFP
KIC_9528430,9528430,1,0,90.0825,173.988,19.72,AFP
KIC_9528430,9528430,2,0,90.0828,148.95,16.29,AFP
KIC_9529073,9529073,2,0,0.730256,132.178,1.955,AFP
KIC_9537008,9537008,1,0,0.607962,131.96,1.044,AFP
KIC_9537008,9537008,2,0,0.607985,131.648,1.179,AFP
KIC_9540295,9540295,1,0,3.38355,133.355,9.956,NTP
KIC_9576197,9576197,1,0,7.96443,136.195,9.091,AFP
KIC_9576197,9576197,2,0,7.96445,132.191,8.693,AFP
KIC_9577855,9577855,1,0,2.21032,133.576,2.419,AFP
KIC_9592855,9592855,1,0,1.21941,131.914,3.349,AFP
KIC_9592855,9592855,2,0,1.22082,132.001,3.5,AFP
KIC_9592859,9592859,1,0,0.609586,131.549,1.826,NTP
KIC_9592918,9592918,1,0,0.609625,131.971,1.968,AFP
KIC_9602562,9602562,1,0,3.55654,133.531,6.842,AFP
KIC_9602595,9602595,1,0,3.55651,133.522,2.0,AFP
KIC_9602613,9602613,1,1,4.61226,133.86,2.629,PC
KIC_9602613,9602613,2,1,7.57301,131.941,2.754,PC
KIC_9640921,9640921,1,0,80.706,139.437,6.878,AFP
KIC_9640921,9640921,2,0,80.706,189.271,6.247,AFP
KIC_9640921,9640921,3,0,2.17812,132.033,2.372,AFP
KIC_9283002,9283002,1,0,2.90739,134.389,4.431,AFP
KIC_9283002,9283002,2,0,2.90714,133.521,4.836,AFP
KIC_9283002,9283002,3,0,2.9075,132.802,3.322,AFP
KIC_9301506,9301506,1,0,0.60521,131.77,1.036,AFP
KIC_9301506,9301506,2,0,0.605204,132.079,1.067,AFP
KIC_9328641,9328641,1,0,33.3244,132.128,15.11,AFP
KIC_9350552,9350552,1,0,660.946,268.387,12.43,NTP
KIC_9351205,9351205,1,0,1.59942,131.514,6.0,AFP
KIC_9388435,9388435,1,0,0.724942,132.026,2.482,AFP
KIC_9388435,9388435,2,0,0.724965,131.66,2.493,AFP
KIC_9388479,9388479,1,1,9.46781,140.545,2.543,PC
KIC_9409238,9409238,1,0,342.737,384.458,3.774,NTP
KIC_9428078,9428078,2,0,1.65277,132.241,3.16,AFP
KIC_9428817,9428817,1,0,2.05223,133.323,7.174,NTP
KIC_9429060,9429060,2,0,0.513371,131.642,1.5,AFP
KIC_9466030,9466030,1,0,1.20748,132.066,3.102,AFP
KIC_9466030,9466030,3,0,1.20748,132.282,1.894,AFP
KIC_9474232,9474232,1,0,13.6918,133.784,4.191,AFP
KIC_9474239,9474239,1,0,459.295,260.26,3.01,NTP
KIC_9490506,9490506,1,0,0.581597,131.755,2.051,AFP
KIC_9490506,9490506,2,0,0.581625,131.971,2.042,AFP
KIC_9490653,9490653,1,0,1.22796,131.854,1.733,AFP
KIC_9491205,9491205,1,0,0.954984,131.863,4.243,AFP
KIC_9529073,9529073,3,0,0.730257,131.996,1.535,AFP
KIC_9529733,9529733,1,0,2.40457,131.671,6.0,AFP
KIC_9529744,9529744,1,0,2.40453,131.682,5.119,AFP
KIC_9540295,9540295,2,0,6.76647,132.002,12.11,NTP
KIC_9540675,9540675,1,0,3.55642,133.564,7.941,AFP
KIC_9541089,9541089,1,0,0.536639,131.722,1.222,AFP
KIC_9578461,9578461,2,0,2.07068,133.395,4.54,AFP
KIC_9578461,9578461,3,0,2.0707,131.845,5.419,AFP
KIC_9578461,9578461,4,0,2.07071,132.393,5.0,AFP
KIC_9578686,9578686,1,1,21.3852,136.012,4.044,PC
KIC_9593528,9593528,1,1,1.88642,132.452,0.853,PC
KIC_9593757,9593757,1,0,2.49423,133.648,2.166,AFP
KIC_9593757,9593757,2,0,2.49425,132.395,1.809,AFP
KIC_9593759,9593759,1,0,2.49433,133.607,2.645,AFP
KIC_9602775,9602775,1,0,3.55637,133.579,8.637,AFP
KIC_9605514,9605514,1,1,40.7156,146.362,6.956,PC
KIC_9605514,9605514,2,1,25.8475,137.179,5.935,PC
KIC_9605514,9605514,3,1,66.7889,184.474,3.774,PC
KIC_9640924,9640924,1,0,1.08906,132.028,2.196,AFP
KIC_9640931,9640931,1,0,2.17812,132.034,2.458,AFP
KIC_9640946,9640946,1,0,2.17811,132.051,2.566,AFP
KIC_9640962,9640962,1,0,2.17813,132.032,2.817,AFP
KIC_9283156,9283156,1,1,5.22409,132.844,2.529,PC
KIC_9302543,9302543,1,0,1.21466,131.809,2.417,AFP
KIC_9303041,9303041,1,0,0.56483,132.062,1.148,AFP
KIC_9328641,9328641,2,0,33.3244,132.932,21.03,AFP
KIC_9328864,9328864,1,0,0.645846,131.895,1.127,AFP
KIC_9331207,9331207,1,0,0.708207,131.596,1.129,NTP
KIC_9351205,9351205,2,0,1.59948,132.587,4.172,AFP
KIC_9351205,9351205,3,0,1.59949,132.047,4.928,AFP
KIC_9351316,9351316,1,1,18.7842,137.883,3.172,PC
KIC_9388479,9388479,2,1,0.893043,131.86,1.129,PC
KIC_9389245,9389245,1,0,3.0955,132.339,12.88,NTP
KIC_9390653,9390653,1,1,9.54928,137.56,1.772,PC
KIC_9410930,9410930,1,1,1.85556,131.614,2.417,PC
KIC_9411166,9411166,1,1,1.9545,132.303,1.994,PC
KIC_9429060,9429060,3,0,0.514247,132.02,1.517,AFP
KIC_9430371,9430371,1,0,459.228,260.343,5.866,NTP
KIC_9466429,9466429,1,1,44.6168,164.451,7.765,PC
KIC_9474483,9474483,1,0,0.512576,131.786,1.5,AFP
KIC_9474485,9474485,1,0,0.512581,131.78,1.5,AFP
KIC_9474493,9474493,1,0,0.512738,131.856,1.013,AFP
KIC_9474493,9474493,2,0,0.512558,131.803,1.348,AFP
KIC_9491205,9491205,2,0,0.955376,132.17,1.462,AFP
KIC_9491205,9491205,3,0,0.95535,131.881,3.347,AFP
KIC_9491303,9491303,2,0,2.7356,133.463,4.341,AFP
KIC_9529744,9529744,2,1,17.9349,138.219,5.017,PC
KIC_9529744,9529744,3,1,8.37164,137.679,3.89,PC
KIC_9529856,9529856,1,0,37.4822,155.84,4.805,AFP
KIC_9529856,9529856,2,0,37.4822,163.975,5.025,AFP
KIC_9541094,9541094,1,0,0.536614,131.727,2.265,AFP
KIC_9541144,9541144,1,0,0.536658,131.707,2.246,AFP
KIC_9541163,9541163,1,0,0.536644,131.717,1.852,AFP
KIC_9578833,9578833,1,0,0.528137,132.039,1.589,AFP
KIC_9578833,9578833,2,0,0.525572,131.861,1.501,AFP
KIC_9579208,9579208,1,1,4.11751,132.799,4.307,PC
KIC_9593759,9593759,2,0,2.49432,132.366,2.774,AFP
KIC_9593773,9593773,1,0,3.1339,133.554,4.312,AFP
KIC_9606739,9606739,1,0,0.770027,132.217,1.3,AFP
KIC_9606739,9606739,2,0,0.770013,131.644,1.142,AFP
KIC_9606739,9606739,3,0,0.77003,132.113,0.9849,AFP
KIC_9640976,9640976,1,0,2.17814,132.032,1.954,AFP
KIC_9640976,9640976,2,0,2.17813,133.125,2.472,AFP
KIC_9640985,9640985,1,0,2.17814,132.027,1.617,AFP
KIC_9284487,9284487,1,0,2.59545,133.583,1.834,AFP
KIC_9284487,9284487,2,0,2.59543,133.248,3.947,AFP
KIC_9284741,9284741,1,0,20.7291,134.556,4.5,AFP
KIC_9303041,9303041,2,0,0.564838,131.774,1.265,AFP
KIC_9304101,9304101,1,1,13.2451,142.005,4.278,PC
KIC_9304367,9304367,1,0,1.61627,132.809,4.596,AFP
KIC_9333652,9333652,1,0,626.704,175.46,8.063,NTP
KIC_9333652,9333652,2,0,395.862,504.673,3.714,NTP
KIC_9334289,9334289,1,1,5.82665,132.226,3.007,PC
KIC_9334289,9334289,2,1,18.7465,147.13,4.074,PC
KIC_9351316,9351316,2,1,161.516,176.499,6.534,PC
KIC_9351622,9351622,1,0,0.504319,131.892,1.5,AFP
KIC_9351622,9351622,2,0,0.50431,131.52,1.379,AFP
KIC_9390655,9390655,1,0,9.54968,137.509,2.235,AFP
KIC_9391208,9391208,1,1,16.5606,133.497,2.006,PC
KIC_9391395,9391395,1,0,0.541626,131.571,1.732,AFP
KIC_9026611,9026611,1,0,1.24579,132.508,2.228,AFP
KIC_9026611,9026611,2,0,1.24577,132.206,2.925,AFP
KIC_9026611,9026611,3,0,1.2458,131.683,3.645,AFP
KIC_9026749,9026749,1,1,66.5579,181.323,10.46,PC
KIC_9048145,9048145,2,0,8.66781,133.009,4.849,AFP
KIC_9048161,9048161,1,0,8.66783,137.341,4.927,AFP
KIC_9048161,9048161,2,0,8.66779,133.011,4.441,AFP
KIC_9049010,9049010,1,0,3.68131,131.602,6.585,AFP
KIC_9076902,9076902,1,0,496.461,186.088,5.822,NTP
KIC_9076971,9076971,1,1,9.06689,134.751,3.089,PC
KIC_9077124,9077124,1,1,3.1663,132.98,2.986,PC
KIC_9099927,9099927,1,0,12.1767,140.955,12.47,AFP
KIC_9099927,9099927,2,0,12.1777,138.697,12.87,AFP
KIC_9099927,9099927,3,0,12.1904,135.718,14.83,AFP
KIC_9117875,9117875,2,0,1.39745,132.87,1.412,AFP
KIC_9156461,9156461,1,0,2.29638,132.215,3.737,NTP
KIC_9156585,9156585,1,0,22.3243,134.446,2.654,AFP
KIC_9156808,9156808,1,0,0.655127,131.636,2.228,AFP
KIC_9156808,9156808,2,0,0.654643,132.119,2.251,AFP
KIC_9171954,9171954,2,0,0.554737,131.784,1.986,AFP
KIC_9171954,9171954,3,0,0.554746,132.051,2.0,AFP
KIC_9172506,9172506,1,0,50.4403,149.908,12.15,AFP
KIC_9172506,9172506,2,0,50.4403,145.865,5.619,AFP
KIC_9202151,9202151,1,1,1.69473,131.657,1.531,PC
KIC_9202434,9202434,1,1,173.258,194.462,1.336,PC
KIC_9226339,9226339,1,0,21.4614,132.231,3.364,AFP
KIC_9228115,9228115,1,0,2.189,133.363,7.612,NTP
KIC_9246481,9246481,4,0,1.08305,131.78,1.45,AFP
KIC_9246715,9246715,1,0,398.1,508.772,6.0,NTP
KIC_9264949,9264949,1,1,11.4191,140.63,4.382,PC
KIC_8874090,8874090,1,1,13.324,135.243,3.369,PC
KIC_8874090,8874090,2,1,18.9063,140.831,3.626,PC
KIC_8878187,8878187,1,1,3.03206,132.336,3.281,PC
KIC_8878681,8878681,1,0,2.49633,132.206,2.576,AFP
KIC_8896357,8896357,1,0,2.46665,132.179,5.627,AFP
KIC_8896357,8896357,2,0,2.46667,132.751,2.599,AFP
KIC_8903643,8903643,1,0,1.82241,132.411,4.176,AFP
KIC_8903643,8903643,2,0,1.82194,131.783,2.937,AFP
KIC_8937019,8937019,1,0,5.6636,133.892,1.618,AFP
KIC_8937019,8937019,2,0,5.6636,131.988,2.018,AFP
KIC_8937021,8937021,1,0,5.66357,133.898,1.545,AFP
KIC_8937021,8937021,2,0,5.66358,131.99,1.524,AFP
KIC_8959062,8959062,1,0,3.36066,134.012,9.551,AFP
KIC_8959062,8959062,2,0,3.36049,133.041,7.725,AFP
KIC_8959769,8959769,1,0,3.25398,134.565,4.086,AFP
KIC_8977223,8977223,1,0,0.642227,131.965,0.9407,AFP
KIC_8977223,8977223,2,0,0.642177,131.668,1.756,AFP
KIC_8978528,8978528,1,1,18.6848,136.146,3.72,PC
KIC_9007609,9007609,1,0,1.31635,132.333,1.395,AFP
KIC_9007953,9007953,1,0,1.3872,132.846,2.395,AFP
KIC_9027841,9027841,1,0,0.503974,131.645,0.8501,AFP
KIC_9027876,9027876,1,0,2.84147,131.859,7.144,NTP
KIC_9049010,9049010,2,0,3.6812,132.275,5.904,AFP
KIC_9083470,9083470,1,0,0.918443,131.575,3.165,AFP
KIC_9099927,9099927,4,0,2.86525,131.578,8.736,NTP
KIC_9099927,9099927,5,0,63.9802,156.039,12.09,NTP
KIC_9099950,9099950,1,0,1.11132,132.332,2.908,AFP
KIC_9119405,9119405,1,0,18.6463,139.092,8.905,AFP
KIC_9119405,9119405,2,0,18.6463,143.427,10.71,AFP
KIC_9157030,9157030,1,1,24.9094,155.383,3.878,PC
KIC_9172506,9172506,3,0,50.4401,146.2,25.71,AFP
KIC_9172981,9172981,2,0,0.664743,131.792,2.18,AFP
KIC_9172981,9172981,3,0,0.66478,132.106,2.084,AFP
KIC_9204103,9204103,1,0,0.551346,131.911,1.683,AFP
KIC_9204103,9204103,2,0,0.551389,131.883,2.076,AFP
KIC_9204718,9204718,2,0,0.9133,132.304,5.886,NTP
KIC_9229318,9229318,1,0,0.611996,131.821,2.044,AFP
KIC_9229318,9229318,2,0,0.61195,131.578,2.786,AFP
KIC_8841894,8841894,2,0,2.39711,132.749,4.127,AFP
KIC_8842025,8842025,1,0,0.522435,131.957,1.212,AFP
KIC_8842025,8842025,2,0,0.522436,131.695,1.287,AFP
KIC_8878681,8878681,3,0,2.49628,133.857,9.0,AFP
KIC_8879427,8879427,1,0,16.3133,136.854,4.455,AFP
KIC_8879427,8879427,2,0,16.3133,133.221,4.592,AFP
KIC_8904714,8904714,1,0,5.23666,133.621,2.247,AFP
KIC_8905010,8905010,1,0,3.58473,132.833,4.731,AFP
KIC_8937762,8937762,1,0,7.53642,136.429,1.002,AFP
KIC_8938257,8938257,2,0,2.0646,132.476,6.633,NTP
KIC_8959769,8959769,2,0,3.25411,133.009,3.376,AFP
KIC_8959769,8959769,3,0,3.25404,133.75,9.872,AFP
KIC_8959839,8959839,1,1,22.7082,133.72,3.433,PC
KIC_8978528,8978528,2,1,7.41633,135.854,2.129,PC
KIC_8978630,8978630,2,0,1.30413,131.698,4.487,AFP
KIC_8978630,8978630,3,0,1.30411,132.642,2.75,AFP
KIC_9008103,9008103,1,1,20.5718,142.803,3.712,PC
KIC_9008220,9008220,1,1,9.39104,132.975,2.836,PC
KIC_9008220,9008220,2,0,499.505,179.467,14.45,NTP
KIC_9027876,9027876,2,0,0.800175,131.674,2.541,NTP
KIC_9027876,9027876,3,0,0.948232,131.567,1.83,NTP
KIC_9027909,9027909,1,1,64.6596,170.175,7.81,PC
KIC_9028104,9028104,1,0,1.53579,132.618,4.992,AFP
KIC_9049550,9049550,1,0,23.8147,135.931,2.031,AFP
KIC_9049673,9049673,1,0,1.32753,131.564,2.161,AFP
KIC_9049697,9049697,1,0,1.32745,131.599,2.774,AFP
KIC_9083564,9083564,1,0,0.918436,131.584,2.343,AFP
KIC_9084778,9084778,2,0,0.592277,131.58,1.5,AFP
KIC_9100484,9100484,1,1,8.75058,139.478,3.11,PC
KIC_9100953,9100953,1,1,8.70178,138.248,3.164,PC
KIC_9119458,9119458,1,1,11.5303,139.136,2.23,PC
KIC_9119536,9119536,1,0,6.2825,132.933,14.92,AFP
KIC_9119536,9119536,2,0,6.28473,135.688,14.71,AFP
KIC_9157634,9157634,1,0,2.1047,133.164,1.484,AFP
KIC_9157634,9157634,2,0,2.10469,133.163,7.459,AFP
KIC_9157908,9157908,1,0,9.41472,132.918,4.354,AFP
KIC_9157908,9157908,2,0,9.41474,135.853,3.229,AFP
KIC_9173014,9173014,1,0,2.45266,132.048,7.245,NTP
KIC_9174121,9174121,1,0,0.588977,131.655,2.038,AFP
KIC_9205907,9205907,1,1,12.0229,136.208,1.215,PC
KIC_9229342,9229342,2,0,5.45142,136.018,11.37,AFP
KIC_9229342,9229342,3,0,5.45143,133.602,9.971,AFP
KIC_9229571,9229571,1,0,1.99541,133.235,2.523,AFP
KIC_8880123,8880123,1,1,46.7163,145.506,7.362,PC
KIC_8880153,8880153,1,0,0.543975,131.966,1.743,NTP
KIC_8905010,8905010,2,0,3.58478,134.923,6.838,AFP
KIC_8905010,8905010,3,0,3.58458,133.471,8.572,AFP
KIC_8905246,8905246,1,1,27.6371,143.934,1.756,PC
KIC_8938937,8938937,1,1,37.1086,166.234,4.322,PC
KIC_8960985,8960985,1,0,3.56244,134.379,4.335,AFP
KIC_8960985,8960985,2,0,3.56257,132.8,8.44,AFP
KIC_8962094,8962094,1,1,30.8644,142.071,2.857,PC
KIC_8979190,8979190,1,0,3.47648,134.754,10.28,AFP
KIC_8979190,8979190,2,0,3.47888,132.265,11.6,AFP
KIC_8979238,8979238,2,0,8.53258,131.966,12.1,AFP
KIC_9008427,9008427,2,0,1.18158,131.692,3.965,NTP
KIC_9009036,9009036,1,1,6.76291,135.674,6.09,PC
KIC_9028104,9028104,2,0,1.53578,132.066,5.006,AFP
KIC_9028134,9028134,1,0,1.70545,132.421,4.345,AFP
KIC_9028134,9028134,2,0,1.70556,132.869,4.315,AFP
KIC_9050785,9050785,1,0,3.19483,133.835,8.047,AFP
KIC_9050785,9050785,2,0,3.19493,131.631,9.735,AFP
KIC_9050785,9050785,3,0,3.19511,132.781,10.83,AFP
KIC_9085563,9085563,1,1,54.6495,176.032,8.508,PC
KIC_9100953,9100953,2,1,44.9853,150.568,4.301,PC
KIC_9101208,9101208,1,0,1.81138,132.951,2.43,AFP
KIC_9101279,9101279,1,0,1.81148,132.928,4.5,AFP
KIC_9119568,9119568,1,0,5.54861,133.94,4.514,AFP
KIC_9119652,9119652,1,0,1.10812,131.699,3.188,AFP
KIC_9159242,9159242,1,0,3.04484,132.421,6.287,AFP
KIC_9159265,9159265,1,0,3.04482,132.425,5.652,AFP
KIC_9174121,9174121,2,0,0.588968,131.961,2.442,AFP
KIC_9174919,9174919,1,0,7.91889,137.3,14.38,AFP
KIC_9174919,9174919,2,0,7.91706,134.573,15.04,AFP
KIC_9205938,9205938,1,1,108.593,173.753,8.019,PC
KIC_9205938,9205938,2,1,199.671,131.598,9.286,PC
KIC_9205993,9205993,1,0,1.21975,132.11,2.5,AFP
KIC_9205993,9205993,2,0,1.21974,132.731,1.736,AFP
KIC_9229571,9229571,2,0,1.99569,132.057,3.6,AFP
KIC_9229657,9229657,1,1,2.66831,131.687,2.44,PC
KIC_8843268,8843268,1,0,7.87652,137.326,14.09,NTP
KIC_8843313,8843313,1,0,1.47959,132.769,4.327,AFP
KIC_8843313,8843313,2,0,1.47945,131.691,3.265,AFP
KIC_8880157,8880157,2,0,1.02604,131.623,2.564,NTP
KIC_8880162,8880162,2,0,0.512948,131.914,1.657,NTP
KIC_8906045,8906045,1,0,2.34743,133.758,2.388,AFP
KIC_8906045,8906045,2,0,2.34798,133.569,0.6736,AFP
KIC_8906045,8906045,3,0,2.3471,133.797,2.5,AFP
KIC_8906089,8906089,1,0,3.07562,134.448,10.47,NTP
KIC_8939650,8939650,1,0,1.82766,132.821,3.72,AFP
KIC_8940642,8940642,1,0,562.767,245.729,7.768,NTP
KIC_8962094,8962094,2,1,9.36062,134.53,3.074,PC
KIC_8962094,8962094,3,1,14.6672,145.422,3.714,PC
KIC_8962094,8962094,4,1,68.1614,187.03,5.777,PC
KIC_8979238,8979238,3,0,8.53742,134.915,17.67,AFP
KIC_8979487,8979487,1,0,1.47601,132.777,6.513,NTP
KIC_9009211,9009211,1,0,459.303,260.248,3.905,NTP
KIC_9009953,9009953,1,1,234.242,210.805,11.38,PC
KIC_9011825,9011825,1,1,37.3335,162.899,7.574,PC
KIC_9028154,9028154,1,0,0.719952,131.952,1.156,AFP
KIC_9028154,9028154,2,0,0.719936,131.641,1.025,AFP
KIC_9028474,9028474,1,0,124.937,177.682,7.493,AFP
KIC_9051487,9051487,1,0,0.956479,132.129,1.484,AFP
KIC_9051487,9051487,2,0,0.956463,131.547,1.087,AFP
KIC_9051487,9051487,3,0,0.956466,131.761,1.592,AFP
KIC_9051487,9051487,4,0,0.942229,132.328,3.5,AFP
KIC_9086154,9086154,1,1,225.264,224.981,15.39,PC
KIC_9086251,9086251,1,1,6.89214,131.629,1.753,PC
KIC_9101400,9101400,1,0,0.828994,131.507,3.0,AFP
KIC_9101496,9101496,1,1,6.56228,132.61,3.924,PC
KIC_9108058,9108058,1,0,2.17491,131.944,5.0,AFP
KIC_9108058,9108058,2,0,2.17479,133.108,5.0,AFP
KIC_9137447,9137447,1,0,0.65315,131.724,2.081,AFP
KIC_9137447,9137447,2,0,0.653188,132.0,2.64,AFP
KIC_9137728,9137728,1,0,459.28,260.285,2.899,NTP
KIC_9138411,9138411,1,0,619.77,131.643,4.624,NTP
KIC_9159275,9159275,1,0,3.04476,132.439,3.954,AFP
KIC_9159275,9159275,2,0,3.04466,132.752,3.687,AFP
KIC_9159275,9159275,3,0,3.04488,132.2,7.068,AFP
KIC_9159301,9159301,1,0,3.04475,132.437,7.5,AFP
KIC_9159301,9159301,2,0,3.04479,133.955,8.601,AFP
KIC_9177629,9177629,1,1,5.60402,133.827,1.09,PC
KIC_9207508,9207508,1,0,2.01517,132.1,5.0,AFP
KIC_9207508,9207508,2,0,2.01513,133.125,4.844,AFP
KIC_9209247,9209247,1,0,0.669277,131.832,1.825,NTP
KIC_9230007,9230007,2,0,0.816094,131.746,1.765,AFP
KIC_9230007,9230007,3,0,0.816058,132.194,2.459,AFP
KIC_9230021,9230021,1,1,8.74197,135.423,4.168,PC
KIC_9230021,9230021,2,1,15.8282,144.403,3.849,PC
KIC_8845026,8845026,1,0,66.4675,160.475,19.71,AFP
KIC_8845026,8845026,2,0,66.4674,182.234,16.21,AFP
KIC_8845205,8845205,1,1,18.4776,148.314,2.03,PC
KIC_8881697,8881697,1,0,1.30253,131.696,1.825,NTP
KIC_8906294,8906294,1,0,0.915771,131.82,2.148,AFP
KIC_8906294,8906294,2,0,0.915899,131.691,2.0,AFP
KIC_8906676,8906676,1,0,8.20951,134.063,4.145,AFP
KIC_8947520,8947520,1,1,0.968528,131.509,1.247,PC
KIC_8948424,8948424,1,0,5.88885,132.36,3.727,AFP
KIC_8963002,8963002,2,0,0.597109,131.524,1.305,AFP
KIC_8963002,8963002,3,0,0.597114,131.92,1.5,AFP
KIC_8963721,8963721,1,0,1.81138,132.966,3.16,AFP
KIC_8981446,8981446,1,0,0.98166,131.855,2.096,NTP
KIC_9011877,9011877,1,1,7.77709,133.869,3.165,PC
KIC_9015738,9015738,1,1,13.933,139.41,2.61,PC
KIC_9016295,9016295,1,0,19.9745,131.681,4.24,AFP
KIC_9028474,9028474,2,0,124.939,183.986,11.06,AFP
KIC_9030447,9030447,1,0,0.583141,131.939,1.348,AFP
KIC_9030447,9030447,2,0,0.583177,131.755,1.654,AFP
KIC_9030537,9030537,1,1,62.5612,178.41,5.434,PC
KIC_9051650,9051650,1,0,5.32143,135.274,13.98,AFP
KIC_9051650,9051650,2,0,5.32357,132.37,14.82,AFP
KIC_9051650,9051650,3,0,5.32094,136.445,10.12,AFP
KIC_9091755,9091755,1,0,1.10646,132.341,2.992,AFP
KIC_9092496,9092496,2,0,0.685088,131.847,2.669,NTP
KIC_9108085,9108085,1,0,2.17492,131.948,3.757,AFP
KIC_9108615,9108615,2,0,2.24899,133.582,6.669,NTP
KIC_9161118,9161118,1,0,1.30666,132.57,3.278,AFP
KIC_9161894,9161894,2,0,2.40226,133.084,7.115,NTP
KIC_9161894,9161894,3,0,1.41248,132.037,5.007,NTP
KIC_9178185,9178185,1,0,2.99269,133.299,1.28,AFP
KIC_9178185,9178185,2,0,2.99272,131.797,1.559,AFP
KIC_9178501,9178501,1,0,1.39932,131.945,5.185,NTP
KIC_9209624,9209624,1,1,6.79157,136.496,3.321,PC
KIC_9209624,9209624,2,1,11.8377,142.215,3.274,PC
KIC_9236858,9236858,1,0,2.53708,134.005,4.687,AFP
KIC_9236858,9236858,2,0,2.53706,132.744,3.5,AFP
KIC_9237149,9237149,1,0,0.52853,131.749,3.919,NTP
KIC_9239124,9239124,1,0,1.85836,132.395,3.099,AFP
KIC_8881883,8881883,1,0,1.66238,131.901,3.846,AFP
KIC_8881883,8881883,2,0,1.66177,131.997,5.507,AFP
KIC_8882561,8882561,1,0,1.51426,131.688,5.183,AFP
KIC_8906676,8906676,2,0,8.20952,138.17,4.007,AFP
KIC_8907191,8907191,1,0,0.844703,131.931,3.416,NTP
KIC_8907597,8907597,1,0,2.62642,133.003,5.095,NTP
KIC_8907597,8907597,2,0,1.31316,132.327,4.477,NTP
KIC_8948424,8948424,2,0,5.88878,134.875,2.832,AFP
KIC_8949247,8949247,1,0,23.7999,152.565,5.008,AFP
KIC_8949316,8949316,1,0,0.604356,131.688,0.7487,AFP
KIC_8949316,8949316,2,0,0.604383,131.973,1.5,AFP
KIC_8964935,8964935,1,0,0.838947,131.992,1.536,NTP
KIC_8964935,8964935,2,0,0.803959,131.574,2.686,NTP
KIC_8964935,8964935,3,0,1.22554,131.983,4.289,NTP
KIC_8982583,8982583,1,0,6.60266,132.11,15.27,AFP
KIC_8982583,8982583,2,0,6.60277,135.145,15.23,AFP
KIC_8982583,8982583,3,0,6.60355,136.559,12.32,AFP
KIC_8982857,8982857,1,0,352.64,231.298,8.643,NTP
KIC_9016295,9016295,2,0,19.9745,143.733,4.077,AFP
KIC_9017682,9017682,1,1,11.305,138.138,4.003,PC
KIC_9017929,9017929,1,0,0.730269,132.109,2.02,AFP
KIC_9031209,9031209,1,1,47.057,161.059,5.409,PC
KIC_9031507,9031507,1,0,650.45,258.472,4.77,NTP
KIC_9031703,9031703,1,1,9.33378,137.62,7.682,PC
KIC_9051902,9051902,2,0,0.555544,131.679,1.785,AFP
KIC_9051902,9051902,3,0,0.555595,131.888,2.0,AFP
KIC_9051991,9051991,1,0,0.916496,132.1,1.793,AFP
KIC_9051991,9051991,2,0,0.916492,131.572,2.29,AFP
KIC_9092496,9092496,3,0,1.0151,132.266,3.656,NTP
KIC_9092504,9092504,1,1,0.96285,132.134,1.464,PC
KIC_9092504,9092504,2,1,6.46007,135.967,1.764,PC
KIC_9092529,9092529,1,0,0.590035,131.923,1.708,AFP
KIC_9108715,9108715,1,0,1.43311,132.718,4.625,AFP
KIC_9108715,9108715,2,0,1.43331,131.878,3.199,AFP
KIC_9109743,9109743,1,0,0.650054,131.843,1.726,AFP
KIC_9109743,9109743,2,0,0.650129,132.119,2.58,AFP
KIC_9139084,9139084,1,1,5.83598,134.859,2.08,PC
KIC_9139163,9139163,1,0,0.604779,131.97,1.954,NTP
KIC_9140402,9140402,1,1,2.49417,133.44,2.095,PC
KIC_9141355,9141355,1,1,469.617,422.493,11.87,PC
KIC_9161894,9161894,4,0,54.3776,163.181,4.943,NTP
KIC_9161945,9161945,1,0,1.95832,132.18,4.236,AFP
KIC_9161945,9161945,2,0,1.95831,131.647,6.098,AFP
KIC_9162224,9162224,1,0,459.256,260.276,6.69,NTP
KIC_9178502,9178502,2,0,0.721366,131.944,2.411,NTP
KIC_9178548,9178548,1,0,0.696144,131.886,3.282,NTP
KIC_9210387,9210387,1,1,5.90606,131.563,2.409,PC
KIC_9210823,9210823,1,0,0.828194,131.589,1.537,AFP
KIC_9210943,9210943,1,0,0.912851,131.999,2.107,AFP
KIC_9239124,9239124,3,0,1.85821,133.121,1.627,AFP
KIC_9239211,9239211,1,0,2.19912,132.817,3.817,NTP
KIC_8845574,8845574,1,0,1.87816,132.515,1.588,AFP
KIC_8845574,8845574,2,0,1.87813,131.585,1.482,AFP
KIC_8882561,8882561,2,0,1.51445,132.6,3.624,AFP
KIC_8882847,8882847,1,0,42.201,172.427,5.583,AFP
KIC_8883329,8883329,1,1,9.18246,134.043,4.318,PC
KIC_8907769,8907769,1,0,1.7725,132.948,7.214,NTP
KIC_8908102,8908102,1,0,5.41458,136.706,3.675,AFP
KIC_8949925,8949925,1,1,13.2512,141.175,5.23,PC
KIC_8949925,8949925,2,1,42.0285,138.817,8.399,PC
KIC_8950568,8950568,1,1,8.30539,139.744,3.508,PC
KIC_8950568,8950568,2,1,12.5136,139.421,4.45,PC
KIC_8971294,8971294,1,0,1.32075,131.913,1.284,AFP
KIC_8971294,8971294,3,0,1.32729,132.674,4.117,AFP
KIC_8971432,8971432,1,0,0.624383,131.797,1.456,AFP
KIC_8971432,8971432,2,0,0.624313,131.586,1.5,AFP
KIC_8984131,8984131,1,0,1.27795,132.079,4.937,AFP
KIC_8984131,8984131,2,0,1.27793,132.732,4.644,AFP
KIC_8984706,8984706,1,0,10.1354,132.324,5.703,AFP
KIC_9017929,9017929,2,0,0.730291,131.853,1.969,AFP
KIC_9032551,9032551,1,0,1.94487,132.851,4.124,NTP
KIC_9032551,9032551,2,0,3.88961,133.55,4.228,AFP
KIC_9051991,9051991,3,0,0.916448,132.058,3.465,AFP
KIC_9052849,9052849,1,0,0.592864,131.779,2.129,NTP
KIC_9092529,9092529,2,0,0.590044,131.53,1.984,AFP
KIC_9092897,9092897,1,0,3.91692,132.213,2.106,NTP
KIC_9092897,9092897,2,0,0.827051,131.581,1.704,AFP
KIC_9109857,9109857,1,1,1.79188,132.875,1.302,PC
KIC_9110346,9110346,1,0,0.895285,131.618,2.942,AFP
KIC_9110357,9110357,1,0,0.895224,131.657,1.575,AFP
KIC_9111056,9111056,1,0,1.39529,132.88,2.024,AFP
KIC_9141746,9141746,1,1,6.49169,135.683,4.394,PC
KIC_9142773,9142773,1,0,406.73,365.054,12.45,NTP
KIC_9142974,9142974,1,0,459.132,260.422,11.74,NTP
KIC_9162741,9162741,1,0,1.36861,131.634,1.544,AFP
KIC_9163180,9163180,1,0,1.34862,132.385,2.491,AFP
KIC_9178929,9178929,1,0,0.972282,131.931,3.721,AFP
KIC_9210943,9210943,2,0,0.912868,132.203,2.053,AFP
KIC_9210943,9210943,3,0,1.42245,131.633,4.474,NTP
KIC_9214712,9214712,1,0,265.3,316.919,8.944,AFP
KIC_9239681,9239681,1,0,0.629966,131.652,1.821,AFP
KIC_9239681,9239681,2,0,0.629959,131.963,1.484,AFP
KIC_9239681,9239681,3,0,0.629978,132.122,2.0,AFP
KIC_8847111,8847111,1,0,0.575877,132.012,1.049,AFP
KIC_8883329,8883329,2,1,14.6136,140.406,5.422,PC
KIC_8883593,8883593,1,1,5.74347,134.694,3.423,PC
KIC_8883727,8883727,1,0,2.52906,133.393,1.471,AFP
KIC_8883727,8883727,2,0,2.52906,132.128,1.24,AFP
KIC_8908102,8908102,2,0,5.41486,131.878,11.26,AFP
KIC_8950568,8950568,3,1,25.2147,152.733,3.936,PC
KIC_8950853,8950853,1,1,37.8146,134.666,8.685,PC
KIC_8951096,8951096,1,0,563.136,135.439,12.21,NTP
KIC_8951205,8951205,1,1,4.9506,132.811,1.688,PC
KIC_8971879,8971879,1,0,5.91264,132.525,17.92,NTP
KIC_8972058,8972058,1,1,8.99088,136.739,4.152,PC
KIC_8972058,8972058,2,1,2.40361,132.335,1.353,PC
KIC_8984755,8984755,1,0,0.734568,131.598,1.404,AFP
KIC_8984831,8984831,1,0,2.03924,132.837,2.687,NTP
KIC_8984831,8984831,3,0,0.679681,132.179,5.136,NTP
KIC_9019191,9019191,1,1,14.4333,143.618,1.977,PC
KIC_9020114,9020114,1,1,3.48411,134.555,1.42,PC
KIC_9020160,9020160,1,1,5.94504,134.802,2.71,PC
KIC_9020160,9020160,2,1,17.7385,148.99,2.878,PC
KIC_9032551,9032551,3,0,3.89022,131.724,6.928,AFP
KIC_9052849,9052849,2,0,1.22098,133.031,2.483,AFP
KIC_9052849,9052849,3,0,1.21368,132.224,3.168,AFP
KIC_9052883,9052883,1,0,5.18878,135.199,8.981,AFP
KIC_9052883,9052883,2,0,5.18874,131.547,14.2,AFP
KIC_9092897,9092897,3,0,0.827019,132.0,3.196,AFP
KIC_9092940,9092940,1,0,1.78196,131.856,6.13,AFP
KIC_9092940,9092940,2,0,1.78182,133.097,5.892,AFP
KIC_9111056,9111056,2,0,2.09711,131.768,1.878,AFP
KIC_9111056,9111056,3,0,2.09705,131.931,1.755,AFP
KIC_9111056,9111056,4,0,1.39526,132.717,1.512,AFP
KIC_9111056,9111056,5,0,0.64528,131.739,1.5,AFP
KIC_9111056,9111056,6,0,0.645281,131.895,1.5,AFP
KIC_9143254,9143254,1,0,1.13753,131.53,2.446,AFP
KIC_9145369,9145369,1,0,1.61503,132.145,2.792,AFP
KIC_9163180,9163180,3,0,1.34819,131.891,4.103,AFP
KIC_9163221,9163221,1,0,3.34781,134.366,1.357,AFP
KIC_9163221,9163221,3,0,3.35204,134.315,7.737,AFP
KIC_9178929,9178929,2,0,0.972305,131.531,3.589,AFP
KIC_9179044,9179044,1,0,4.32491,132.195,14.12,AFP
KIC_9179044,9179044,2,0,4.3253,134.397,14.04,AFP
KIC_9214712,9214712,2,0,265.299,326.263,4.538,AFP
KIC_9214715,9214715,2,0,265.298,316.92,8.588,AFP
KIC_9214715,9214715,3,0,265.313,326.242,3.623,AFP
KIC_9240664,9240664,1,0,10.7843,141.413,1.059,AFP
KIC_9240664,9240664,2,0,10.7843,136.743,1.849,AFP
KIC_8847349,8847349,1,0,0.732871,132.059,2.427,AFP
KIC_8847349,8847349,2,0,0.733049,131.802,2.692,AFP
KIC_8847759,8847759,1,0,654.598,155.874,8.196,NTP
KIC_8884274,8884274,1,1,10.6528,136.086,2.811,PC
KIC_8885638,8885638,1,0,582.681,425.639,4.509,NTP
KIC_8885643,8885643,1,1,3.40168,132.059,1.976,PC
KIC_8885673,8885673,1,0,1.2287,132.278,1.146,AFP
KIC_8908767,8908767,2,0,0.862811,131.806,3.791,NTP
KIC_8908977,8908977,1,0,1.38214,131.514,5.0,AFP
KIC_8908977,8908977,2,0,1.38222,131.821,4.152,AFP
KIC_8912730,8912730,1,0,11.3775,132.577,7.293,AFP
KIC_8912730,8912730,2,0,11.3776,134.261,10.97,AFP
KIC_8951215,8951215,1,1,39.4758,133.836,2.533,PC
KIC_8951965,8951965,1,0,3.47285,132.979,10.1,NTP
KIC_8951965,8951965,2,0,5.03071,136.045,10.59,NTP
KIC_8972489,8972489,1,0,0.640176,132.131,2.004,AFP
KIC_8972489,8972489,2,0,0.640171,131.821,2.505,AFP
KIC_8972966,8972966,1,0,0.990541,132.152,2.428,AFP
KIC_8985157,8985157,2,0,2.05467,132.816,3.592,AFP
KIC_8985157,8985157,3,0,2.05481,131.563,4.894,AFP
KIC_9020160,9020160,3,1,9.93964,131.585,2.935,PC
KIC_9020199,9020199,1,0,1.03695,131.974,3.121,NTP
KIC_9020199,9020199,2,0,1.35099,131.756,2.363,AFP
KIC_9020199,9020199,3,0,1.35126,132.245,4.407,AFP
KIC_9034103,9034103,1,1,7.13966,137.189,3.919,PC
KIC_9040422,9040422,1,0,1.42294,132.879,4.603,AFP
KIC_9040422,9040422,2,0,1.42281,132.574,4.5,AFP
KIC_9040849,9040849,1,0,4.11876,134.85,3.261,AFP
KIC_9052883,9052883,3,0,5.18857,133.736,9.041,AFP
KIC_9053086,9053086,1,0,1.27481,131.633,0.5665,AFP
KIC_9053086,9053086,2,0,1.27464,131.858,0.7738,AFP
KIC_9092940,9092940,4,0,89.1179,172.993,7.76,NTP
KIC_9093033,9093033,1,0,563.203,279.181,7.489,NTP
KIC_9093086,9093086,1,1,9.70421,138.209,3.328,PC
KIC_9093266,9093266,1,0,0.646654,131.566,1.589,AFP
KIC_9111849,9111849,1,1,63.0729,191.257,5.361,PC
KIC_9111849,9111849,3,0,1.00012,132.396,2.412,AFP
KIC_9145369,9145369,3,0,1.61518,132.894,4.999,AFP
KIC_9145762,9145762,1,0,395.877,504.637,11.88,NTP
KIC_9145861,9145861,1,1,42.2935,133.955,17.16,PC
KIC_9163458,9163458,1,0,2.95417,131.803,9.929,AFP
KIC_9163458,9163458,2,0,2.95386,133.394,8.741,AFP
KIC_9179771,9179771,1,0,5.19689,136.742,8.608,AFP
KIC_9179771,9179771,2,0,5.19727,132.591,13.87,AFP
KIC_9179771,9179771,3,0,5.19816,134.654,13.81,AFP
KIC_9214942,9214942,1,1,18.7546,141.718,3.19,PC
KIC_9215655,9215655,1,0,6.06226,132.673,14.11,AFP
KIC_9215655,9215655,2,0,6.06394,136.155,12.2,AFP
KIC_9241509,9241509,2,0,0.683542,131.719,2.13,AFP
KIC_9241509,9241509,3,0,0.683612,132.023,2.019,AFP
KIC_8848115,8848115,1,0,0.82473,131.807,1.313,AFP
KIC_8848271,8848271,1,0,9.99163,137.448,3.809,AFP
KIC_8848271,8848271,2,0,9.99162,140.664,4.318,AFP
KIC_8848288,8848288,1,0,5.56647,133.039,8.277,AFP
KIC_8885841,8885841,1,0,459.212,260.287,4.542,NTP
KIC_8888719,8888719,1,0,3.03462,133.434,7.62,NTP
KIC_8890150,8890150,1,1,34.9898,144.209,4.197,PC
KIC_8890150,8890150,2,1,7.05429,136.194,1.821,PC
KIC_8912730,8912730,5,0,11.3775,137.184,3.269,AFP
KIC_8913111,8913111,1,0,1.01982,132.511,5.172,NTP
KIC_8953059,8953059,1,0,5.49994,136.869,5.123,AFP
KIC_8953059,8953059,2,0,5.49993,133.778,4.717,AFP
KIC_8953257,8953257,1,0,3.22178,132.92,3.304,AFP
KIC_8953257,8953257,2,0,3.22177,134.534,2.895,AFP
KIC_8972966,8972966,2,0,0.990531,131.664,2.019,AFP
KIC_8973000,8973000,1,0,28.0279,158.348,17.23,AFP
KIC_8973000,8973000,2,0,28.0277,148.771,4.5,AFP
KIC_8973067,8973067,1,0,1.375,132.141,5.051,NTP
KIC_9001558,9001558,1,0,0.737213,132.009,1.524,AFP
KIC_9001558,9001558,2,0,0.737207,131.638,1.826,AFP
KIC_9001926,9001926,1,0,0.557869,131.533,1.905,NTP
KIC_9002237,9002237,1,0,4.35009,134.8,2.617,AFP
KIC_9020774,9020774,1,0,1.80842,132.148,5.085,AFP
KIC_9020774,9020774,2,0,1.80839,131.529,6.072,AFP
KIC_9040983,9040983,1,0,5.28629,135.638,13.93,AFP
KIC_9040983,9040983,2,0,5.2872,132.031,14.07,AFP
KIC_9042357,9042357,1,0,16.0036,146.385,3.996,AFP
KIC_9053112,9053112,1,0,1.27482,131.628,1.421,AFP
KIC_9054553,9054553,1,0,0.657563,132.027,2.149,AFP
KIC_9054553,9054553,2,0,0.657556,131.672,2.156,AFP
KIC_9093266,9093266,2,0,0.646635,131.727,1.5,AFP
KIC_9093349,9093349,1,0,534.203,156.129,6.905,NTP
KIC_9093566,9093566,1,0,0.943559,132.385,2.24,AFP
KIC_9111849,9111849,4,0,1.0002,131.857,3.152,AFP
KIC_9112931,9112931,1,1,10.7125,137.167,2.616,PC
KIC_9146018,9146018,1,1,9.92673,135.979,3.841,PC
KIC_9146018,9146018,2,1,21.2235,149.151,4.989,PC
KIC_9146018,9146018,3,1,6.47028,136.504,3.2,PC
KIC_9164788,9164788,1,0,2.66383,132.686,8.708,AFP
KIC_9164788,9164788,2,0,2.6684,133.691,2.854,AFP
KIC_9164788,9164788,3,0,2.67004,133.283,4.238,AFP
KIC_9180282,9180282,1,0,2.7913,131.935,2.772,AFP
KIC_9180566,9180566,1,0,3.26734,133.493,8.291,AFP
KIC_9180566,9180566,2,0,3.26765,132.318,5.642,AFP
KIC_9215655,9215655,3,0,1.5158,132.038,5.011,NTP
KIC_9216775,9216775,1,1,3.91791,132.868,2.401,PC
KIC_9242383,9242383,1,0,0.53167,131.719,2.575,AFP
KIC_9242383,9242383,2,0,0.531486,131.628,1.799,AFP
KIC_9242383,9242383,3,0,0.531496,131.859,2.0,AFP
KIC_8848916,8848916,1,0,0.893538,131.875,2.914,NTP
KIC_8849165,8849165,1,0,0.932356,132.397,3.505,AFP
KIC_8890783,8890783,1,1,58.362,138.194,6.42,PC
KIC_8890783,8890783,2,1,5.35017,131.557,2.344,PC
KIC_8890924,8890924,1,1,26.6566,131.594,4.98,PC
KIC_8890924,8890924,2,1,4.44102,135.268,8.808,PC
KIC_8913894,8913894,1,0,4.23325,131.681,5.952,AFP
KIC_8913894,8913894,2,0,4.23196,134.216,8.404,AFP
KIC_8914322,8914322,1,0,0.514812,131.93,1.955,AFP
KIC_8953278,8953278,1,0,23.5992,134.28,2.051,NTP
KIC_8953281,8953281,1,0,0.784354,132.221,2.022,AFP
KIC_8953296,8953296,1,0,0.784396,132.202,2.175,NTP
KIC_8953414,8953414,1,0,2.66595,131.587,5.0,AFP
KIC_8973129,8973129,1,1,24.1737,135.628,3.456,PC
KIC_8973529,8973529,1,0,1.23494,132.465,3.381,NTP
KIC_9002237,9002237,2,0,4.35011,132.622,1.841,AFP
KIC_9002278,9002278,1,1,18.1641,144.484,2.944,PC
KIC_9002278,9002278,2,1,5.71489,136.634,2.343,PC
KIC_9020774,9020774,4,0,1.80835,132.776,5.693,AFP
KIC_9021052,9021052,1,0,3.32936,133.592,9.629,AFP
KIC_9042357,9042357,2,0,16.0033,138.35,3.44,AFP
KIC_9044063,9044063,1,0,1.11472,131.796,3.99,AFP
KIC_9044063,9044063,2,0,1.11297,131.811,4.306,AFP
KIC_9044228,9044228,1,1,0.934887,131.58,1.369,PC
KIC_9070666,9070666,1,1,2.99792,131.769,4.344,PC
KIC_9071343,9071343,1,0,0.843513,131.552,2.476,AFP
KIC_9071343,9071343,2,0,0.843507,131.973,2.399,AFP
KIC_9071386,9071386,1,0,4.6933,132.17,5.163,AFP
KIC_9093566,9093566,2,0,0.943872,131.85,2.341,AFP
KIC_9147012,9147012,1,1,116.452,162.004,16.28,PC
KIC_9149789,9149789,1,0,0.705018,131.674,1.223,AFP
KIC_9149789,9149789,2,0,0.70501,132.028,1.206,AFP
KIC_9164836,9164836,1,0,48.1188,170.84,5.272,AFP
KIC_9164836,9164836,2,0,48.1188,158.321,4.748,AFP
KIC_9164938,9164938,1,0,0.863865,132.167,3.547,NTP
KIC_9164938,9164938,2,0,1.57418,132.422,1.666,AFP
KIC_9164938,9164938,3,0,1.57286,132.161,6.0,AFP
KIC_9180566,9180566,3,0,3.26746,134.493,11.61,AFP
KIC_9180821,9180821,1,0,4.47768,132.89,14.38,AFP
KIC_9180821,9180821,2,0,4.47759,135.257,16.6,AFP
KIC_9220002,9220002,1,0,576.445,424.146,5.102,NTP
KIC_9220002,9220002,2,0,483.854,423.525,4.378,NTP
KIC_9220612,9220612,1,0,0.979137,132.234,2.332,AFP
KIC_9221398,9221398,1,0,13.7875,136.762,2.554,AFP
KIC_9243421,9243421,1,0,1.19622,131.608,4.614,NTP
KIC_9243464,9243464,1,0,0.59966,131.794,1.933,AFP
KIC_9243464,9243464,2,0,0.599666,132.093,2.012,AFP
KIC_8849165,8849165,2,0,0.932381,131.917,2.899,AFP
KIC_8866102,8866102,1,1,17.8337,145.564,4.871,PC
KIC_8866137,8866137,1,1,33.4178,155.587,4.724,PC
KIC_8866467,8866467,1,0,482.618,313.299,10.02,NTP
KIC_8890996,8890996,1,0,1.50646,133.005,2.745,AFP
KIC_8891278,8891278,1,0,12.7187,134.839,2.475,AFP
KIC_8891278,8891278,2,0,12.7186,135.051,18.17,AFP
KIC_8914322,8914322,2,0,0.514823,131.672,1.48,AFP
KIC_8914779,8914779,1,0,0.987327,131.889,2.53,AFP
KIC_8914866,8914866,2,0,1.43604,132.548,2.253,AFP
KIC_8953475,8953475,1,0,2.66581,131.629,5.361,AFP
KIC_8955709,8955709,1,0,0.942985,131.779,1.165,AFP
KIC_8955709,8955709,2,0,0.943017,132.237,1.106,AFP
KIC_8973529,8973529,2,0,0.854847,132.054,2.947,NTP
KIC_8973811,8973811,1,0,3.26015,134.522,6.767,AFP
KIC_8973811,8973811,2,0,3.25975,131.98,3.998,AFP
KIC_8973811,8973811,3,0,3.25974,133.799,5.336,AFP
KIC_9002278,9002278,3,1,122.386,150.412,7.311,PC
KIC_9002278,9002278,4,1,267.283,322.435,7.686,PC
KIC_9002278,9002278,5,1,12.442,134.643,3.572,PC
KIC_9002538,9002538,1,1,4.96055,135.329,3.019,PC
KIC_9021052,9021052,3,0,3.32941,131.934,10.17,AFP
KIC_9021075,9021075,1,1,7.28111,132.76,2.594,PC
KIC_9021291,9021291,1,0,3.65718,133.391,8.564,NTP
KIC_9022166,9022166,1,1,26.8476,142.17,10.07,PC
KIC_9045002,9045002,1,0,0.890786,132.258,4.254,AFP
KIC_9045002,9045002,2,0,0.890669,131.946,3.307,AFP
KIC_9071593,9071593,1,1,32.5634,163.463,5.298,PC
KIC_9071593,9071593,2,1,59.2802,148.762,6.299,PC
KIC_9071682,9071682,1,0,1.44744,131.837,5.544,NTP
KIC_9094763,9094763,1,0,1.0847,131.736,3.041,AFP
KIC_9095152,9095152,1,0,0.790916,132.101,2.378,AFP
KIC_9095152,9095152,2,0,0.790929,131.696,2.97,AFP
KIC_9115039,9115039,1,0,1.04296,131.659,3.187,AFP
KIC_9115039,9115039,2,0,1.04294,131.511,3.103,AFP
KIC_9115681,9115681,1,0,1.86393,132.194,2.289,AFP
KIC_9149959,9149959,1,0,0.984336,132.015,2.866,AFP
KIC_9149959,9149959,2,0,0.984324,131.785,2.408,AFP
KIC_9150012,9150012,1,0,0.952758,132.298,1.685,AFP
KIC_9181012,9181012,1,0,1.28164,131.573,3.174,AFP
KIC_9221398,9221398,2,0,13.7865,136.307,15.41,AFP
KIC_9221517,9221517,1,1,0.769843,131.755,1.257,PC
KIC_9221528,9221528,1,1,16.2954,144.797,4.945,PC
KIC_9243562,9243562,1,0,0.573463,131.931,1.799,AFP
KIC_9243562,9243562,2,0,0.573467,131.636,1.423,AFP
KIC_8868364,8868364,1,0,421.428,262.289,8.612,AFP
KIC_8868649,8868649,1,0,4.44739,133.829,10.23,AFP
KIC_8868657,8868657,1,0,4.44723,133.871,12.14,AFP
KIC_8868686,8868686,1,0,4.44706,133.91,5.861,AFP
KIC_8891684,8891684,1,1,374.874,491.067,10.43,PC
KIC_8892157,8892157,1,1,3.73087,132.903,2.847,PC
KIC_8892303,8892303,1,1,5.42476,133.727,1.165,PC
KIC_8914866,8914866,3,0,1.43611,132.005,3.265,AFP
KIC_8915238,8915238,1,0,14.1227,138.93,14.78,NTP
KIC_8955867,8955867,1,0,0.529797,131.812,2.389,AFP
KIC_8955867,8955867,2,0,0.525642,131.928,1.643,AFP
KIC_8955889,8955889,1,0,459.277,260.288,4.437,NTP
KIC_8956206,8956206,1,1,6.17998,132.722,2.231,PC
KIC_8974140,8974140,1,0,0.508694,131.835,1.613,AFP
KIC_8974140,8974140,2,0,0.508702,131.589,1.5,AFP
KIC_8975368,8975368,1,0,2.42647,133.711,1.758,AFP
KIC_9002538,9002538,2,1,6.88309,134.154,1.78,PC
KIC_9003401,9003401,1,1,21.1033,144.66,2.037,PC
KIC_9005042,9005042,1,0,0.64044,132.006,1.118,AFP
KIC_9005042,9005042,2,0,0.640459,131.693,1.09,AFP
KIC_9022166,9022166,2,1,72.3832,179.493,8.163,PC
KIC_9025557,9025557,1,0,2.39872,133.564,10.82,NTP
KIC_9045401,9045401,1,0,0.773402,131.873,2.503,AFP
KIC_9045401,9045401,2,0,0.773403,132.28,1.448,AFP
KIC_9045521,9045521,2,0,0.536821,131.621,1.274,AFP
KIC_9072011,9072011,1,0,0.953509,131.915,3.061,AFP
KIC_9072011,9072011,2,0,0.9535,132.384,2.388,AFP
KIC_9072190,9072190,1,1,49.1012,136.471,6.407,PC
KIC_9095292,9095292,1,0,0.987001,132.355,3.443,NTP
KIC_9095849,9095849,1,0,1.57187,132.93,7.467,NTP
KIC_9097120,9097120,1,0,23.8996,141.183,3.803,AFP
KIC_9115800,9115800,1,1,4.45419,132.733,2.409,PC
KIC_9116568,9116568,1,0,0.792563,131.631,1.986,NTP
KIC_9150012,9150012,2,0,0.952916,131.801,2.179,AFP
KIC_9150012,9150012,3,0,1.48463,132.397,5.1,AFP
KIC_9150012,9150012,4,0,1.48448,131.764,4.466,AFP
KIC_9166386,9166386,1,0,9.30624,138.87,15.08,NTP
KIC_9166700,9166700,1,1,264.464,134.978,6.759,PC
KIC_9181012,9181012,2,0,1.2816,132.165,3.359,AFP
KIC_9222516,9222516,1,0,0.639379,131.892,1.105,AFP
KIC_9222516,9222516,2,0,0.639375,131.571,1.184,AFP
KIC_9244508,9244508,1,1,40.5288,168.019,10.44,PC
KIC_8868907,8868907,1,0,157.322,222.903,21.97,AFP
KIC_8868907,8868907,2,0,157.322,265.256,8.517,AFP
KIC_8869680,8869680,1,0,7.03378,131.957,6.231,AFP
KIC_8892720,8892720,1,0,61.4912,163.634,9.744,AFP
KIC_8892720,8892720,2,0,61.4913,151.274,9.593,AFP
KIC_8892721,8892721,1,0,61.4912,163.634,9.482,AFP
KIC_8892910,8892910,1,0,10.8101,132.952,4.465,AFP
KIC_8956206,8956206,2,1,99.6736,219.333,0.8824,PC
KIC_8956850,8956850,1,0,1.56222,132.984,5.023,AFP
KIC_8956850,8956850,2,0,1.56234,131.998,5.053,AFP
KIC_8975644,8975644,1,0,0.692403,132.162,0.9425,AFP
KIC_8975644,8975644,2,0,0.692392,131.707,0.8028,AFP
KIC_8975644,8975644,3,0,0.692398,131.931,0.9416,AFP
KIC_8975644,8975644,4,0,0.6924,132.045,1.5,AFP
KIC_9005047,9005047,1,0,1.31672,132.572,5.338,NTP
KIC_9006186,9006186,1,1,5.45297,134.153,2.097,PC
KIC_9025600,9025600,1,0,8.40115,136.705,11.36,AFP
KIC_9025600,9025600,3,0,8.40028,133.661,11.82,AFP
KIC_9045521,9045521,3,0,0.536821,131.885,1.293,AFP
KIC_9047103,9047103,1,0,0.5889,131.798,1.278,AFP
KIC_9047103,9047103,2,0,0.588902,131.561,1.303,AFP
KIC_9072639,9072639,1,1,1.18284,131.984,2.91,PC
KIC_9073007,9073007,1,0,0.57975,131.52,1.217,AFP
KIC_9097423,9097423,1,0,0.594458,131.739,1.499,AFP
KIC_9097423,9097423,2,0,0.594467,132.027,1.882,AFP
KIC_9117123,9117123,1,0,2.16409,133.561,2.087,AFP
KIC_9117390,9117390,1,0,8.31309,134.366,3.399,NTP
KIC_9117390,9117390,2,0,2.81519,131.568,6.931,NTP
KIC_9117390,9117390,3,0,2.11154,131.567,7.437,NTP
KIC_9117390,9117390,4,0,1.58334,131.984,5.0,NTP
KIC_9150827,9150827,1,1,14.5342,145.423,3.226,PC
KIC_9166826,9166826,2,0,1.47354,131.95,3.868,AFP
KIC_9166826,9166826,3,0,1.4735,132.695,2.034,AFP
KIC_9166862,9166862,1,1,3.8556,132.123,3.211,PC
KIC_9182617,9182617,1,0,1.3777,131.665,4.75,AFP
KIC_9182617,9182617,2,0,1.37765,132.612,4.552,AFP
KIC_9182617,9182617,3,0,0.967472,132.396,2.5,NTP
KIC_9183378,9183378,1,1,3.38559,133.969,1.942,PC
KIC_9224836,9224836,1,0,2.06283,132.26,7.5,AFP
KIC_9224836,9224836,2,0,2.06282,133.302,6.25,AFP
KIC_9225395,9225395,1,1,81.3147,176.002,6.061,PC
KIC_9244508,9244508,2,0,2.94774,134.456,8.332,NTP
KIC_9244756,9244756,1,1,16.3436,145.04,5.363,PC
KIC_8869855,8869855,1,0,0.937125,131.564,7.068,NTP
KIC_8869892,8869892,1,0,0.507449,131.916,1.297,AFP
KIC_8869892,8869892,2,0,0.507441,131.801,1.319,AFP
KIC_8869892,8869892,3,0,0.507436,131.667,1.5,AFP
KIC_8870545,8870545,1,0,523.272,132.004,12.4,NTP
KIC_8894646,8894646,1,1,3.5556,132.749,3.232,PC
KIC_8916492,8916492,1,0,4.02379,132.21,3.232,AFP
KIC_8934103,8934103,1,1,175.139,296.035,10.78,PC
KIC_8934103,8934103,2,1,77.7885,190.186,7.586,PC
KIC_8957572,8957572,2,0,3.15326,131.671,7.902,AFP
KIC_8957572,8957572,3,0,3.15344,133.225,11.24,AFP
KIC_8957954,8957954,1,0,2.17993,132.129,4.773,AFP
KIC_8958035,8958035,1,1,7.98119,133.802,1.8,PC
KIC_8976187,8976187,1,0,0.560567,131.8,1.468,AFP
KIC_8976187,8976187,2,0,0.560547,132.02,1.431,AFP
KIC_8976195,8976195,1,0,1.15463,132.188,2.776,AFP
KIC_9006186,9006186,2,1,3.26665,132.814,2.121,PC
KIC_9006186,9006186,3,1,4.27225,133.221,2.192,PC
KIC_9006186,9006186,4,1,2.1925,132.237,2.069,PC
KIC_9006449,9006449,1,1,12.6451,138.631,8.527,PC
KIC_9025914,9025914,1,0,11.3202,131.811,3.5,AFP
KIC_9025914,9025914,2,0,11.3203,140.132,5.853,AFP
KIC_9047103,9047103,3,0,0.588909,131.914,1.5,AFP
KIC_9047284,9047284,1,0,0.653248,131.614,1.327,AFP
KIC_9047416,9047416,1,1,9.01474,138.228,3.21,PC
KIC_9048145,9048145,1,0,8.66783,137.341,5.05,AFP
KIC_9073007,9073007,2,0,0.57975,131.847,0.9923,AFP
KIC_9074955,9074955,1,0,459.287,260.278,3.858,NTP
KIC_9076513,9076513,1,1,2.437,131.752,3.121,PC
KIC_9097892,9097892,1,0,1.67468,132.177,1.374,AFP
KIC_9099427,9099427,1,0,3.05841,134.155,11.77,NTP
KIC_9117416,9117416,1,1,20.0347,145.453,6.62,PC
KIC_9117416,9117416,2,1,3.15719,131.704,3.51,PC
KIC_9117875,9117875,1,0,1.39747,132.343,1.891,AFP
KIC_9153554,9153554,1,0,0.747368,131.964,0.7647,AFP
KIC_9153554,9153554,2,0,0.747359,131.598,0.8077,AFP
KIC_9153570,9153570,1,1,3.81373,132.572,1.949,PC
KIC_9153823,9153823,1,1,1.44449,132.311,1.517,PC
KIC_9166870,9166870,1,0,3.85559,132.126,3.064,AFP
KIC_9171801,9171801,1,0,3.18709,133.403,2.025,AFP
KIC_9171801,9171801,2,0,3.1871,131.805,2.291,AFP
KIC_9171954,9171954,1,0,0.554523,131.726,0.99,AFP
KIC_9201644,9201644,1,0,0.659768,132.216,2.172,NTP
KIC_9201644,9201644,2,0,1.3196,131.843,2.119,AFP
KIC_9201644,9201644,3,0,1.31963,132.487,3.992,AFP
KIC_9226081,9226081,2,0,0.896188,132.04,3.135,AFP
KIC_9226081,9226081,3,0,0.896171,131.602,3.219,AFP
KIC_9246481,9246481,2,0,1.08306,132.459,2.0,AFP
KIC_9246481,9246481,3,0,1.08305,132.067,1.47,AFP
KIC_8871494,8871494,1,0,0.857838,131.995,1.737,AFP
KIC_8871494,8871494,2,0,0.85776,131.749,2.258,AFP
KIC_8873090,8873090,1,1,10.1648,136.414,6.067,PC
KIC_8894646,8894646,2,0,0.541987,131.898,4.099,AFP
KIC_8895758,8895758,1,1,0.96894,132.449,1.696,PC
KIC_8934495,8934495,1,1,4.59239,135.266,2.422,PC
KIC_8935352,8935352,1,0,10.91,135.315,12.0,AFP
KIC_8935810,8935810,1,1,6.23035,137.683,1.599,PC
KIC_8976195,8976195,2,0,1.15466,131.899,3.774,AFP
KIC_8976589,8976589,1,0,0.988936,132.153,3.909,AFP
KIC_8976589,8976589,2,0,0.988863,131.742,3.849,AFP
KIC_9006449,9006449,2,1,21.5262,132.29,8.225,PC
KIC_9006449,9006449,3,1,33.8841,160.0,5.583,PC
KIC_9007332,9007332,1,0,0.92422,132.219,3.5,NTP
KIC_9025914,9025914,3,0,11.3205,131.559,15.0,AFP
KIC_9025922,9025922,1,0,11.3203,131.804,4.48,AFP
KIC_9025922,9025922,2,0,11.3205,140.131,4.225,AFP
KIC_9025971,9025971,1,1,141.242,256.204,6.759,PC
KIC_10208303,10208303,2,0,8.08691,136.32,15.67,AFP
KIC_10208345,10208345,1,0,3.6248,134.434,12.24,AFP
KIC_10208345,10208345,2,0,3.62502,132.565,12.64,AFP
KIC_10228942,10228942,1,0,21.0254,148.223,6.509,AFP
KIC_10228942,10228942,2,0,21.0261,148.749,13.36,AFP
KIC_10228991,10228991,1,0,1.39956,132.072,1.196,NTP
KIC_10229903,10229903,1,0,1.87944,133.372,2.937,NTP
KIC_10268903,10268903,1,0,1.10397,131.583,0.6685,AFP
KIC_10268907,10268907,1,0,1.10396,131.582,1.127,AFP
KIC_10268907,10268907,2,0,0.551994,131.583,1.231,AFP
KIC_10271806,10271806,1,1,5.925,134.166,2.645,PC
KIC_10290447,10290447,1,0,0.691561,131.648,1.549,NTP
KIC_10290666,10290666,1,1,5.4585,133.88,3.962,PC
KIC_10337323,10337323,1,0,3.43124,133.322,8.18,AFP
KIC_10337323,10337323,2,0,3.43145,131.84,5.654,AFP
KIC_10337517,10337517,1,1,7.05395,136.355,1.598,PC
KIC_10354039,10354039,1,1,64.6174,166.144,5.714,PC
KIC_10357831,10357831,1,0,1.72157,131.707,1.99,AFP
KIC_10357831,10357831,2,0,1.72159,132.553,1.967,AFP
KIC_10405019,10405019,1,0,1.38668,132.428,4.254,AFP
KIC_10405019,10405019,3,0,1.38673,131.699,3.47,AFP
KIC_10427996,10427996,1,0,5.04864,136.178,14.82,NTP
KIC_10448626,10448626,1,0,530.753,469.313,14.95,NTP
KIC_10448764,10448764,1,0,3.48872,132.763,7.505,AFP
KIC_10448764,10448764,2,0,3.48907,131.658,6.702,AFP
KIC_10471113,10471113,1,0,0.93369,131.567,2.639,AFP
KIC_10471167,10471167,1,0,0.933665,131.595,3.486,AFP
KIC_10471174,10471174,1,0,0.933676,131.6,3.748,AFP
KIC_10471204,10471204,1,0,0.933649,131.599,4.141,AFP
KIC_10489019,10489019,2,0,0.781151,131.739,2.449,AFP
KIC_10489206,10489206,1,1,4.16438,133.609,1.807,PC
KIC_10489206,10489206,2,1,5.77439,132.967,1.924,PC
KIC_10489265,10489265,1,0,1.97599,131.723,5.695,NTP
KIC_10019065,10019065,1,1,52.6298,155.612,6.359,PC
KIC_10019399,10019399,1,1,11.8057,133.05,1.485,PC
KIC_10019643,10019643,1,1,21.3473,150.388,4.039,PC
KIC_10035150,10035150,1,0,0.750168,131.762,2.522,NTP
KIC_10035155,10035155,1,0,0.558887,131.677,1.417,AFP
KIC_10035155,10035155,2,0,0.558884,131.908,1.486,AFP
KIC_10080248,10080248,1,1,14.8784,142.967,7.255,PC
KIC_10080943,10080943,1,0,3.2305,133.437,4.635,AFP
KIC_10080943,10080943,2,0,3.23058,132.681,10.4,AFP
KIC_10080943,10080943,3,0,5.1135,133.264,14.41,NTP
KIC_10118816,10118816,1,1,7.71791,139.156,2.104,PC
KIC_10120548,10120548,1,1,8.83038,134.799,3.064,PC
KIC_10141900,10141900,4,1,9.65505,137.079,3.066,PC
KIC_10146103,10146103,1,1,7.58057,132.903,3.281,PC
KIC_10147217,10147217,1,0,2.01804,132.202,6.88,AFP
KIC_10147217,10147217,2,0,1.97778,132.791,6.024,AFP
KIC_10166274,10166274,3,1,28.4645,158.043,2.829,PC
KIC_10186945,10186945,1,0,0.793671,131.79,1.151,AFP
KIC_10212441,10212441,1,1,15.0448,133.203,5.789,PC
KIC_10212620,10212620,1,0,447.707,482.339,5.461,NTP
KIC_10213902,10213902,1,1,59.6223,138.138,6.684,PC
KIC_10230120,10230120,1,0,4.33565,133.447,14.39,NTP
KIC_10231017,10231017,1,0,1.32416,132.366,2.245,NTP
KIC_10231119,10231119,1,0,420.719,509.41,7.549,NTP
KIC_10231171,10231171,1,0,4.70884,132.065,11.91,AFP
KIC_10271806,10271806,2,1,11.3494,134.318,3.136,PC
KIC_10271806,10271806,3,1,3.13296,132.541,2.216,PC
KIC_10271806,10271806,4,1,18.6435,141.625,1.735,PC
KIC_10272389,10272389,1,0,4.56445,133.091,5.968,AFP
KIC_10290666,10290666,2,1,6.86657,135.382,3.814,PC
KIC_10291589,10291589,1,1,7.08757,138.273,3.44,PC
KIC_10292238,10292238,1,0,143.117,266.366,10.5,AFP
KIC_10292238,10292238,2,0,143.117,245.547,9.0,AFP
KIC_10292465,10292465,1,0,1.35339,131.931,2.073,AFP
KIC_10337517,10337517,2,1,4.29268,134.794,2.51,PC
KIC_10338279,10338279,1,0,5.66028,134.466,0.722,AFP
KIC_10338279,10338279,2,0,5.6602,131.651,0.8416,AFP
KIC_10357965,10357965,1,0,0.792996,132.081,6.049,NTP
KIC_10357965,10357965,2,0,3.97381,135.162,2.622,NTP
KIC_10358759,10358759,1,1,10.3393,139.364,3.146,PC
KIC_10405470,10405470,1,0,0.933723,131.532,3.417,AFP
KIC_10407020,10407020,1,0,0.933817,132.408,2.47,AFP
KIC_10407047,10407047,1,0,0.933692,131.553,2.813,AFP
KIC_10448764,10448764,3,0,3.4892,133.633,7.622,AFP
KIC_10471345,10471345,1,0,0.933746,132.435,3.128,AFP
KIC_10471515,10471515,1,1,3.78481,133.501,3.25,PC
KIC_9991621,9991621,1,0,18.926,145.513,3.706,AFP
KIC_9992325,9992325,1,1,24.0862,148.208,2.156,PC
KIC_9993529,9993529,1,0,0.790553,131.874,1.106,AFP
KIC_9993683,9993683,1,1,29.9371,145.105,4.54,PC
KIC_10019643,10019643,2,1,7.81109,132.296,3.172,PC
KIC_10019708,10019708,1,1,3.2687,134.213,3.485,PC
KIC_10019708,10019708,2,0,8.78475,135.374,6.696,AFP
KIC_10019763,10019763,1,1,32.5046,137.826,2.501,PC
KIC_10035155,10035155,3,0,0.558881,132.022,1.469,AFP
KIC_10035363,10035363,1,0,5.84064,136.839,14.84,NTP
KIC_10081748,10081748,2,0,1.4294,131.822,3.633,AFP
KIC_10122012,10122012,1,0,5.04281,135.394,14.13,AFP
KIC_10122012,10122012,2,0,5.04251,133.914,15.37,AFP
KIC_10122255,10122255,1,1,27.6653,144.87,6.626,PC
KIC_10147217,10147217,3,0,1.97779,131.842,8.639,AFP
KIC_10147854,10147854,1,0,384.156,260.271,7.617,NTP
KIC_10148521,10148521,1,0,1.20428,131.646,1.327,AFP
KIC_10148787,10148787,1,0,3.08292,133.126,9.674,NTP
KIC_10186945,10186945,2,0,0.793644,132.201,1.049,AFP
KIC_10187017,10187017,1,1,16.1457,134.754,3.811,PC
KIC_10187017,10187017,2,1,10.3117,134.081,3.17,PC
KIC_10187017,10187017,3,1,27.4538,145.022,3.744,PC
KIC_10213964,10213964,1,0,0.528109,131.6,1.209,AFP
KIC_10213964,10213964,2,0,0.520369,131.589,1.5,AFP
KIC_10214162,10214162,1,1,17.4239,148.829,4.206,PC
KIC_10231171,10231171,2,0,4.70866,133.557,6.184,AFP
KIC_10232123,10232123,1,0,1.34376,131.935,1.891,AFP
KIC_10272442,10272442,1,1,24.5435,138.832,7.361,PC
KIC_10272442,10272442,2,1,70.2779,151.329,2.361,PC
KIC_10272640,10272640,1,1,3.77055,134.656,3.807,PC
KIC_10292465,10292465,2,0,1.35248,131.963,3.0,AFP
KIC_10293818,10293818,1,0,0.509092,131.879,1.497,AFP
KIC_10293818,10293818,2,0,0.509096,131.535,1.374,AFP
KIC_10293818,10293818,3,0,0.509103,131.698,1.5,AFP
KIC_10338624,10338624,2,0,1.21511,131.734,3.566,AFP
KIC_10338624,10338624,3,0,1.21546,132.235,1.999,AFP
KIC_10339590,10339590,1,0,455.541,294.957,8.122,NTP
KIC_10358759,10358759,2,1,13.2868,132.262,5.049,PC
KIC_10359526,10359526,1,0,648.418,258.43,8.658,NTP
KIC_10407054,10407054,1,0,0.93375,132.442,2.87,AFP
KIC_10407086,10407086,1,0,0.933669,132.515,2.774,AFP
KIC_10407210,10407210,1,0,1.86749,132.466,3.989,AFP
KIC_10451090,10451090,1,0,0.542919,131.68,1.068,AFP
KIC_10451090,10451090,2,0,0.542599,132.192,0.8203,AFP
KIC_10451090,10451090,3,0,0.542412,132.035,1.654,AFP
KIC_10471621,10471621,1,1,10.2713,135.175,3.024,PC
KIC_10471780,10471780,1,0,582.287,426.381,3.379,NTP
KIC_10471780,10471780,2,0,601.511,354.778,14.39,NTP
KIC_10471914,10471914,1,0,0.536747,131.593,1.289,AFP
KIC_9995402,9995402,1,1,3.57554,132.859,2.386,PC
KIC_9995753,9995753,1,0,459.289,260.232,5.186,NTP
KIC_9995771,9995771,1,1,25.4337,143.134,6.542,PC
KIC_9995771,9995771,2,1,15.0617,140.114,6.305,PC
KIC_10019950,10019950,1,0,444.616,485.573,14.12,NTP
KIC_10020423,10020423,1,0,7.44838,137.695,4.198,AFP
KIC_10035772,10035772,3,0,0.793026,132.201,2.147,AFP
KIC_10035772,10035772,4,0,0.793058,131.77,3.0,AFP
KIC_10053675,10053675,1,0,591.134,207.599,6.53,NTP
KIC_10081748,10081748,3,0,1.42978,132.5,3.06,AFP
KIC_10082556,10082556,1,0,459.293,260.262,4.127,NTP
KIC_10122538,10122538,1,1,20.9569,139.085,3.513,PC
KIC_10122538,10122538,2,1,12.2855,131.898,3.047,PC
KIC_10122538,10122538,3,1,5.53605,131.89,2.014,PC
KIC_10122538,10122538,4,1,37.6336,158.811,5.453,PC
KIC_10149023,10149023,1,1,9.95643,134.298,3.734,PC
KIC_10152836,10152836,1,0,220.93,277.11,11.71,AFP
KIC_10152836,10152836,2,0,220.929,240.818,6.762,AFP
KIC_10153011,10153011,1,1,83.0971,162.935,9.162,PC
KIC_10187017,10187017,4,1,7.07134,132.917,2.796,PC
KIC_10187017,10187017,5,1,5.28695,135.85,2.702,PC
KIC_10187159,10187159,1,1,7.96433,136.816,1.496,PC
KIC_10215422,10215422,1,0,24.847,154.128,5.0,AFP
KIC_10215422,10215422,2,0,24.8471,146.254,7.189,AFP
KIC_10232123,10232123,2,0,1.34376,132.608,1.344,AFP
KIC_10232693,10232693,1,0,0.990507,131.844,1.328,AFP
KIC_10252275,10252275,1,1,14.8639,142.954,2.275,PC
KIC_10272747,10272747,1,0,4.26189,133.36,7.232,AFP
KIC_10272747,10272747,2,0,4.26236,132.495,9.987,AFP
KIC_10272747,10272747,3,0,4.25563,135.504,10.13,AFP
KIC_10273384,10273384,1,0,0.793564,131.631,1.612,NTP
KIC_10294509,10294509,1,0,1.85445,132.512,2.747,AFP
KIC_10294613,10294613,1,0,3.709,134.343,2.063,AFP
KIC_10294613,10294613,2,0,3.70973,132.464,3.052,AFP
KIC_10340212,10340212,1,0,0.933725,131.545,3.457,AFP
KIC_10340228,10340228,1,0,0.93371,131.557,3.136,AFP
KIC_10340423,10340423,1,1,18.7942,140.204,3.717,PC
KIC_10340423,10340423,2,1,6.73899,135.279,2.844,PC
KIC_10360722,10360722,1,1,163.691,238.767,7.275,PC
KIC_10360907,10360907,1,0,3.87304,135.117,11.17,NTP
KIC_10362031,10362031,1,0,3.21372,132.977,2.182,AFP
KIC_10407221,10407221,1,0,0.933727,131.525,2.717,AFP
KIC_10407271,10407271,1,0,0.933704,132.484,3.785,AFP
KIC_10407430,10407430,1,0,0.933747,131.522,1.959,AFP
KIC_10407464,10407464,1,0,0.93374,131.524,1.609,AFP
KIC_10453588,10453588,1,1,68.8859,160.302,6.074,PC
KIC_10454313,10454313,1,1,4.22162,135.706,2.932,PC
KIC_10454401,10454401,1,0,12.1807,139.344,2.5,AFP
KIC_10454401,10454401,2,0,12.1806,133.571,6.0,AFP
KIC_10454401,10454401,3,0,12.1812,139.126,15.0,AFP
KIC_10471914,10471914,2,0,0.536468,131.996,1.523,AFP
KIC_10472431,10472431,1,0,1.29191,132.379,4.072,AFP
KIC_10472431,10472431,2,0,1.29195,131.727,4.47,AFP
KIC_9995942,9995942,1,0,459.28,260.288,2.876,NTP
KIC_9996632,9996632,1,0,8.44319,136.274,3.458,AFP
KIC_10000490,10000490,1,0,1.40101,132.446,2.93,AFP
KIC_10000490,10000490,2,0,1.40093,131.813,2.0,AFP
KIC_10020423,10020423,2,0,7.44837,133.877,3.875,AFP
KIC_10022908,10022908,1,1,6.99131,135.462,2.164,PC
KIC_10023469,10023469,1,0,44.6374,157.298,6.063,AFP
KIC_10024051,10024051,1,1,0.57736,131.856,1.054,PC
KIC_10055126,10055126,1,1,9.17614,138.715,4.289,PC
KIC_10055126,10055126,2,1,19.7383,133.285,4.93,PC
KIC_10055126,10055126,3,1,232.035,262.275,11.72,PC
KIC_10083134,10083134,1,0,6.27608,136.891,13.96,NTP
KIC_10083134,10083134,2,0,2.51029,131.845,7.442,NTP
KIC_10083325,10083325,1,1,6.13286,132.003,1.473,PC
KIC_10123064,10123064,1,0,4.24374,135.37,3.277,AFP
KIC_10125352,10125352,1,0,4.28851,134.838,2.252,AFP
KIC_10153855,10153855,1,1,1.06379,131.526,1.094,PC
KIC_10154094,10154094,1,0,1.1749,131.821,1.936,AFP
KIC_10154094,10154094,2,0,1.17441,131.525,4.5,AFP
KIC_10188940,10188940,1,0,513.949,384.528,13.72,NTP
KIC_10189523,10189523,1,0,1.01393,132.406,0.9926,NTP
KIC_10189542,10189542,1,0,24.615,142.506,2.502,AFP
KIC_10189546,10189546,1,1,24.6148,142.512,2.659,PC
KIC_10215584,10215584,1,0,459.388,260.063,4.859,NTP
KIC_10215869,10215869,1,0,5.01723,134.491,4.415,AFP
KIC_10215869,10215869,2,0,5.01723,131.983,4.193,AFP
KIC_10252275,10252275,2,1,5.65239,136.989,1.983,PC
KIC_10253547,10253547,1,1,59.9805,176.152,7.051,PC
KIC_10253547,10253547,2,1,25.7459,135.946,7.089,PC
KIC_10273384,10273384,2,0,3.05641,132.053,5.224,AFP
KIC_10273384,10273384,3,0,3.05646,133.087,6.618,AFP
KIC_10275074,10275074,1,0,2.18155,133.488,3.0,AFP
KIC_10295951,10295951,1,0,6.81082,136.047,7.854,AFP
KIC_10296029,10296029,1,0,7.19105,135.05,15.24,NTP
KIC_10296163,10296163,1,0,9.29676,135.685,6.928,AFP
KIC_10296163,10296163,2,0,9.29671,138.84,3.908,AFP
KIC_10341072,10341072,1,0,1.65412,132.113,3.366,AFP
KIC_10341072,10341072,2,0,1.65414,131.753,4.694,AFP
KIC_10341072,10341072,3,0,0.827104,131.617,5.816,NTP
KIC_10362577,10362577,2,0,7.62056,135.341,6.589,NTP
KIC_10363115,10363115,1,1,59.3624,184.152,14.14,PC
KIC_10363281,10363281,1,0,0.934917,132.179,1.77,AFP
KIC_10407482,10407482,1,1,6.30561,131.529,2.498,PC
KIC_10407522,10407522,1,0,0.80099,132.189,5.822,NTP
KIC_10414727,10414727,1,0,2.47627,131.809,7.526,NTP
KIC_10454589,10454589,1,0,4.18055,131.772,14.94,NTP
KIC_10454632,10454632,1,1,20.1603,144.344,3.61,PC
KIC_10460984,10460984,1,1,10.9457,132.937,3.217,PC
KIC_10460984,10460984,2,1,28.9869,134.782,3.497,PC
KIC_10473272,10473272,1,0,17.6605,137.39,2.87,AFP
KIC_10480915,10480915,1,1,19.5855,132.368,1.368,PC
KIC_10480921,10480921,1,0,2.03741,131.57,3.343,AFP
KIC_10000941,10000941,1,1,3.50474,133.718,1.966,PC
KIC_10001145,10001145,1,0,0.642702,131.7,3.325,NTP
KIC_10024701,10024701,1,1,14.375,139.059,2.917,PC
KIC_10026136,10026136,1,0,9.08015,136.82,6.0,AFP
KIC_10026136,10026136,2,0,9.08015,133.629,7.5,AFP
KIC_10026457,10026457,1,0,9.93442,132.875,8.37,AFP
KIC_10056297,10056297,1,0,1.48404,132.86,3.604,AFP
KIC_10056297,10056297,2,0,1.48404,131.87,5.651,AFP
KIC_10056297,10056297,3,0,1.48404,132.373,5.0,AFP
KIC_10056931,10056931,1,0,2.27339,131.882,8.243,AFP
KIC_10056931,10056931,2,0,2.27335,132.472,3.598,AFP
KIC_10083510,10083510,1,0,2.47041,133.918,6.968,NTP
KIC_10083510,10083510,2,0,1.23524,132.372,7.319,NTP
KIC_10083623,10083623,1,0,1.27854,131.538,0.9105,AFP
KIC_10083623,10083623,2,0,1.27872,132.236,2.602,AFP
KIC_10125352,10125352,2,0,4.28852,132.694,1.544,AFP
KIC_10128033,10128033,1,0,0.656626,132.051,1.989,AFP
KIC_10128033,10128033,2,0,0.652487,131.87,2.074,AFP
KIC_10128033,10128033,3,0,0.681748,131.656,2.188,NTP
KIC_10154094,10154094,3,0,1.1749,132.391,6.587,AFP
KIC_10154388,10154388,1,1,12.0622,138.223,2.07,PC
KIC_10154592,10154592,1,0,538.36,440.877,14.62,NTP
KIC_10154966,10154966,1,0,1.21193,131.768,2.175,AFP
KIC_10189546,10189546,2,1,42.9495,153.74,5.62,PC
KIC_10189546,10189546,3,1,117.04,245.619,6.857,PC
KIC_10189557,10189557,1,0,2.93105,131.923,2.312,AFP
KIC_10190075,10190075,1,1,11.1916,138.043,2.101,PC
KIC_10220150,10220150,1,0,0.58269,131.609,1.079,AFP
KIC_10253943,10253943,1,0,0.979413,132.24,3.096,NTP
KIC_10253943,10253943,2,0,0.661186,131.534,2.032,AFP
KIC_10253943,10253943,3,0,0.66119,131.751,2.01,AFP
KIC_10275284,10275284,1,0,459.289,260.265,2.89,NTP
KIC_10275420,10275420,1,0,459.272,260.307,4.351,NTP
KIC_10275766,10275766,1,0,0.66173,131.876,1.821,AFP
KIC_10275805,10275805,1,0,112.644,183.015,5.482,AFP
KIC_10318874,10318874,1,1,2.50806,132.491,1.124,PC
KIC_10341755,10341755,1,0,0.933703,131.561,3.945,AFP
KIC_10341777,10341777,1,0,0.933709,132.466,3.061,AFP
KIC_10341781,10341781,1,0,0.933764,132.427,3.949,AFP
KIC_10341787,10341787,1,0,0.933763,132.432,3.805,AFP
KIC_10363300,10363300,1,0,0.934919,132.181,2.683,AFP
KIC_10363300,10363300,2,0,0.934931,131.705,1.5,AFP
KIC_10415087,10415087,1,0,0.623227,131.575,2.706,NTP
KIC_10415087,10415087,2,0,1.21134,132.395,1.511,AFP
KIC_10415087,10415087,3,0,1.21127,132.548,1.845,AFP
KIC_10415087,10415087,4,0,1.21139,132.282,3.108,AFP
KIC_10460984,10460984,3,1,94.8863,214.829,6.24,PC
KIC_10460984,10460984,4,1,5.03503,132.658,1.738,PC
KIC_10462826,10462826,1,0,50.467,132.01,8.948,AFP
KIC_10480952,10480952,1,0,2.03746,131.545,3.0,AFP
KIC_10480982,10480982,1,0,19.2214,146.109,4.786,AFP
KIC_10480982,10480982,2,0,2.0375,131.536,2.934,AFP
KIC_10481045,10481045,1,0,2.03748,131.548,2.877,AFP
KIC_10001368,10001368,1,1,4.76828,134.868,3.317,PC
KIC_10002261,10002261,1,0,12.7138,136.931,2.493,AFP
KIC_10002266,10002266,1,0,12.7137,136.932,1.968,AFP
KIC_10026457,10026457,2,0,9.93443,138.493,7.035,AFP
KIC_10026458,10026458,1,0,9.93444,132.872,7.792,AFP
KIC_10026458,10026458,2,0,9.93446,138.491,6.572,AFP
KIC_10026502,10026502,1,1,101.952,206.348,5.953,PC
KIC_10057494,10057494,1,1,2.4181,132.388,2.228,PC
KIC_10059645,10059645,1,1,6.49443,132.249,2.103,PC
KIC_10063208,10063208,1,1,9.32809,132.865,4.147,PC
KIC_10087801,10087801,1,0,0.832833,131.679,1.992,AFP
KIC_10087801,10087801,2,0,0.83297,131.996,1.496,AFP
KIC_10129349,10129349,1,0,6.23357,134.443,14.48,AFP
KIC_10129349,10129349,2,0,6.23315,132.187,14.85,AFP
KIC_10154966,10154966,2,0,1.21193,132.369,3.255,AFP
KIC_10154994,10154994,1,0,5.40971,134.946,8.103,AFP
KIC_10154994,10154994,2,0,2.705,133.028,8.429,NTP
KIC_10154994,10154994,3,0,5.40781,134.107,8.178,AFP
KIC_10190777,10190777,1,1,1.41122,132.643,1.299,PC
KIC_10191036,10191036,1,0,1.21368,131.778,3.691,AFP
KIC_10191056,10191056,1,0,1.21375,131.743,3.5,AFP
KIC_10191070,10191070,1,0,1.21368,131.772,1.273,AFP
KIC_10220150,10220150,2,0,0.582693,131.896,1.224,AFP
KIC_10220150,10220150,3,0,0.582704,131.684,1.477,AFP
KIC_10220707,10220707,1,0,2.85845,131.667,6.645,NTP
KIC_10256023,10256023,1,0,459.358,260.121,3.893,NTP
KIC_10256787,10256787,1,0,1.51122,131.524,4.767,AFP
KIC_10256787,10256787,2,0,1.51128,131.999,4.939,AFP
KIC_10275880,10275880,1,0,9.72674,139.478,16.47,AFP
KIC_10275880,10275880,2,0,9.72682,134.606,14.4,AFP
KIC_10275887,10275887,1,0,9.72694,139.46,12.5,AFP
KIC_10275887,10275887,2,0,9.72675,134.614,17.87,AFP
KIC_10319341,10319341,1,0,40.1042,158.839,3.51,NTP
KIC_10319385,10319385,1,1,0.689178,131.928,1.146,PC
KIC_10320341,10320341,1,0,30.1147,158.529,5.682,AFP
KIC_10341831,10341831,1,0,0.933761,131.512,2.6,AFP
KIC_10341878,10341878,1,0,0.933618,131.621,2.68,NTP
KIC_10341878,10341878,2,0,3.50018,133.347,4.492,NTP
KIC_10383687,10383687,1,0,8.4879,134.492,3.835,AFP
KIC_10383687,10383687,2,0,8.48786,138.382,2.794,AFP
KIC_10383696,10383696,1,0,8.48788,134.495,4.389,AFP
KIC_10383696,10383696,2,0,8.48788,138.385,4.167,AFP
KIC_10415160,10415160,1,0,7.0352,136.514,16.84,NTP
KIC_10415227,10415227,1,0,2.93227,133.761,2.856,AFP
KIC_10415502,10415502,1,0,0.739354,131.844,2.508,AFP
KIC_10415502,10415502,2,0,0.739427,131.578,2.217,AFP
KIC_10462826,10462826,2,0,50.467,163.155,7.861,AFP
KIC_10462980,10462980,2,0,1.40745,132.034,4.391,AFP
KIC_10462980,10462980,3,0,1.40755,132.685,5.921,AFP
KIC_10481054,10481054,1,0,2.03741,131.565,3.696,AFP
KIC_10482160,10482160,1,1,7.34371,137.302,1.156,PC
KIC_10482774,10482774,1,0,0.502782,131.53,1.438,AFP
KIC_10002866,10002866,1,1,3.937,134.217,1.793,PC
KIC_10002866,10002866,2,1,10.0888,132.728,1.492,PC
KIC_10002866,10002866,3,1,28.0819,138.752,4.606,PC
KIC_10026779,10026779,1,0,0.708085,131.906,2.292,NTP
KIC_10027247,10027247,1,1,86.8292,189.267,5.872,PC
KIC_10027323,10027323,1,1,5.92365,134.683,2.721,PC
KIC_10063802,10063802,1,0,120.019,134.182,11.76,AFP
KIC_10064256,10064256,1,1,5.95965,135.004,2.903,PC
KIC_10088162,10088162,2,0,417.384,290.532,6.193,NTP
KIC_10089911,10089911,2,1,11.6091,142.729,1.66,PC
KIC_10130039,10130039,1,1,12.758,133.96,4.134,PC
KIC_10130039,10130039,2,1,5.47032,136.965,3.119,PC
KIC_10130039,10130039,3,1,25.0984,145.572,2.754,PC
KIC_10155029,10155029,1,1,2.13165,133.136,1.915,PC
KIC_10155321,10155321,1,0,0.9274,131.643,1.75,NTP
KIC_10191142,10191142,1,0,459.028,260.521,11.47,NTP
KIC_10195926,10195926,1,0,5.68465,131.602,2.933,AFP
KIC_10195926,10195926,2,0,5.68461,136.921,2.334,AFP
KIC_10220707,10220707,2,0,5.72079,132.296,16.27,NTP
KIC_10220837,10220837,1,1,1.96227,131.542,1.35,PC
KIC_10257229,10257229,1,1,5.75648,136.981,2.352,PC
KIC_10257713,10257713,1,0,332.777,290.98,4.386,NTP
KIC_10257903,10257903,1,0,0.855747,131.824,2.008,AFP
KIC_10279745,10279745,1,0,0.603898,131.848,1.394,AFP
KIC_10279745,10279745,2,0,0.6039,131.979,1.369,AFP
KIC_10321305,10321305,1,0,4.02169,133.176,11.51,NTP
KIC_10322473,10322473,1,0,0.614069,131.868,1.582,NTP
KIC_10322797,10322797,1,0,1.21369,131.77,3.269,AFP
KIC_10341905,10341905,1,0,0.933741,131.527,2.896,AFP
KIC_10341913,10341913,1,0,0.933719,131.534,1.443,AFP
KIC_10341913,10341913,2,0,0.93373,132.255,1.589,AFP
KIC_10384298,10384298,1,1,3.43862,132.683,1.483,PC
KIC_10384798,10384798,1,1,38.5055,158.302,5.856,PC
KIC_10416390,10416390,1,1,215.737,330.885,7.429,PC
KIC_10416779,10416779,1,0,0.763258,131.855,2.062,AFP
KIC_10416779,10416779,2,0,0.763285,131.596,2.443,AFP
KIC_10416779,10416779,3,0,0.763319,132.085,2.381,AFP
KIC_10464050,10464050,1,1,4.46976,131.842,1.806,PC
KIC_10464078,10464078,1,0,19.404,133.675,12.07,AFP
KIC_10464078,10464078,2,0,19.404,145.51,11.43,AFP
KIC_10482774,10482774,2,0,0.502786,131.774,1.393,AFP
KIC_10483436,10483436,1,0,2.1516,132.623,1.885,NTP
KIC_10483436,10483436,2,0,4.30324,133.525,1.907,AFP
KIC_10002897,10002897,1,0,2.05046,131.85,3.577,NTP
KIC_10002897,10002897,2,0,0.560597,131.808,1.77,AFP
KIC_10002897,10002897,3,0,0.560613,131.532,2.757,AFP
KIC_10027323,10027323,2,1,105.358,138.681,3.853,PC
KIC_10028140,10028140,1,1,19.6565,140.3,2.498,PC
KIC_10028352,10028352,1,1,1.38681,132.531,1.297,PC
KIC_10065244,10065244,1,0,7.02145,135.143,8.92,AFP
KIC_10065244,10065244,3,0,7.02161,136.336,8.724,AFP
KIC_10065244,10065244,4,0,7.02258,133.919,9.175,AFP
KIC_10090219,10090219,1,0,2.28613,133.537,5.303,AFP
KIC_10090257,10090257,1,0,2.28614,133.53,4.039,AFP
KIC_10090345,10090345,1,0,1.19929,132.637,3.974,AFP
KIC_10090345,10090345,2,0,1.19948,131.931,4.765,AFP
KIC_10130057,10130057,1,0,2.17814,132.028,2.49,AFP
KIC_10130777,10130777,1,0,0.650915,131.805,1.439,AFP
KIC_10130777,10130777,2,0,0.650935,132.065,1.503,AFP
KIC_10132618,10132618,1,0,0.673862,131.937,3.115,NTP
KIC_10155321,10155321,2,0,0.710575,132.12,2.466,NTP
KIC_10155434,10155434,1,1,12.7064,142.511,3.265,PC
KIC_10155816,10155816,1,0,3.73356,135.176,8.621,AFP
KIC_10195926,10195926,3,0,5.68484,131.907,3.425,AFP
KIC_10195926,10195926,4,0,5.68497,132.83,12.55,AFP
KIC_10195933,10195933,1,0,5.68563,132.78,18.33,AFP
KIC_10220950,10220950,1,0,158.348,260.285,4.573,AFP
KIC_10221013,10221013,1,1,7.18938,134.171,2.078,PC
KIC_10221505,10221505,1,1,3.43631,132.431,0.7737,PC
KIC_10257903,10257903,2,0,0.860398,131.88,1.499,AFP
KIC_10258558,10258558,1,0,20.8679,136.404,5.716,AFP
KIC_10258558,10258558,2,0,20.8679,147.114,5.704,AFP
KIC_10281221,10281221,1,1,0.582895,131.623,0.5462,PC
KIC_10281311,10281311,1,0,1.89528,131.809,6.317,AFP
KIC_10281311,10281311,2,0,1.89541,132.353,6.337,AFP
KIC_10281360,10281360,1,0,0.506276,131.611,1.535,NTP
KIC_10328393,10328393,1,1,7.62638,136.013,2.421,PC
KIC_10328393,10328393,2,1,15.9956,144.243,3.35,PC
KIC_10341913,10341913,3,0,0.933707,131.726,1.455,AFP
KIC_10341917,10341917,1,0,0.933797,132.417,2.583,AFP
KIC_10342097,10342097,1,0,0.93373,131.516,3.285,AFP
KIC_10384962,10384962,1,0,2.87925,133.28,2.64,AFP
KIC_10384962,10384962,2,0,2.87925,131.841,2.049,AFP
KIC_10385438,10385438,1,0,0.711956,131.811,2.24,AFP
KIC_10385438,10385438,2,0,0.71195,132.165,3.046,AFP
KIC_10385682,10385682,1,0,3.10369,132.88,4.5,AFP
KIC_10417704,10417704,1,0,3.00827,132.685,2.379,AFP
KIC_10417704,10417704,2,0,3.00826,133.23,1.848,AFP
KIC_10417704,10417704,3,0,1.50407,132.966,2.461,NTP
KIC_10464666,10464666,1,0,131.736,194.584,5.301,AFP
KIC_10464666,10464666,2,0,131.737,160.413,3.847,AFP
KIC_10483436,10483436,3,0,4.30324,135.487,3.196,AFP
KIC_10483644,10483644,1,0,5.11076,133.314,1.5,AFP
KIC_10483644,10483644,2,0,5.11077,135.867,2.409,AFP
KIC_10484409,10484409,1,0,10.6787,140.151,2.052,AFP
KIC_10004519,10004519,1,1,9.80324,138.511,4.518,PC
KIC_10004660,10004660,2,0,1.40532,131.508,5.0,AFP
KIC_10004660,10004660,3,0,1.40535,132.247,4.614,AFP
KIC_10028524,10028524,1,0,17.1041,148.364,15.43,NTP
KIC_10028535,10028535,1,1,0.663077,131.986,1.14,PC
KIC_10028792,10028792,1,1,114.737,165.151,12.1,PC
KIC_10066755,10066755,1,0,2.46543,132.723,3.806,AFP
KIC_10066755,10066755,2,0,2.46443,133.651,6.018,AFP
KIC_10068024,10068024,1,0,2.02309,132.083,1.332,AFP
KIC_10090854,10090854,1,1,12.6306,136.704,2.268,PC
KIC_10091110,10091110,1,0,4.21851,133.507,3.606,AFP
KIC_10091110,10091110,2,1,8.52999,137.655,3.904,PC
KIC_10132832,10132832,1,1,16.0767,143.391,2.23,PC
KIC_10132867,10132867,1,0,2.09678,131.947,5.44,AFP
KIC_10132867,10132867,2,0,2.09678,133.105,4.595,AFP
KIC_10155816,10155816,2,0,3.733,134.552,8.8,AFP
KIC_10156055,10156055,1,0,2.428,133.598,3.505,AFP
KIC_10195933,10195933,2,0,5.68422,137.064,17.66,AFP
KIC_10196750,10196750,1,0,459.266,260.286,5.481,NTP
KIC_10196863,10196863,1,0,1.60327,132.312,2.597,AFP
KIC_10196863,10196863,2,0,1.60322,133.153,2.99,AFP
KIC_10224550,10224550,1,0,0.686888,131.795,1.718,AFP
KIC_10224550,10224550,2,0,0.686871,132.026,2.209,AFP
KIC_10259029,10259029,1,0,7.06115,134.558,3.402,AFP
KIC_10259029,10259029,2,0,7.06113,131.634,3.24,AFP
KIC_10259031,10259031,1,0,7.06114,134.559,3.416,AFP
KIC_10259031,10259031,2,0,7.06123,131.627,2.585,AFP
KIC_10281360,10281360,2,0,1.313,131.85,8.924,NTP
KIC_10281639,10281639,1,0,0.934038,132.014,1.218,AFP
KIC_10281639,10281639,2,0,0.93333,131.981,3.5,AFP
KIC_10328393,10328393,3,1,34.2112,154.582,5.011,PC
KIC_10328458,10328458,1,1,2.35225,131.807,1.698,PC
KIC_10342248,10342248,1,0,0.933678,131.571,3.131,AFP
KIC_10342316,10342316,1,0,0.933707,132.469,2.981,AFP
KIC_10345478,10345478,1,0,14.4984,139.185,3.737,AFP
KIC_10345478,10345478,2,0,14.4983,133.551,2.133,AFP
KIC_10386922,10386922,1,1,296.637,403.672,16.46,PC
KIC_10386922,10386922,2,1,26.6295,138.735,7.866,PC
KIC_10386984,10386984,1,1,1.28708,132.49,1.516,PC
KIC_10418224,10418224,1,1,6.87316,138.153,6.842,PC
KIC_10418470,10418470,1,0,406.463,365.606,11.91,NTP
KIC_10418797,10418797,1,0,23.3553,146.479,4.611,AFP
KIC_10418797,10418797,2,0,23.3551,138.842,3.468,AFP
KIC_10467714,10467714,1,1,58.7483,172.658,3.235,PC
KIC_10468514,10468514,1,0,0.85003,131.765,0.7378,AFP
KIC_10468514,10468514,2,0,0.849995,132.252,1.5,AFP
KIC_10484808,10484808,1,0,2.13871,133.004,5.028,AFP
KIC_10484808,10484808,2,0,2.13874,132.42,4.651,AFP
KIC_10484808,10484808,3,0,2.75489,131.805,4.936,NTP
KIC_10004738,10004738,1,1,56.4757,143.812,6.056,PC
KIC_10004738,10004738,2,1,92.8747,145.935,7.442,PC
KIC_10004738,10004738,3,1,13.9306,134.433,2.13,PC
KIC_10004772,10004772,1,0,1.39174,132.09,1.176,AFP
KIC_10028792,10028792,2,1,191.238,286.199,15.56,PC
KIC_10028792,10028792,3,1,5.83389,132.64,4.566,PC
KIC_10029999,10029999,1,0,1.04789,131.682,3.75,NTP
KIC_10068024,10068024,2,0,4.14707,135.609,5.09,AFP
KIC_10068024,10068024,3,0,4.14611,133.615,4.899,AFP
KIC_10068030,10068030,1,0,2.02311,132.078,1.23,AFP
KIC_10068030,10068030,3,0,459.332,260.204,5.44,NTP
KIC_10134152,10134152,1,1,39.3136,154.935,4.973,PC
KIC_10134709,10134709,2,0,495.861,186.701,15.78,NTP
KIC_10134800,10134800,1,0,0.9554,131.884,3.172,NTP
KIC_10134800,10134800,2,0,2.08445,134.192,3.453,AFP
KIC_10157458,10157458,1,1,7.33682,138.585,3.534,PC
KIC_10198109,10198109,1,0,17.9187,146.393,4.375,AFP
KIC_10198109,10198109,2,0,17.9187,140.351,7.045,AFP
KIC_10224920,10224920,1,0,0.573498,131.974,1.04,AFP
KIC_10224920,10224920,2,0,0.573543,131.813,1.208,AFP
KIC_10224920,10224920,3,0,0.573501,131.689,1.5,AFP
KIC_10225800,10225800,1,0,1.42379,132.656,1.122,AFP
KIC_10259301,10259301,1,0,244.833,285.703,4.325,AFP
KIC_10262272,10262272,1,0,459.257,260.334,3.954,NTP
KIC_10263705,10263705,1,0,508.789,377.622,14.51,NTP
KIC_10281639,10281639,3,0,0.933258,131.706,2.875,AFP
KIC_10281890,10281890,1,0,11.9424,138.264,6.719,AFP
KIC_10281890,10281890,2,0,11.9425,139.206,6.574,AFP
KIC_10329196,10329196,1,1,85.7569,162.715,5.777,PC
KIC_10329469,10329469,1,1,55.8227,169.036,5.558,PC
KIC_10329835,10329835,1,1,1.52372,131.621,1.28,PC
KIC_10330115,10330115,1,1,13.2142,140.584,3.275,PC
KIC_10345862,10345862,1,0,58.2882,135.877,21.6,AFP
KIC_10345862,10345862,2,0,58.2882,152.462,7.901,AFP
KIC_10346286,10346286,1,0,290.459,230.369,12.69,NTP
KIC_10387742,10387742,1,1,3.03265,134.073,1.741,PC
KIC_10388033,10388033,1,0,0.978362,132.433,3.296,NTP
KIC_10388286,10388286,1,1,1.68269,131.752,1.356,PC
KIC_10419211,10419211,1,0,11.5214,136.275,3.619,AFP
KIC_10419211,10419211,2,0,11.5215,142.757,3.616,AFP
KIC_10419312,10419312,1,0,2.49324,132.637,1.94,AFP
KIC_10468883,10468883,2,0,1.72778,132.283,5.411,AFP
KIC_10468883,10468883,3,0,1.72761,132.925,5.66,AFP
KIC_10484817,10484817,1,0,3.34137,133.297,10.98,NTP
KIC_10484817,10484817,3,0,0.934248,132.174,1.453,NTP
KIC_10004975,10004975,1,0,505.692,401.195,9.63,NTP
KIC_10005020,10005020,1,0,6.97106,132.878,3.852,AFP
KIC_10005758,10005758,1,1,134.479,169.281,5.877,PC
KIC_10005758,10005758,2,1,284.052,200.848,7.378,PC
KIC_10030092,10030092,1,0,267.605,375.768,10.23,NTP
KIC_10030778,10030778,1,0,29.4732,154.892,6.411,AFP
KIC_10030778,10030778,2,0,29.4732,140.375,6.315,AFP
KIC_10068383,10068383,1,0,7.30498,133.121,4.491,AFP
KIC_10068383,10068383,2,0,7.305,136.774,3.43,AFP
KIC_10068659,10068659,1,1,11.4769,139.63,2.676,PC
KIC_10068797,10068797,1,0,4.86154,135.951,20.57,NTP
KIC_10134800,10134800,3,0,2.08455,133.537,5.602,AFP
KIC_10134800,10134800,4,0,2.0845,132.848,3.704,AFP
KIC_10135362,10135362,1,0,3.04088,133.213,2.954,AFP
KIC_10135362,10135362,2,0,3.04095,134.074,8.731,AFP
KIC_10157573,10157573,1,0,5.11575,132.341,1.767,AFP
KIC_10158223,10158223,1,0,1.92261,132.003,6.304,AFP
KIC_10158223,10158223,2,0,1.92399,132.897,4.192,AFP
KIC_10158418,10158418,1,1,5.00741,135.024,1.402,PC
KIC_10198662,10198662,1,0,5.16367,132.117,14.01,AFP
KIC_10198662,10198662,2,0,5.16389,134.95,14.55,AFP
KIC_10198662,10198662,3,0,5.1632,133.331,8.571,AFP
KIC_10226343,10226343,1,0,0.660647,131.7,1.35,AFP
KIC_10264660,10264660,1,1,6.79012,138.088,6.073,PC
KIC_10284603,10284603,2,0,0.654707,131.854,4.852,NTP
KIC_10330435,10330435,1,0,7.64472,138.346,14.52,AFP
KIC_10330435,10330435,2,0,7.64418,133.427,14.44,AFP
KIC_10330435,10330435,3,0,7.64659,134.905,14.29,AFP
KIC_10330495,10330495,1,0,18.0601,138.611,11.56,AFP
KIC_10346424,10346424,1,0,0.680111,132.103,1.693,AFP
KIC_10346424,10346424,2,0,0.680098,131.755,3.011,AFP
KIC_10347481,10347481,1,0,1.71524,131.7,3.617,AFP
KIC_10347481,10347481,2,0,1.71519,132.883,2.923,AFP
KIC_10394172,10394172,1,0,2.66365,133.248,9.234,AFP
KIC_10394172,10394172,2,0,2.66333,131.979,9.517,AFP
KIC_10394802,10394802,1,0,459.459,259.923,4.524,NTP
KIC_10420279,10420279,1,0,45.4341,159.856,9.0,AFP
KIC_10420279,10420279,2,0,45.4337,172.937,3.5,AFP
KIC_10420279,10420279,3,0,90.868,173.155,15.0,AFP
KIC_10420279,10420279,4,0,363.472,490.74,15.0,NTP
KIC_10420279,10420279,5,0,90.8703,218.3,9.036,AFP
KIC_10422241,10422241,1,0,2.43685,131.66,2.442,NTP
KIC_10468883,10468883,4,0,1.72766,131.745,5.202,AFP
KIC_10468885,10468885,1,1,0.664074,132.075,1.158,PC
KIC_10468940,10468940,1,1,2.93653,132.781,1.717,PC
KIC_10468940,10468940,2,1,8.01499,134.83,3.124,PC
KIC_10485035,10485035,1,0,0.890536,132.195,1.512,AFP
KIC_10485035,10485035,2,0,2.19721,132.666,5.968,NTP
KIC_10485047,10485047,1,0,0.890518,131.761,1.903,AFP
KIC_10005788,10005788,1,1,10.9947,137.36,1.684,PC
KIC_10006096,10006096,1,0,70.516,142.86,2.5,AFP
KIC_10006096,10006096,2,0,70.5199,143.06,39.82,AFP
KIC_10006581,10006581,1,1,40.1098,142.082,5.198,PC
KIC_10031500,10031500,1,0,8.58968,132.014,7.962,AFP
KIC_10031526,10031526,1,0,8.58905,132.072,6.364,AFP
KIC_10031634,10031634,1,0,0.652826,131.783,2.191,AFP
KIC_10031634,10031634,2,0,0.65279,132.089,2.039,AFP
KIC_10068919,10068919,1,0,43.5622,153.271,3.687,AFP
KIC_10070468,10070468,1,1,1.6819,133.076,2.313,PC
KIC_10092312,10092312,1,0,4.46847,134.272,1.082,AFP
KIC_10092312,10092312,2,0,1.09658,132.516,1.274,AFP
KIC_10135362,10135362,3,0,3.04075,132.417,7.357,AFP
KIC_10136549,10136549,1,1,9.69312,132.816,5.685,PC
KIC_10158729,10158729,1,1,58.6025,137.666,5.481,PC
KIC_10158990,10158990,1,0,1.09656,132.524,1.548,AFP
KIC_10161923,10161923,1,0,4.14489,132.574,6.946,AFP
KIC_10200627,10200627,1,1,7.70162,134.232,10.72,PC
KIC_10226448,10226448,1,0,0.660645,131.692,1.52,AFP
KIC_10226451,10226451,1,0,0.660605,131.745,2.297,AFP
KIC_10226451,10226451,2,0,0.660752,132.15,1.293,AFP
KIC_10264728,10264728,1,0,0.567519,131.544,0.691,AFP
KIC_10264728,10264728,2,0,0.567575,131.544,1.91,AFP
KIC_10264728,10264728,3,0,0.566627,131.57,1.868,AFP
KIC_10285525,10285525,1,0,1.85728,132.555,4.808,NTP
KIC_10285631,10285631,1,1,18.684,133.466,6.774,PC
KIC_10287242,10287242,1,1,22.3423,149.214,6.501,PC
KIC_10330495,10330495,2,0,18.0601,147.185,10.18,AFP
KIC_10330536,10330536,1,0,0.946891,132.321,3.384,NTP
KIC_10332213,10332213,1,1,2.52257,131.65,0.7962,PC
KIC_10347481,10347481,3,0,1.71529,132.27,4.81,AFP
KIC_10350571,10350571,1,1,17.157,133.696,11.18,PC
KIC_10394802,10394802,2,1,178.267,229.761,5.121,PC
KIC_10395381,10395381,1,1,17.6718,133.354,3.133,PC
KIC_10395543,10395543,1,1,3.68746,134.007,0.8784,PC
KIC_10422241,10422241,2,0,1.21844,132.396,1.837,NTP
KIC_10422241,10422241,3,0,0.812244,132.236,2.297,NTP
KIC_10422241,10422241,4,0,0.749778,131.97,1.5,NTP
KIC_10422852,10422852,1,0,1.39901,132.133,2.932,AFP
KIC_10469984,10469984,1,0,0.656132,132.07,1.516,AFP
KIC_10469984,10469984,2,0,0.656144,131.886,1.518,AFP
KIC_10469984,10469984,3,0,0.656186,131.523,1.447,AFP
KIC_10485069,10485069,1,0,0.890475,132.21,1.204,AFP
KIC_10485165,10485165,1,0,0.890519,131.753,1.99,AFP
KIC_10485179,10485179,1,0,0.890545,131.753,1.009,AFP
KIC_10485179,10485179,2,0,0.890526,132.2,1.282,AFP
KIC_10006641,10006641,1,0,0.894176,132.402,0.8997,AFP
KIC_10006641,10006641,2,0,0.894194,131.948,1.219,AFP
KIC_10007492,10007492,1,0,2.64559,133.707,2.644,AFP
KIC_10007492,10007492,2,0,2.64557,132.398,1.636,AFP
KIC_10031656,10031656,1,0,8.58998,131.974,6.506,AFP
KIC_10031707,10031707,1,0,8.58971,132.018,6.542,AFP
KIC_10031707,10031707,2,0,8.58928,136.235,6.297,AFP
KIC_10031808,10031808,1,0,8.58954,132.029,7.5,AFP
KIC_10071339,10071339,1,0,0.767358,131.665,2.609,AFP
KIC_10071339,10071339,2,0,0.767424,132.017,2.542,AFP
KIC_10094670,10094670,1,1,22.064,148.919,3.87,PC
KIC_10095484,10095484,1,0,0.67771,131.664,1.369,AFP
KIC_10095496,10095496,1,0,2.42894,133.776,3.847,AFP
KIC_10095496,10095496,2,0,2.42974,132.383,9.805,AFP
KIC_10136549,10136549,2,1,3.29278,133.004,4.605,PC
KIC_10139305,10139305,1,0,2.17354,132.315,1.357,AFP
KIC_10139305,10139305,2,0,2.17354,133.14,1.251,AFP
KIC_10139691,10139691,1,0,2.26091,131.73,4.789,AFP
KIC_10161923,10161923,2,0,4.14527,135.481,10.14,AFP
KIC_10162509,10162509,1,0,0.962396,132.2,2.71,AFP
KIC_10162509,10162509,2,0,0.962943,132.337,2.495,AFP
KIC_10201143,10201143,1,0,10.3439,141.109,17.82,AFP
KIC_10201143,10201143,2,0,10.3442,137.908,14.36,AFP
KIC_10202759,10202759,1,0,0.872949,132.373,0.9349,AFP
KIC_10202859,10202859,1,0,4.58905,135.895,14.58,NTP
KIC_10226487,10226487,1,0,0.660575,131.719,1.313,AFP
KIC_10226488,10226488,1,0,0.660641,131.712,2.111,AFP
KIC_10226498,10226498,1,0,0.660637,131.705,1.505,AFP
KIC_10227020,10227020,1,1,14.7875,132.436,6.166,PC
KIC_10287248,10287248,1,0,4.72226,135.743,3.467,AFP
KIC_10287248,10287248,2,0,4.72226,132.615,2.187,AFP
KIC_10287874,10287874,1,0,2.44956,132.96,7.732,AFP
KIC_10287874,10287874,2,0,2.44918,132.081,8.693,AFP
KIC_10332320,10332320,2,0,2.17139,133.304,1.626,NTP
KIC_10332789,10332789,1,0,18.7407,135.207,5.208,AFP
KIC_10332789,10332789,2,0,18.7407,145.617,8.416,AFP
KIC_10350571,10350571,2,1,31.5926,142.96,13.76,PC
KIC_10351231,10351231,1,1,7.67462,133.228,1.89,PC
KIC_10351767,10351767,1,0,0.635093,132.11,1.014,NTP
KIC_10397751,10397751,1,1,3.44619,132.232,2.078,PC
KIC_10397751,10397751,2,1,2.00544,133.238,1.884,PC
KIC_10422852,10422852,2,0,1.3989,131.552,2.53,AFP
KIC_10422852,10422852,3,0,1.39958,132.402,2.5,AFP
KIC_10470099,10470099,1,0,0.877002,132.029,1.407,NTP
KIC_10470206,10470206,1,0,46.5667,149.745,7.695,AFP
KIC_10470294,10470294,1,0,0.550785,132.063,0.6337,AFP
KIC_10470294,10470294,2,0,0.550332,131.915,1.739,AFP
KIC_10485250,10485250,1,0,16.4698,147.942,9.483,AFP
KIC_10485250,10485250,2,0,16.4699,137.478,10.45,AFP
KIC_10010440,10010440,1,1,53.599,147.43,6.701,PC
KIC_10010595,10010595,1,0,6.27217,133.727,13.94,NTP
KIC_10031808,10031808,2,0,8.58962,136.207,12.65,AFP
KIC_10031885,10031885,1,0,8.58968,132.017,5.858,AFP
KIC_10031885,10031885,2,0,8.58935,136.231,9.792,AFP
KIC_10031907,10031907,1,0,8.58966,132.019,7.708,AFP
KIC_10073672,10073672,1,1,2.25299,132.235,1.557,PC
KIC_10074067,10074067,1,0,1.95496,132.596,10.07,NTP
KIC_10096641,10096641,1,0,1.54084,132.08,4.812,AFP
KIC_10096641,10096641,2,0,1.54082,132.629,4.329,AFP
KIC_10096653,10096653,1,0,1.53533,131.999,4.348,NTP
KIC_10139691,10139691,2,0,2.26077,132.969,5.53,AFP
KIC_10139691,10139691,3,0,2.26098,133.55,4.031,AFP
KIC_10140122,10140122,1,1,0.849371,132.133,1.418,PC
KIC_10163067,10163067,2,0,2.97711,132.565,6.616,NTP
KIC_10164569,10164569,1,0,0.672028,131.522,1.481,AFP
KIC_10164569,10164569,2,0,0.67203,131.657,1.662,AFP
KIC_10203349,10203349,1,1,17.1464,140.664,3.821,PC
KIC_10206643,10206643,1,0,0.691362,131.615,2.187,AFP
KIC_10227020,10227020,2,1,19.7239,135.07,9.02,PC
KIC_10227020,10227020,3,1,9.84821,138.393,5.763,PC
KIC_10227020,10227020,4,1,7.38439,137.474,5.922,PC
KIC_10227501,10227501,1,0,2.00279,131.775,2.025,AFP
KIC_10265602,10265602,1,1,165.345,174.297,3.189,PC
KIC_10265898,10265898,1,1,1.26024,132.606,1.329,PC
KIC_10265898,10265898,2,1,5.25453,132.549,2.838,PC
KIC_10265898,10265898,3,1,3.29533,132.489,2.049,PC
KIC_10288922,10288922,1,0,10.1577,139.443,3.035,AFP
KIC_10288922,10288922,2,0,10.1577,134.591,2.957,AFP
KIC_10332883,10332883,1,1,1.15117,132.078,1.211,PC
KIC_10333254,10333254,1,0,6.72311,137.471,12.06,AFP
KIC_10333254,10333254,2,0,6.7247,132.708,7.428,AFP
KIC_10351834,10351834,1,0,415.039,282.32,6.773,NTP
KIC_10352333,10352333,1,1,1.57061,131.526,0.7728,PC
KIC_10352603,10352603,1,0,32.7789,136.177,12.5,AFP
KIC_10352603,10352603,2,0,32.7786,159.978,6.0,AFP
KIC_10397751,10397751,4,1,4.28896,132.366,2.483,PC
KIC_10398088,10398088,1,0,5.61156,136.182,11.96,NTP
KIC_10470294,10470294,3,0,0.55058,131.747,1.955,AFP
KIC_10470294,10470294,4,0,0.550795,131.813,2.0,AFP
KIC_10470309,10470309,1,0,0.741175,131.998,2.511,AFP
KIC_10470309,10470309,2,0,0.741174,131.623,1.659,AFP
KIC_10470616,10470616,1,0,4.15715,132.215,1.818,AFP
KIC_10486425,10486425,1,0,5.27483,136.708,4.676,AFP
KIC_10486425,10486425,2,0,5.27483,134.07,4.59,AFP
KIC_10487119,10487119,1,0,3.37469,131.77,4.495,AFP
KIC_10014702,10014702,1,0,1.34056,132.118,2.923,AFP
KIC_10015516,10015516,1,0,67.6915,172.975,21.48,AFP
KIC_10015516,10015516,2,0,67.6925,171.637,15.23,AFP
KIC_10031907,10031907,2,0,4.29487,131.879,8.655,AFP
KIC_10031918,10031918,1,0,8.58974,132.02,4.831,AFP
KIC_10074466,10074466,1,1,35.0119,150.372,2.507,PC
KIC_10074700,10074700,1,0,365.634,238.984,32.53,AFP
KIC_10097149,10097149,1,0,0.542445,131.574,1.998,NTP
KIC_10098322,10098322,1,0,3.11891,132.542,11.31,NTP
KIC_10098322,10098322,2,0,4.67822,133.183,11.96,NTP
KIC_10140274,10140274,1,1,2.44228,133.546,1.923,PC
KIC_10140665,10140665,1,0,4.51843,132.238,14.85,AFP
KIC_10140665,10140665,2,0,4.51802,134.511,10.48,AFP
KIC_10141439,10141439,1,0,508.272,162.109,12.66,NTP
KIC_10165660,10165660,1,0,440.706,297.546,3.862,NTP
KIC_10166274,10166274,1,1,3.35372,131.517,1.56,PC
KIC_10166274,10166274,2,1,6.87747,132.083,1.34,PC
KIC_10206643,10206643,2,0,0.691383,131.926,3.202,AFP
KIC_10206675,10206675,1,1,8.70126,133.192,3.609,PC
KIC_10208303,10208303,1,0,8.08833,134.071,14.93,AFP
KIC_10227501,10227501,2,0,2.00291,131.886,1.827,AFP
KIC_10227863,10227863,1,0,5.141,134.99,14.42,AFP
KIC_10227881,10227881,1,0,5.14068,135.036,12.95,NTP
KIC_10266615,10266615,1,1,10.9403,137.485,2.327,PC
KIC_10268809,10268809,1,0,24.7092,138.997,5.172,AFP
KIC_10268809,10268809,2,0,24.7091,155.319,4.851,AFP
KIC_10289119,10289119,1,1,16.1047,135.017,5.725,PC
KIC_10289211,10289211,1,0,0.53337,131.827,1.5,AFP
KIC_10289211,10289211,2,0,0.53337,131.555,1.5,AFP
KIC_10336951,10336951,1,1,38.2294,166.008,3.917,PC
KIC_10337035,10337035,1,0,459.19,260.463,4.05,NTP
KIC_10337258,10337258,1,1,13.2854,143.291,6.093,PC
KIC_10352938,10352938,1,0,6.47175,136.352,7.143,AFP
KIC_10352945,10352945,1,0,6.47176,136.348,6.708,AFP
KIC_10353924,10353924,1,0,1.62543,132.437,9.33,NTP
KIC_10353968,10353968,1,1,9.07096,132.99,2.766,PC
KIC_10399321,10399321,1,1,21.5819,146.071,13.63,PC
KIC_10404582,10404582,1,1,37.8659,134.362,4.69,PC
KIC_10404582,10404582,2,1,10.3273,139.374,1.998,PC
KIC_10426656,10426656,1,1,6.05733,135.924,3.708,PC
KIC_10426656,10426656,2,1,10.9372,136.985,2.984,PC
KIC_10426656,10426656,3,1,2.97135,134.39,2.613,PC
KIC_10470882,10470882,1,0,0.933697,132.486,3.719,AFP
KIC_10470968,10470968,1,0,0.933688,131.576,3.765,AFP
KIC_10471055,10471055,1,0,0.9337,131.558,2.62,AFP
KIC_10488450,10488450,1,0,2.6834,133.859,2.175,AFP
KIC_10489019,10489019,1,0,0.781136,131.571,2.453,AFP
KIC_10015937,10015937,1,1,59.6583,168.089,5.334,PC
KIC_10016317,10016317,1,0,459.273,260.294,3.349,NTP
KIC_10016874,10016874,1,1,16.3014,139.545,3.502,PC
KIC_10018233,10018233,1,1,16.2961,133.905,2.386,PC
KIC_10033279,10033279,1,0,72.4914,139.778,3.678,AFP
KIC_10033959,10033959,1,0,103.125,230.684,2.056,NTP
KIC_10034643,10034643,1,0,2.82248,133.436,10.03,NTP
KIC_10079420,10079420,1,0,1.51638,132.794,2.514,NTP
KIC_10079420,10079420,2,0,0.88008,131.523,2.91,NTP
KIC_10079420,10079420,4,0,54.5431,169.859,7.027,NTP
KIC_10098844,10098844,1,1,47.4498,173.456,10.67,PC
KIC_10118750,10118750,1,0,0.558212,131.773,1.414,AFP
KIC_10118750,10118750,2,0,0.558175,132.075,1.985,AFP
KIC_10141900,10141900,1,1,6.50323,135.272,2.562,PC
KIC_10141900,10141900,2,1,4.09665,133.103,2.181,PC
KIC_10141900,10141900,3,1,1.19652,132.543,1.373,PC
KIC_9777087,9777087,1,0,5.50812,134.326,3.588,AFP
KIC_9777087,9777087,2,0,5.50821,131.546,3.449,AFP
KIC_9777087,9777087,3,0,19.2264,132.625,3.108,AFP
KIC_9777090,9777090,1,0,5.5078,134.351,2.0,AFP
KIC_9791112,9791112,2,0,1.25693,132.055,2.815,NTP
KIC_9791381,9791381,1,0,0.618608,131.986,1.5,AFP
KIC_9791381,9791381,2,0,0.618608,131.52,1.5,AFP
KIC_9828127,9828127,1,1,18.0541,147.796,4.467,PC
KIC_9828127,9828127,2,1,32.0274,150.629,5.057,PC
KIC_9828226,9828226,1,0,0.637805,131.848,2.013,NTP
KIC_9832208,9832208,1,1,88.0713,214.514,6.863,PC
KIC_9838608,9838608,1,0,1.33258,132.035,3.051,AFP
KIC_9838804,9838804,1,0,1.33259,132.03,2.613,AFP
KIC_9838949,9838949,1,1,4.88086,136.195,2.539,PC
KIC_9851126,9851126,4,0,8.4799,136.546,12.8,AFP
KIC_9851142,9851142,1,0,8.4803,135.855,7.423,AFP
KIC_9851142,9851142,2,0,8.48022,132.717,7.5,AFP
KIC_9851226,9851226,1,0,8.48031,135.854,6.993,AFP
KIC_9892749,9892749,2,0,1.21767,132.44,2.878,NTP
KIC_9892816,9892816,1,1,15.1703,132.666,4.034,PC
KIC_9892816,9892816,2,1,39.4572,136.483,9.46,PC
KIC_9892816,9892816,3,1,26.2348,141.992,3.637,PC
KIC_9899630,9899630,1,0,1.33261,132.022,2.861,AFP
KIC_9904006,9904006,1,1,55.1863,180.762,9.095,PC
KIC_9904006,9904006,2,1,8.48653,138.017,5.279,PC
KIC_9945805,9945805,1,0,5.17085,132.182,14.31,NTP
KIC_9946525,9946525,1,1,51.8469,170.081,4.804,PC
KIC_9946525,9946525,2,1,4.18005,131.919,2.495,PC
KIC_9963265,9963265,1,1,16.4869,139.201,1.436,PC
KIC_9963461,9963461,1,0,10.5816,140.682,6.667,AFP
KIC_9963461,9963461,2,0,10.5816,132.245,4.59,AFP
KIC_9963524,9963524,1,1,5.69058,134.216,2.508,PC
KIC_9974142,9974142,1,0,8.04677,136.5,15.71,AFP
KIC_9974142,9974142,2,0,8.04306,139.255,15.81,AFP
KIC_9974142,9974142,3,0,8.04602,133.913,14.69,AFP
KIC_9655114,9655114,3,0,0.516475,131.58,1.557,NTP
KIC_9655129,9655129,1,0,2.74399,133.761,4.437,AFP
KIC_9696358,9696358,1,1,6.98153,132.776,6.764,PC
KIC_9715631,9715631,1,1,425.477,149.063,20.54,PC
KIC_9715923,9715923,2,0,1.04191,131.736,3.097,NTP
KIC_9715925,9715925,1,0,6.3082,134.388,2.497,AFP
KIC_9715939,9715939,1,0,12.893,141.611,3.248,AFP
KIC_9725543,9725543,2,0,0.554663,131.652,1.175,AFP
KIC_9725543,9725543,3,0,0.674533,131.967,1.461,NTP
KIC_9726020,9726020,1,0,549.562,211.43,10.5,NTP
KIC_9726045,9726045,1,0,220.529,275.324,6.714,NTP
KIC_9764965,9764965,3,0,0.699653,132.193,2.5,AFP
KIC_9765489,9765489,1,0,5.37945,134.351,15.24,AFP
KIC_9765489,9765489,2,0,5.37998,136.677,18.98,AFP
KIC_9765975,9765975,1,1,18.4585,138.165,3.453,PC
KIC_9777200,9777200,1,0,1.33255,132.054,2.121,AFP
KIC_9777246,9777246,1,0,1.568,132.704,5.501,NTP
KIC_9777246,9777246,2,0,2.28401,132.734,5.721,AFP
KIC_9791381,9791381,3,0,0.61861,131.67,1.515,AFP
KIC_9791509,9791509,1,0,0.75998,131.995,1.371,AFP
KIC_9791509,9791509,2,0,0.759945,131.773,1.325,AFP
KIC_9832655,9832655,1,0,0.661154,131.81,0.9177,AFP
KIC_9832655,9832655,2,0,0.660769,131.661,1.74,AFP
KIC_9832655,9832655,3,0,0.660825,132.403,2.701,AFP
KIC_9832655,9832655,4,0,0.660782,132.104,2.01,AFP
KIC_9838975,9838975,1,0,18.6929,143.833,3.911,AFP
KIC_9838975,9838975,2,0,18.6928,133.855,4.881,AFP
KIC_9839081,9839081,1,0,2.55925,132.26,1.513,AFP
KIC_9851226,9851226,2,0,8.4808,132.658,8.202,AFP
KIC_9851271,9851271,1,0,8.4803,135.856,6.071,AFP
KIC_9851360,9851360,1,0,8.48079,135.804,7.171,AFP
KIC_9851662,9851662,1,1,15.054,135.534,4.324,PC
KIC_9892816,9892816,4,1,1.64421,131.757,2.767,PC
KIC_9892822,9892822,2,0,6.38803,132.865,9.062,NTP
KIC_9892856,9892856,1,0,2.40654,133.746,1.844,AFP
KIC_9904006,9904006,3,1,20.1889,142.193,6.248,PC
KIC_9904059,9904059,1,0,102.963,158.08,16.1,AFP
KIC_9946525,9946525,3,1,1.72935,132.096,1.764,PC
KIC_9963524,9963524,2,1,10.0416,137.084,2.572,PC
KIC_9963524,9963524,3,1,18.3697,131.866,2.187,PC
KIC_9963524,9963524,4,1,2.7959,132.729,2.07,PC
KIC_9641103,9641103,1,0,1.08905,132.032,1.451,AFP
KIC_9641144,9641144,1,0,1.08906,132.039,2.149,AFP
KIC_9641481,9641481,1,1,42.1916,155.317,7.097,PC
KIC_9655151,9655151,1,0,0.789367,132.006,1.98,AFP
KIC_9655151,9655151,2,0,0.78937,132.164,1.674,AFP
KIC_9658012,9658012,1,0,0.532658,131.921,1.324,AFP
KIC_9658012,9658012,2,0,0.532517,131.764,1.5,AFP
KIC_9658118,9658118,1,0,24.0638,138.268,15.0,AFP
KIC_9658118,9658118,2,0,24.0611,147.96,7.5,AFP
KIC_9696853,9696853,1,0,1.50234,132.468,3.938,NTP
KIC_9696853,9696853,2,0,0.800214,132.053,2.606,NTP
KIC_9696853,9696853,3,0,1.60051,131.642,4.616,NTP
KIC_9716028,9716028,1,1,17.3733,138.282,3.491,PC
KIC_9716107,9716107,1,0,3.69324,133.042,12.36,AFP
KIC_9716107,9716107,2,0,3.6932,134.389,8.862,AFP
KIC_9726659,9726659,1,1,3.14869,133.374,2.129,PC
KIC_9766437,9766437,1,1,12.5325,133.169,3.949,PC
KIC_9767392,9767392,1,0,1.45727,131.6,4.5,AFP
KIC_9777246,9777246,3,0,2.28402,133.395,6.069,AFP
KIC_9777251,9777251,1,0,1.33254,132.073,4.054,AFP
KIC_9777256,9777256,1,0,1.33251,132.081,3.984,AFP
KIC_9777290,9777290,1,0,1.33249,132.109,3.553,AFP
KIC_9791509,9791509,3,0,0.759902,131.559,2.248,AFP
KIC_9811915,9811915,1,0,1.96682,132.686,1.35,NTP
KIC_9812351,9812351,1,0,0.754713,131.965,2.183,AFP
KIC_9812351,9812351,2,0,0.754656,132.208,4.958,AFP
KIC_9832678,9832678,2,0,1.44012,131.766,4.695,NTP
KIC_9839184,9839184,1,0,0.724931,131.733,2.7,AFP
KIC_9839184,9839184,2,0,0.724965,132.085,2.71,AFP
KIC_9839547,9839547,1,0,0.939623,131.66,2.212,AFP
KIC_9851845,9851845,1,0,1.08201,131.508,2.608,AFP
KIC_9851943,9851943,1,0,1.08197,131.512,3.583,AFP
KIC_9851970,9851970,1,0,1.08198,131.508,5.535,AFP
KIC_9893318,9893318,1,1,18.016,145.253,4.227,PC
KIC_9893365,9893365,1,0,0.691277,131.939,3.362,AFP
KIC_9893463,9893463,1,0,0.691287,131.916,2.869,AFP
KIC_9895004,9895004,1,0,2.25084,132.055,1.123,AFP
KIC_9906802,9906802,1,0,9.26148,135.109,1.769,NTP
KIC_9907129,9907129,1,1,9.70594,140.349,7.516,PC
KIC_9907505,9907505,1,0,39.2068,142.461,6.283,AFP
KIC_9947389,9947389,1,1,284.691,142.2,8.864,PC
KIC_9947653,9947653,1,1,37.9039,163.747,11.54,PC
KIC_9947653,9947653,2,1,12.0087,141.695,4.491,PC
KIC_9963609,9963609,1,0,0.913586,132.431,2.399,AFP
KIC_9963609,9963609,2,0,0.913606,131.954,4.794,AFP
KIC_9642018,9642018,1,0,0.505111,131.767,1.151,AFP
KIC_9642018,9642018,2,0,0.5051,131.529,1.052,AFP
KIC_9642292,9642292,1,1,15.141,143.741,4.422,PC
KIC_9642894,9642894,1,0,0.526134,131.665,1.078,AFP
KIC_9655169,9655169,1,0,1.4508,132.855,1.968,AFP
KIC_9655169,9655169,2,0,1.45069,132.721,6.905,AFP
KIC_9655177,9655177,1,0,0.970208,131.889,2.625,AFP
KIC_9655177,9655177,2,0,0.970288,132.297,2.81,AFP
KIC_9661869,9661869,1,0,20.4272,135.864,3.613,AFP
KIC_9661869,9661869,2,0,20.4258,147.468,2.02,AFP
KIC_9661877,9661877,1,0,20.4272,135.863,3.41,AFP
KIC_9697131,9697131,1,1,3.09755,131.564,4.566,PC
KIC_9697825,9697825,1,0,0.554636,131.947,1.603,NTP
KIC_9699950,9699950,1,0,0.528718,131.842,1.703,AFP
KIC_9699950,9699950,2,0,0.528752,131.559,1.735,AFP
KIC_9716107,9716107,3,0,2.51707,133.248,4.477,NTP
KIC_9716220,9716220,1,0,0.770679,131.746,2.471,AFP
KIC_9716220,9716220,2,0,0.770646,132.155,3.103,AFP
KIC_9716256,9716256,1,0,0.772413,132.221,2.399,AFP
KIC_9726982,9726982,2,0,5.61176,136.929,14.22,AFP
KIC_9726982,9726982,3,0,5.61046,134.252,18.46,AFP
KIC_9727765,9727765,1,0,5.64715,132.486,6.935,NTP
KIC_9728465,9728465,1,0,7.35389,132.02,1.847,AFP
KIC_9767486,9767486,1,0,1.24271,131.726,4.287,AFP
KIC_9767486,9767486,2,0,1.24243,132.626,6.74,AFP
KIC_9772075,9772075,1,0,0.768845,132.271,2.625,AFP
KIC_9772075,9772075,2,0,0.76904,131.514,2.519,AFP
KIC_9777453,9777453,1,0,1.3324,132.094,3.984,AFP
KIC_9777556,9777556,1,0,1.33264,132.019,2.173,AFP
KIC_9777724,9777724,1,0,1.33255,132.05,2.845,AFP
KIC_9777757,9777757,1,0,1.33259,132.038,3.516,AFP
KIC_9813078,9813078,1,0,1.21918,132.206,4.5,AFP
KIC_9813078,9813078,2,0,1.2197,131.859,5.379,AFP
KIC_9813078,9813078,3,0,1.21918,132.621,4.5,AFP
KIC_9813078,9813078,4,0,0.529274,131.78,2.0,NTP
KIC_9832727,9832727,3,0,5.64191,135.698,12.73,AFP
KIC_9832727,9832727,4,0,5.64299,131.511,15.0,AFP
KIC_9833599,9833599,1,0,1.40845,131.958,3.736,AFP
KIC_9834040,9834040,1,1,6.77411,135.955,2.856,PC
KIC_9839547,9839547,2,0,0.939601,132.151,2.964,AFP
KIC_9839701,9839701,1,0,4.44673,132.474,14.56,NTP
KIC_9839821,9839821,1,1,34.8538,164.044,5.402,PC
KIC_9839824,9839824,1,0,690.795,156.67,13.25,NTP
KIC_9872283,9872283,1,1,3.12686,133.726,1.213,PC
KIC_9895006,9895006,1,1,10.5613,133.768,2.793,PC
KIC_9895269,9895269,1,0,0.551973,131.593,1.797,AFP
KIC_9895269,9895269,2,0,0.552029,131.841,1.446,AFP
KIC_9895709,9895709,1,0,1.81893,133.124,1.501,AFP
KIC_9907505,9907505,2,0,39.2068,156.358,5.561,AFP
KIC_9908486,9908486,1,0,36.6092,138.774,2.314,AFP
KIC_9908496,9908496,1,0,1.19602,132.691,3.968,AFP
KIC_9908496,9908496,2,0,1.19615,132.054,3.895,AFP
KIC_9948002,9948002,1,0,101.263,214.125,17.83,AFP
KIC_9948002,9948002,2,0,101.263,186.59,9.576,AFP
KIC_9950612,9950612,1,1,9.0342,134.878,1.521,PC
KIC_9950612,9950612,2,1,45.9026,166.564,5.195,PC
KIC_9963667,9963667,2,0,1.49783,132.731,5.136,AFP
KIC_9963667,9963667,3,0,1.49778,132.01,4.786,AFP
KIC_9964670,9964670,1,0,1.54132,132.337,2.516,AFP
KIC_9964748,9964748,1,0,1.18382,131.885,1.357,AFP
KIC_9642894,9642894,2,0,0.526108,131.977,1.318,AFP
KIC_9643043,9643043,1,0,84.8062,192.373,9.291,AFP
KIC_9643043,9643043,2,0,84.8059,215.647,8.3,AFP
KIC_9655288,9655288,1,0,0.541047,131.646,1.64,AFP
KIC_9655288,9655288,2,0,0.541117,131.88,1.755,AFP
KIC_9661979,9661979,1,1,69.8964,160.658,5.088,PC
KIC_9662811,9662811,1,1,43.0338,137.694,6.05,PC
KIC_9663113,9663113,1,1,20.7403,142.8,10.31,PC
KIC_9700145,9700145,1,0,0.593156,131.672,2.127,AFP
KIC_9700145,9700145,2,0,0.593171,131.855,1.856,AFP
KIC_9716256,9716256,2,0,0.772396,131.918,2.022,AFP
KIC_9716262,9716262,1,0,1.33252,131.997,2.14,AFP
KIC_9716262,9716262,2,0,1.33257,132.126,1.493,AFP
KIC_9729691,9729691,1,1,8.68929,133.663,2.591,PC
KIC_9729691,9729691,2,1,20.9974,132.057,2.896,PC
KIC_9730163,9730163,1,1,4.87121,133.645,1.635,PC
KIC_9730163,9730163,2,1,2.98414,133.124,1.78,PC
KIC_9772087,9772087,1,0,3.41244,133.908,7.19,AFP
KIC_9772087,9772087,2,0,3.4125,132.134,6.027,AFP
KIC_9772087,9772087,3,0,0.534377,132.051,3.01,NTP
KIC_9777864,9777864,2,0,454.788,503.037,3.649,NTP
KIC_9778156,9778156,1,0,1.49634,131.515,4.82,AFP
KIC_9813499,9813499,1,1,5.03255,132.296,3.324,PC
KIC_9834257,9834257,1,0,15.6513,138.725,6.146,AFP
KIC_9834257,9834257,2,0,15.6513,132.815,6.071,AFP
KIC_9834719,9834719,1,0,1.62166,133.062,1.621,AFP
KIC_9842890,9842890,1,0,4.98838,133.756,7.751,AFP
KIC_9842906,9842906,1,0,4.98848,133.746,7.663,AFP
KIC_9842937,9842937,1,0,4.9884,133.759,6.994,AFP
KIC_9872292,9872292,1,1,10.1916,136.694,6.082,PC
KIC_9872831,9872831,1,1,5.49537,133.659,2.54,PC
KIC_9873254,9873254,1,1,14.7075,131.669,3.171,PC
KIC_9873254,9873254,2,1,0.900356,132.228,1.45,PC
KIC_9896018,9896018,1,1,2.72961,133.285,2.74,PC
KIC_9896018,9896018,2,1,3.59642,132.776,2.777,PC
KIC_9908496,9908496,3,0,25.2652,136.385,1.73,NTP
KIC_9909735,9909735,1,1,4.66272,134.082,2.84,PC
KIC_9909735,9909735,2,1,11.815,133.092,2.579,PC
KIC_9950612,9950612,3,1,4.15983,133.785,1.549,PC
KIC_9950612,9950612,4,1,28.1225,146.918,4.183,PC
KIC_9964801,9964801,1,1,13.7246,139.475,6.775,PC
KIC_9965121,9965121,1,0,4.68846,132.905,14.49,NTP
KIC_9965165,9965165,1,0,0.956651,131.725,4.676,NTP
KIC_9965184,9965184,1,0,16.2278,145.004,4.23,AFP
KIC_9643874,9643874,1,1,8.02768,135.397,3.208,PC
KIC_9644411,9644411,1,0,0.758799,131.638,1.29,AFP
KIC_9655312,9655312,1,0,1.26739,132.251,4.528,AFP
KIC_9655312,9655312,2,0,1.26742,131.513,4.291,AFP
KIC_9655393,9655393,1,0,0.57011,131.98,1.805,AFP
KIC_9655393,9655393,2,0,0.570107,131.711,2.524,AFP
KIC_9663677,9663677,1,0,0.55638,131.797,1.679,NTP
KIC_9664142,9664142,1,1,13.5631,140.654,5.616,PC
KIC_9664215,9664215,1,0,3.31953,131.924,3.293,AFP
KIC_9700322,9700322,2,0,6.2738,135.869,10.93,NTP
KIC_9700449,9700449,1,1,110.452,147.589,11.02,PC
KIC_9716302,9716302,1,0,1.3326,132.035,3.927,AFP
KIC_9716358,9716358,1,0,0.523912,131.575,1.479,AFP
KIC_9716358,9716358,2,0,0.52386,131.82,1.711,AFP
KIC_9735426,9735426,1,1,8.08803,138.735,1.789,PC
KIC_9752973,9752973,1,0,0.716708,132.051,0.6002,AFP
KIC_9772531,9772531,1,0,31.2017,152.206,2.215,AFP
KIC_9772586,9772586,1,0,477.917,262.383,5.153,NTP
KIC_9773094,9773094,1,0,0.606459,131.683,2.979,NTP
KIC_9778156,9778156,2,0,1.49663,132.623,5.701,AFP
KIC_9814809,9814809,1,0,0.611751,131.696,2.005,NTP
KIC_9815053,9815053,1,1,5.83892,136.905,1.067,PC
KIC_9834731,9834731,1,1,3.08936,134.226,3.159,PC
KIC_9835505,9835505,1,0,459.296,260.243,2.595,NTP
KIC_9835697,9835697,1,0,3.61845,134.363,7.041,AFP
KIC_9843435,9843435,2,0,6.7314,136.525,17.95,NTP
KIC_9843517,9843517,1,1,11.9379,133.243,5.796,PC
KIC_9844088,9844088,1,1,3.75083,133.643,1.978,PC
KIC_9873759,9873759,1,0,4.99469,136.19,3.242,AFP
KIC_9873847,9873847,1,0,6.85399,134.728,15.29,NTP
KIC_9896018,9896018,3,1,10.3015,134.881,4.107,PC
KIC_9896435,9896435,1,0,18.0766,146.258,3.156,AFP
KIC_9896435,9896435,2,0,18.0765,137.353,2.602,AFP
KIC_9896438,9896438,1,0,18.0767,146.25,3.122,AFP
KIC_9910043,9910043,1,1,39.4018,160.238,8.002,PC
KIC_9910533,9910533,1,0,0.744788,132.101,2.307,AFP
KIC_9910533,9910533,2,0,0.744817,131.724,2.021,AFP
KIC_9953617,9953617,1,0,2.75851,132.934,5.446,NTP
KIC_9953617,9953617,2,0,0.509318,131.729,0.5432,AFP
KIC_9953617,9953617,3,0,0.509322,131.546,1.344,AFP
KIC_9965184,9965184,2,0,16.2276,136.633,4.681,AFP
KIC_9965206,9965206,1,0,16.2275,136.64,5.127,AFP
KIC_9965206,9965206,2,0,16.2276,145.006,5.507,AFP
KIC_9965439,9965439,1,1,46.4065,146.587,7.094,PC
KIC_9644411,9644411,2,0,0.758834,131.986,1.519,AFP
KIC_9644683,9644683,1,0,0.585944,131.7,1.086,AFP
KIC_9645188,9645188,1,0,496.354,239.065,5.083,NTP
KIC_9645298,9645298,1,0,330.535,313.958,11.47,NTP
KIC_9655402,9655402,1,0,0.577256,131.895,0.9922,AFP
KIC_9655402,9655402,2,0,0.577252,131.648,1.022,AFP
KIC_9655402,9655402,3,0,0.577262,132.054,0.8624,AFP
KIC_9664276,9664276,1,1,62.5965,185.996,11.52,PC
KIC_9665503,9665503,1,0,11.568,137.335,3.5,AFP
KIC_9665503,9665503,2,0,11.568,133.332,4.576,AFP
KIC_9701962,9701962,1,1,27.4786,148.607,7.516,PC
KIC_9702006,9702006,1,1,6.24567,137.158,2.525,PC
KIC_9702072,9702072,1,1,4.182,135.152,2.215,PC
KIC_9702945,9702945,1,1,3.51399,132.438,2.971,PC
KIC_9716385,9716385,1,0,5.26853,134.766,8.719,AFP
KIC_9716385,9716385,2,0,5.27068,135.844,14.28,AFP
KIC_9716385,9716385,3,0,5.26792,133.555,9.206,AFP
KIC_9752973,9752973,2,0,2.86628,132.518,7.443,AFP
KIC_9752973,9752973,3,0,2.86566,134.065,10.5,AFP
KIC_9752982,9752982,1,0,0.71672,132.046,1.179,AFP
KIC_9752982,9752982,2,0,0.71657,131.737,1.833,AFP
KIC_9773270,9773270,1,1,122.742,171.063,5.862,PC
KIC_9773512,9773512,1,0,0.56834,132.001,1.984,AFP
KIC_9773512,9773512,2,0,0.568343,131.814,1.512,AFP
KIC_9782691,9782691,1,1,11.3884,140.388,4.253,PC
KIC_9782691,9782691,2,1,50.6985,141.316,5.873,PC
KIC_9782748,9782748,1,1,147.386,174.671,9.042,PC
KIC_9783760,9783760,1,0,89.7397,205.265,3.263,AFP
KIC_9818381,9818381,1,1,3.02409,132.417,2.891,PC
KIC_9818462,9818462,1,1,25.9422,156.188,4.673,PC
KIC_9818732,9818732,1,0,45.0352,132.638,6.0,AFP
KIC_9835697,9835697,2,0,3.61312,131.953,9.581,AFP
KIC_9844791,9844791,2,0,1.74876,132.174,5.685,NTP
KIC_9845573,9845573,1,0,1.72801,132.034,2.236,AFP
KIC_9874181,9874181,2,0,0.788015,131.717,0.7445,AFP
KIC_9874181,9874181,3,0,0.788003,132.067,1.09,AFP
KIC_9875566,9875566,1,0,0.668957,132.217,3.845,AFP
KIC_9896558,9896558,1,1,67.6698,198.185,9.591,PC
KIC_9896558,9896558,2,1,153.347,190.542,12.07,PC
KIC_9896606,9896606,1,0,0.655096,131.563,2.5,AFP
KIC_9896606,9896606,2,0,0.655069,131.905,2.141,AFP
KIC_9897089,9897089,1,0,1.17129,132.291,3.468,AFP
KIC_9910828,9910828,1,0,8.48018,135.866,6.206,AFP
KIC_9910942,9910942,1,0,8.48037,135.85,5.928,AFP
KIC_9911112,9911112,1,0,1.16683,131.914,1.98,AFP
KIC_9911882,9911882,1,0,1.59564,132.945,1.249,AFP
KIC_9953851,9953851,1,0,0.691275,131.919,2.836,AFP
KIC_9954225,9954225,1,0,1.34054,132.163,3.0,AFP
KIC_9955262,9955262,1,0,77.48,154.704,10.14,AFP
KIC_9965470,9965470,1,0,0.692913,131.578,2.248,NTP
KIC_9965957,9965957,1,1,5.75323,136.755,1.558,PC
KIC_9649222,9649222,1,0,5.91862,132.925,3.952,AFP
KIC_9649222,9649222,2,0,5.91861,135.885,3.776,AFP
KIC_9655407,9655407,1,0,0.526528,131.675,1.193,NTP
KIC_9655419,9655419,1,0,1.92148,133.235,1.163,AFP
KIC_9655419,9655419,2,0,0.869604,131.745,3.007,AFP
KIC_9655419,9655419,3,0,0.869587,132.338,3.0,AFP
KIC_9665503,9665503,3,0,69.4071,137.123,12.5,NTP
KIC_9665503,9665503,4,0,104.112,218.541,12.0,NTP
KIC_9665503,9665503,5,0,347.044,229.647,12.5,NTP
KIC_9665503,9665503,6,0,208.218,195.417,12.0,NTP
KIC_9665922,9665922,1,0,1.54535,132.642,2.508,AFP
KIC_9703198,9703198,1,1,10.3291,133.292,1.202,PC
KIC_9704050,9704050,2,0,491.411,608.301,40.03,NTP
KIC_9704377,9704377,1,0,459.293,260.267,3.55,NTP
KIC_9704384,9704384,1,1,5.50859,132.298,2.961,PC
KIC_9716391,9716391,1,0,13.1829,141.833,3.63,AFP
KIC_9716523,9716523,1,0,0.851176,132.052,2.82,NTP
KIC_9753154,9753154,1,1,3.70428,132.219,3.381,PC
KIC_9757613,9757613,1,1,12.283,133.548,2.805,PC
KIC_9757613,9757613,2,1,17.2512,132.637,2.35,PC
KIC_9773512,9773512,3,0,0.568307,131.641,1.621,AFP
KIC_9773869,9773869,1,0,15.6511,138.731,4.5,AFP
KIC_9773869,9773869,2,0,15.6511,132.826,4.5,AFP
KIC_9773869,9773869,3,0,15.654,133.391,3.345,AFP
KIC_9773869,9773869,4,0,15.6517,138.431,15.0,AFP
KIC_9773869,9773869,5,0,15.6537,133.287,5.909,AFP
KIC_9784230,9784230,1,0,0.798198,131.566,1.543,AFP
KIC_9784590,9784590,1,0,5.4519,131.938,10.98,AFP
KIC_9784590,9784590,2,0,5.45161,135.054,13.4,AFP
KIC_9785454,9785454,1,0,184.52,237.699,15.38,AFP
KIC_9818732,9818732,2,0,45.0364,146.022,9.0,AFP
KIC_9820483,9820483,1,1,3.5841,134.588,2.783,PC
KIC_9821078,9821078,1,0,8.42942,132.292,2.5,AFP
KIC_9836073,9836073,3,0,1.49456,132.773,6.582,AFP
KIC_9836073,9836073,4,0,1.49458,132.281,3.5,AFP
KIC_9845573,9845573,2,0,1.7277,133.011,6.993,AFP
KIC_9845898,9845898,1,1,45.1264,165.414,6.658,PC
KIC_9845907,9845907,1,0,1.1829,131.513,3.1,AFP
KIC_9845907,9845907,2,0,1.18145,132.277,2.788,AFP
KIC_9845907,9845907,3,0,1.18162,131.634,3.5,AFP
KIC_9875566,9875566,2,0,0.668948,131.839,1.998,AFP
KIC_9875711,9875711,1,1,8.36087,133.84,2.683,PC
KIC_9880190,9880190,1,1,4.55143,133.055,2.336,PC
KIC_9880467,9880467,1,0,8.97349,135.137,3.16,AFP
KIC_9897089,9897089,2,0,1.17129,131.902,2.805,AFP
KIC_9897089,9897089,3,0,1.1713,132.684,3.242,AFP
KIC_9897364,9897364,1,1,64.2727,186.731,12.4,PC
KIC_9898017,9898017,1,1,2.2979,131.513,2.864,PC
KIC_9913798,9913798,1,0,2.14344,133.497,4.024,AFP
KIC_9913798,9913798,2,0,2.14342,132.432,3.0,AFP
KIC_9932970,9932970,1,1,52.9716,159.061,3.324,PC
KIC_9955598,9955598,1,1,68.9581,179.084,3.144,PC
KIC_9955807,9955807,1,0,8.89678,135.499,14.41,NTP
KIC_9955807,9955807,2,0,3.81275,133.312,11.91,NTP
KIC_9956082,9956082,1,1,3.7403,134.705,2.518,PC
KIC_9966115,9966115,1,0,8.94743,132.046,4.899,AFP
KIC_9966115,9966115,2,0,8.94743,136.52,4.746,AFP
KIC_9966219,9966219,1,1,17.9558,139.033,4.715,PC
KIC_9649706,9649706,1,1,1.56904,133.051,2.627,PC
KIC_9650390,9650390,1,0,1.19102,132.201,1.806,AFP
KIC_9655422,9655422,1,0,0.525833,131.848,1.5,AFP
KIC_9655422,9655422,2,0,0.525834,131.681,1.396,AFP
KIC_9666465,9666465,1,0,4.84433,136.069,12.22,AFP
KIC_9666465,9666465,2,0,4.84416,134.611,8.264,AFP
KIC_9667584,9667584,1,0,0.576114,131.858,1.219,AFP
KIC_9705459,9705459,1,0,2.4866,131.621,2.702,AFP
KIC_9710326,9710326,1,1,28.5991,132.728,3.651,PC
KIC_9716563,9716563,1,0,0.653288,131.53,2.154,AFP
KIC_9716563,9716563,2,0,0.653253,131.881,2.574,AFP
KIC_9757613,9757613,3,1,46.8276,136.745,1.883,PC
KIC_9757613,9757613,4,1,3.54392,132.715,2.063,PC
KIC_9758032,9758032,1,1,1.33204,131.583,1.381,PC
KIC_9758089,9758089,1,1,92.7296,177.442,6.405,PC
KIC_9773869,9773869,6,0,15.6521,132.78,14.04,AFP
KIC_9773980,9773980,1,1,3.38792,133.934,1.786,PC
KIC_9774286,9774286,1,0,0.609418,131.632,1.983,AFP
KIC_9785454,9785454,2,0,184.52,273.603,16.45,AFP
KIC_9785921,9785921,1,1,26.7575,137.288,5.841,PC
KIC_9786017,9786017,1,0,2.249,132.651,8.164,AFP
KIC_9786062,9786062,1,0,3.24449,133.344,9.314,NTP
KIC_9821078,9821078,2,0,8.42943,136.511,3.761,AFP
KIC_9821078,9821078,3,0,8.42933,132.097,15.0,AFP
KIC_9821151,9821151,1,0,4.21467,132.308,2.558,AFP
KIC_9821454,9821454,1,1,17.9774,147.756,4.978,PC
KIC_9836149,9836149,1,1,17.8159,134.484,3.405,PC
KIC_9836563,9836563,1,1,4.72698,135.285,4.013,PC
KIC_9845909,9845909,1,1,11.5706,136.288,3.08,PC
KIC_9845931,9845931,1,0,61.2255,181.697,3.452,AFP
KIC_9846086,9846086,1,1,37.8651,160.734,2.96,PC
KIC_9880467,9880467,2,0,108.541,151.164,7.096,AFP
KIC_9881077,9881077,1,1,24.4004,135.625,3.058,PC
KIC_9881660,9881660,1,1,65.3556,154.481,2.352,PC
KIC_9898181,9898181,1,0,587.979,208.243,11.64,NTP
KIC_9898364,9898364,1,0,7.13237,134.472,2.882,AFP
KIC_9898447,9898447,1,1,2.37755,133.393,2.373,PC
KIC_9933043,9933043,1,0,2.19766,131.999,5.16,NTP
KIC_9934208,9934208,1,0,9.05849,137.338,4.157,AFP
KIC_9934208,9934208,2,0,9.0585,133.327,2.801,AFP
KIC_9957627,9957627,1,1,39.7528,135.716,6.133,PC
KIC_9957668,9957668,1,0,30.6953,155.721,5.938,AFP
KIC_9967009,9967009,1,1,12.4328,142.106,8.063,PC
KIC_9967009,9967009,2,1,30.9907,141.415,8.563,PC
KIC_9967129,9967129,1,0,5.14971,131.992,8.759,NTP
KIC_9650390,9650390,2,0,1.19103,131.602,2.245,AFP
KIC_9650501,9650501,1,0,0.677525,131.979,1.878,AFP
KIC_9650501,9650501,2,0,0.677381,131.817,1.592,AFP
KIC_9650501,9650501,3,0,1.38435,131.894,1.84,NTP
KIC_9655433,9655433,1,0,0.569139,131.936,2.169,AFP
KIC_9655433,9655433,2,0,0.569109,131.689,1.591,AFP
KIC_9667584,9667584,2,0,0.576128,131.56,1.145,AFP
KIC_9673173,9673173,1,0,21.2947,147.097,7.587,AFP
KIC_9710475,9710475,2,0,1.22367,132.538,3.215,AFP
KIC_9710475,9710475,3,0,1.2224,131.877,4.315,AFP
KIC_9716667,9716667,1,0,0.615547,131.656,1.107,AFP
KIC_9716667,9716667,2,0,0.615557,132.087,1.125,AFP
KIC_9716947,9716947,1,0,1.24715,132.559,3.483,AFP
KIC_9758089,9758089,2,1,32.3762,150.414,4.463,PC
KIC_9774286,9774286,2,0,0.609423,131.956,1.836,AFP
KIC_9774314,9774314,1,0,0.614963,132.082,1.281,AFP
KIC_9774314,9774314,2,0,0.614816,132.082,0.9924,AFP
KIC_9786821,9786821,1,0,21.12,150.128,2.053,AFP
KIC_9786821,9786821,2,0,21.1205,149.828,8.028,AFP
KIC_9821454,9821454,2,1,11.8697,137.696,5.421,PC
KIC_9822284,9822284,1,0,0.969811,132.292,1.174,AFP
KIC_9822284,9822284,2,0,0.969838,131.792,1.886,AFP
KIC_9836959,9836959,1,1,105.014,228.95,6.461,PC
KIC_9837083,9837083,1,0,0.623393,131.911,1.156,AFP
KIC_9837083,9837083,2,0,0.623394,131.595,1.5,AFP
KIC_9846348,9846348,1,1,26.8932,153.059,2.324,PC
KIC_9846419,9846419,1,0,0.530668,131.622,1.384,AFP
KIC_9846419,9846419,2,0,0.530654,131.973,1.663,AFP
KIC_9881662,9881662,1,1,3.25428,133.61,2.97,PC
KIC_9881662,9881662,2,1,91.3514,189.603,9.146,PC
KIC_9883311,9883311,1,1,30.5231,146.851,2.674,PC
KIC_9883606,9883606,1,1,4.34191,134.193,2.625,PC
KIC_9899065,9899065,1,0,1.33251,132.081,2.852,AFP
KIC_9899141,9899141,1,0,1.33252,132.087,4.377,AFP
KIC_9899153,9899153,1,0,1.3326,132.028,2.848,AFP
KIC_9899181,9899181,1,0,1.33255,132.059,2.86,AFP
KIC_9934274,9934274,1,0,4.99471,136.19,3.235,AFP
KIC_9935642,9935642,1,1,9.33959,138.108,1.414,PC
KIC_9936080,9936080,1,1,19.565,136.287,4.748,PC
KIC_9958053,9958053,1,0,2.73397,133.77,1.519,AFP
KIC_9958053,9958053,2,0,1.36695,132.602,2.176,NTP
KIC_9958053,9958053,3,0,2.73395,134.179,1.414,AFP
KIC_9958053,9958053,4,0,0.911299,132.002,2.655,NTP
KIC_9967771,9967771,1,1,0.538345,131.658,1.218,PC
KIC_9967771,9967771,2,1,9.9172,135.142,3.16,PC
KIC_9967884,9967884,1,1,5.42835,131.755,1.911,PC
KIC_9969287,9969287,1,1,14.7402,133.537,5.295,PC
KIC_9650808,9650808,1,1,21.964,133.034,2.713,PC
KIC_9650808,9650808,2,1,125.603,215.429,7.101,PC
KIC_9650957,9650957,1,0,1.15484,132.189,1.985,AFP
KIC_9650957,9650957,2,0,1.15469,131.958,1.538,AFP
KIC_9655444,9655444,1,0,2.06668,131.785,2.445,AFP
KIC_9655444,9655444,2,0,2.06703,133.003,6.198,AFP
KIC_9655444,9655444,3,0,2.0667,132.465,2.438,AFP
KIC_9673173,9673173,2,0,21.2947,143.692,7.73,AFP
KIC_9673173,9673173,3,0,21.2972,146.106,15.41,AFP
KIC_9673173,9673173,4,0,382.268,352.032,22.9,NTP
KIC_9712350,9712350,1,1,51.5734,158.077,3.404,PC
KIC_9712799,9712799,1,0,2.23193,132.286,2.841,AFP
KIC_9716947,9716947,2,0,1.24709,131.884,1.936,AFP
KIC_9716955,9716955,1,0,459.262,260.308,6.225,NTP
KIC_9717032,9717032,1,0,0.556545,131.721,1.615,AFP
KIC_9717032,9717032,2,0,0.557561,131.695,1.508,AFP
KIC_9760994,9760994,1,0,2.26221,132.767,4.175,AFP
KIC_9760994,9760994,2,0,2.26149,132.552,5.618,AFP
KIC_9761199,9761199,1,0,1.38404,131.725,0.6191,AFP
KIC_9761573,9761573,1,1,7.44166,137.309,2.841,PC
KIC_9774357,9774357,2,0,1.77002,132.442,4.886,AFP
KIC_9774357,9774357,3,0,1.76949,131.765,6.013,AFP
KIC_9787239,9787239,1,1,5.90129,135.999,2.249,PC
KIC_9822703,9822703,1,0,4.753,132.737,14.76,NTP
KIC_9823457,9823457,1,1,8.11528,133.947,2.832,PC
KIC_9823457,9823457,2,1,36.925,137.298,4.869,PC
KIC_9837267,9837267,1,0,0.523774,131.799,1.633,AFP
KIC_9837267,9837267,2,0,0.523854,131.9,1.37,AFP
KIC_9837544,9837544,1,0,71.6612,172.916,4.5,AFP
KIC_9837544,9837544,2,0,71.6617,164.886,3.5,AFP
KIC_9837544,9837544,3,0,143.321,236.328,15.0,AFP
KIC_9837544,9837544,4,0,143.366,165.149,0.8808,AFP
KIC_9847239,9847239,1,1,28.5079,132.793,3.122,PC
KIC_9884104,9884104,1,1,4.58547,133.177,3.491,PC
KIC_9884104,9884104,2,1,22.7145,147.295,5.755,PC
KIC_9884104,9884104,3,1,47.9035,141.981,5.626,PC
KIC_9899193,9899193,1,0,1.33255,132.066,3.545,AFP
KIC_9899217,9899217,1,0,1.33252,132.075,4.123,AFP
KIC_9899233,9899233,1,0,1.33256,132.052,2.104,AFP
KIC_9936518,9936518,1,0,0.598075,131.969,1.959,NTP
KIC_9936518,9936518,2,0,1.1771,132.649,6.603,AFP
KIC_9936518,9936518,3,0,1.17706,131.954,4.5,AFP
KIC_9958055,9958055,2,0,1.89242,131.941,5.942,NTP
KIC_9958071,9958071,1,0,2.73417,133.274,13.54,NTP
KIC_9958387,9958387,1,1,237.787,196.971,10.42,PC
KIC_9970568,9970568,1,0,0.761374,131.761,2.495,AFP
KIC_9970568,9970568,2,0,0.761396,132.263,2.53,AFP
KIC_9650957,9650957,3,0,0.853958,131.512,3.196,NTP
KIC_9650989,9650989,1,1,3.42392,132.879,1.704,PC
KIC_9651065,9651065,2,0,0.678366,131.887,1.968,AFP
KIC_9655471,9655471,1,0,2.62424,134.093,9.012,AFP
KIC_9673483,9673483,1,0,0.930633,132.607,4.642,AFP
KIC_9673483,9673483,2,0,0.930643,132.155,3.481,AFP
KIC_9673785,9673785,1,0,395.958,504.571,7.38,NTP
KIC_9712799,9712799,2,0,2.2319,131.855,3.554,AFP
KIC_9712799,9712799,3,0,2.23196,133.618,2.877,AFP
KIC_9717861,9717861,1,0,3.05117,133.74,6.986,AFP
KIC_9717861,9717861,2,0,3.05108,133.602,12.68,AFP
KIC_9717943,9717943,1,1,6.11011,136.91,2.43,PC
KIC_9761615,9761615,1,1,1.79109,131.962,2.133,PC
KIC_9761882,9761882,1,1,24.5871,149.119,4.128,PC
KIC_9762514,9762514,1,0,7.51507,138.093,2.461,AFP
KIC_9774400,9774400,1,0,10.8182,137.171,17.74,AFP
KIC_9774400,9774400,2,0,10.8182,131.765,16.8,AFP
KIC_9775253,9775253,1,0,4.3945,133.624,3.108,AFP
KIC_9775385,9775385,1,0,4.45932,131.613,5.923,AFP
KIC_9775385,9775385,2,0,4.45948,134.104,8.476,AFP
KIC_9787239,9787239,2,1,8.75212,135.625,2.979,PC
KIC_9787239,9787239,3,1,22.7808,132.422,3.227,PC
KIC_9787239,9787239,4,1,2.89601,133.614,1.719,PC
KIC_9787239,9787239,5,1,0.74296,131.787,1.238,PC
KIC_9823487,9823487,1,1,16.0045,140.483,4.155,PC
KIC_9823519,9823519,1,1,4.49683,134.212,1.818,PC
KIC_9823519,9823519,2,1,1.76679,133.081,1.316,PC
KIC_9837544,9837544,5,0,143.321,164.668,10.5,AFP
KIC_9837586,9837586,1,0,10.3668,132.962,8.066,AFP
KIC_9849107,9849107,1,0,3.14799,134.32,5.678,AFP
KIC_9849107,9849107,2,0,3.14801,133.288,5.164,AFP
KIC_9849107,9849107,3,0,3.14826,132.171,11.83,AFP
KIC_9849884,9849884,1,0,5.35746,131.621,2.691,AFP
KIC_9885417,9885417,1,1,0.689974,131.632,1.18,PC
KIC_9886221,9886221,1,0,2.99266,131.889,1.735,AFP
KIC_9886224,9886224,1,0,2.99266,131.893,2.549,AFP
KIC_9899256,9899256,1,0,1.33249,132.104,3.32,AFP
KIC_9899280,9899280,1,0,1.33255,132.054,2.222,AFP
KIC_9899315,9899315,1,0,1.33241,132.151,3.828,AFP
KIC_9899352,9899352,1,0,1.3325,132.089,3.615,AFP
KIC_9940565,9940565,1,0,2.13933,132.922,2.677,AFP
KIC_9941066,9941066,1,1,5.87069,137.241,2.684,PC
KIC_9941387,9941387,1,0,27.6596,141.245,3.0,AFP
KIC_9941387,9941387,2,0,27.6606,141.013,15.0,AFP
KIC_9941387,9941387,3,0,27.6595,157.401,1.683,AFP
KIC_9958962,9958962,1,1,9.99759,131.799,3.434,PC
KIC_9958962,9958962,2,1,90.4113,208.506,6.848,PC
KIC_9958962,9958962,3,1,51.0671,147.613,4.326,PC
KIC_9970568,9970568,3,0,0.761361,132.136,2.654,AFP
KIC_9971475,9971475,1,0,5.35741,131.638,4.306,AFP
KIC_9971475,9971475,2,0,5.35741,134.316,4.208,AFP
KIC_9971786,9971786,1,0,0.644787,131.843,1.438,AFP
KIC_9651065,9651065,3,0,0.678405,131.537,2.5,AFP
KIC_9651169,9651169,1,0,6.18026,136.705,13.99,NTP
KIC_9651234,9651234,1,1,96.915,187.09,6.161,PC
KIC_9651374,9651374,1,0,0.68863,132.212,2.157,NTP
KIC_9655471,9655471,2,0,2.62424,132.826,7.212,AFP
KIC_9655501,9655501,1,0,0.597117,132.056,2.132,AFP
KIC_9655501,9655501,2,0,0.597142,131.715,2.108,AFP
KIC_9655514,9655514,1,0,0.690856,132.001,2.049,AFP
KIC_9674346,9674346,1,0,6.69917,133.391,7.551,NTP
KIC_9674346,9674346,2,0,4.88056,136.165,15.06,AFP
KIC_9674346,9674346,3,0,4.8806,133.202,12.46,AFP
KIC_9674564,9674564,1,0,6.87385,132.444,3.244,AFP
KIC_9713632,9713632,1,0,1.24045,131.614,2.317,AFP
KIC_9717958,9717958,1,0,67.7135,147.508,34.5,AFP
KIC_9717958,9717958,2,0,67.712,149.809,6.25,AFP
KIC_9718066,9718066,1,1,16.0922,142.519,2.011,PC
KIC_9762519,9762519,1,0,7.51515,138.08,3.554,AFP
KIC_9762519,9762519,2,0,7.51515,134.504,3.49,AFP
KIC_9762713,9762713,1,0,0.542914,131.736,1.033,AFP
KIC_9762713,9762713,2,0,0.542914,132.058,1.263,AFP
KIC_9762713,9762713,3,0,0.542913,131.63,1.5,AFP
KIC_9775385,9775385,3,0,0.971727,132.203,3.116,NTP
KIC_9775385,9775385,4,0,4.46062,131.996,6.969,AFP
KIC_9775475,9775475,1,0,78.4285,169.313,3.76,AFP
KIC_9788457,9788457,1,0,0.965143,131.827,2.644,AFP
KIC_9788457,9788457,2,0,0.960155,131.716,2.494,AFP
KIC_9788457,9788457,3,0,0.964598,131.766,2.432,AFP
KIC_9823652,9823652,1,0,0.845038,132.092,3.422,AFP
KIC_9823652,9823652,2,0,0.845042,131.649,3.369,AFP
KIC_9837659,9837659,1,0,0.93349,131.778,2.13,AFP
KIC_9837659,9837659,2,0,0.933472,131.526,1.562,AFP
KIC_9837661,9837661,1,1,11.1283,139.543,2.71,PC
KIC_9837661,9837661,2,1,2.22649,133.374,1.732,PC
KIC_9850393,9850393,1,0,0.611494,131.55,1.916,NTP
KIC_9850393,9850393,2,0,0.850188,131.861,1.961,AFP
KIC_9850393,9850393,3,0,0.850156,132.27,3.0,AFP
KIC_9886224,9886224,2,0,2.99262,133.405,2.183,AFP
KIC_9886255,9886255,1,1,105.957,182.051,7.151,PC
KIC_9886361,9886361,1,1,7.03156,134.444,5.958,PC
KIC_9899355,9899355,1,0,1.33244,132.12,1.534,AFP
KIC_9899410,9899410,1,0,1.33257,132.055,2.931,AFP
KIC_9899414,9899414,1,0,1.33254,132.061,1.898,AFP
KIC_9941662,9941662,1,1,1.76359,132.911,3.154,PC
KIC_9941662,9941662,2,0,1.76358,132.03,3.004,AFP
KIC_9941859,9941859,1,1,9.57667,138.377,3.402,PC
KIC_9941859,9941859,2,1,96.6781,140.187,5.527,PC
KIC_9959279,9959279,1,0,1.0969,132.611,3.186,AFP
KIC_9959279,9959279,2,0,1.09719,132.238,2.893,AFP
KIC_9959492,9959492,1,0,1.33251,132.096,3.343,AFP
KIC_9971786,9971786,2,0,0.646164,132.147,1.534,AFP
KIC_9971786,9971786,3,0,0.646512,131.97,2.055,AFP
KIC_9972385,9972385,1,0,58.4206,188.644,14.56,NTP
KIC_9651374,9651374,2,0,2.75473,132.399,2.22,AFP
KIC_9651374,9651374,3,0,2.75483,133.864,3.516,AFP
KIC_9655514,9655514,2,0,0.690899,131.62,2.62,AFP
KIC_9655711,9655711,1,1,12.7142,134.804,3.352,PC
KIC_9655711,9655711,2,1,7.72967,138.932,1.783,PC
KIC_9674564,9674564,2,0,6.87373,136.124,4.339,AFP
KIC_9674568,9674568,2,0,0.673928,131.959,3.382,NTP
KIC_9674592,9674592,1,0,6.87371,132.454,5.256,AFP
KIC_9713632,9713632,2,0,1.24038,132.025,3.366,AFP
KIC_9714123,9714123,1,0,50.3555,136.911,5.537,AFP
KIC_9714123,9714123,2,0,50.3555,163.569,9.307,AFP
KIC_9718066,9718066,2,0,28.9059,158.823,2.901,AFP
KIC_9718378,9718378,1,0,2.44071,132.764,4.705,AFP
KIC_9718378,9718378,2,0,2.44058,133.394,5.988,AFP
KIC_9718379,9718379,1,0,40.0089,141.747,2.845,AFP
KIC_9762866,9762866,1,0,4.80987,136.07,14.97,AFP
KIC_9762866,9762866,2,0,4.80985,132.8,11.14,AFP
KIC_9762866,9762866,3,0,4.81049,134.422,14.59,AFP
KIC_9775938,9775938,1,1,13.1972,131.954,3.527,PC
KIC_9775938,9775938,2,1,33.6528,147.803,3.922,PC
KIC_9776186,9776186,1,0,1.48919,132.388,1.903,AFP
KIC_9776474,9776474,1,0,0.855385,132.388,2.706,AFP
KIC_9790034,9790034,1,0,5.14143,134.159,10.5,AFP
KIC_9790034,9790034,2,0,5.14128,131.914,11.87,AFP
KIC_9790144,9790144,1,0,2.19602,133.374,7.421,AFP
KIC_9824805,9824805,1,1,4.44448,133.465,3.197,PC
KIC_9824928,9824928,1,1,1.70002,131.624,3.282,PC
KIC_9837661,9837661,3,1,5.72088,134.663,2.738,PC
KIC_9837685,9837685,1,1,13.7123,135.514,2.573,PC
KIC_9837828,9837828,1,1,6.80908,132.176,0.8468,PC
KIC_9838060,9838060,1,0,23.8158,154.846,3.934,AFP
KIC_9850409,9850409,1,0,1.01473,132.049,4.584,NTP
KIC_9850843,9850843,1,0,8.48024,135.874,6.525,AFP
KIC_9850893,9850893,1,0,8.48036,135.854,7.4,AFP
KIC_9850912,9850912,1,0,8.4802,135.868,6.195,AFP
KIC_9886361,9886361,2,1,13.6117,144.169,7.621,PC
KIC_9886361,9886361,3,1,54.2811,140.718,5.379,PC
KIC_9886361,9886361,4,1,24.5605,146.805,8.416,PC
KIC_9886661,9886661,1,1,5.08275,133.21,1.757,PC
KIC_9899416,9899416,1,0,0.668282,131.717,2.45,AFP
KIC_9899416,9899416,2,0,0.668248,131.997,2.315,AFP
KIC_9899421,9899421,1,0,1.33255,132.055,2.262,AFP
KIC_9899449,9899449,1,0,1.33252,132.067,1.236,AFP
KIC_9941859,9941859,3,1,20.5528,145.029,2.212,PC
KIC_9959492,9959492,2,1,11.6821,134.847,2.129,PC
KIC_9959494,9959494,1,0,1.33254,132.062,3.828,AFP
KIC_9959545,9959545,1,0,1.33251,132.076,3.797,AFP
KIC_9972385,9972385,2,0,3.37776,134.257,4.016,AFP
KIC_9972385,9972385,5,0,3.37851,131.681,4.835,AFP
KIC_9651668,9651668,1,1,2.68433,133.355,2.671,PC
KIC_9652649,9652649,1,0,2.48887,132.113,4.094,AFP
KIC_9655769,9655769,1,0,0.520424,131.607,1.084,AFP
KIC_9655769,9655769,2,0,0.520503,131.662,1.46,AFP
KIC_9655792,9655792,1,0,589.721,241.69,12.89,NTP
KIC_9655858,9655858,1,0,31.4329,138.111,5.47,AFP
KIC_9674592,9674592,2,0,6.87369,136.136,6.735,AFP
KIC_9674608,9674608,1,0,2.97206,133.248,1.21,AFP
KIC_9674608,9674608,2,0,2.97204,131.766,0.9222,AFP
KIC_9691284,9691284,1,0,0.871617,132.056,2.997,AFP
KIC_9714358,9714358,1,0,6.47424,134.394,3.249,AFP
KIC_9714550,9714550,1,1,4.73289,131.582,1.615,PC
KIC_9718379,9718379,2,0,40.0089,137.225,2.553,AFP
KIC_9719634,9719634,1,0,3.35157,134.282,2.408,AFP
KIC_9719636,9719636,1,0,3.35157,134.281,2.909,AFP
KIC_9763348,9763348,1,1,15.7738,137.529,5.267,PC
KIC_9763612,9763612,1,1,16.0507,141.733,3.135,PC
KIC_9764489,9764489,1,0,459.231,260.343,6.038,NTP
KIC_9776474,9776474,2,0,0.85541,131.803,2.207,AFP
KIC_9776474,9776474,3,0,0.855398,132.103,3.011,AFP
KIC_9776692,9776692,1,0,0.54435,131.83,2.0,AFP
KIC_9776794,9776794,1,1,18.2221,133.958,1.584,PC
KIC_9790144,9790144,2,0,2.19605,132.273,4.936,AFP
KIC_9790785,9790785,1,0,1.41278,132.459,3.959,AFP
KIC_9790785,9790785,2,0,1.41269,131.798,6.01,AFP
KIC_9825174,9825174,1,0,0.740901,131.925,1.215,AFP
KIC_9825625,9825625,1,1,7.039,133.499,4.15,PC
KIC_9826171,9826171,1,0,397.339,383.969,14.37,NTP
KIC_9826562,9826562,1,0,0.613896,131.7,2.05,AFP
KIC_9838060,9838060,2,0,23.8158,141.847,3.822,AFP
KIC_9838168,9838168,1,0,5.96107,135.563,14.56,AFP
KIC_9838168,9838168,2,0,5.96337,132.473,12.95,AFP
KIC_9838311,9838311,1,0,3.80737,133.591,12.39,NTP
KIC_9850957,9850957,1,0,8.48031,135.855,6.705,AFP
KIC_9850966,9850966,1,0,8.48036,135.853,5.135,AFP
KIC_9851021,9851021,1,0,8.48028,135.858,6.939,AFP
KIC_9851123,9851123,1,0,8.48026,135.857,6.555,AFP
KIC_9887224,9887224,1,0,0.874651,132.253,1.901,AFP
KIC_9892471,9892471,1,0,8.26808,135.056,3.466,AFP
KIC_9892624,9892624,1,0,0.600197,131.508,1.417,NTP
KIC_9899483,9899483,1,0,1.33256,132.052,2.747,AFP
KIC_9899505,9899505,1,0,1.33254,132.062,2.433,AFP
KIC_9899514,9899514,1,0,1.33248,132.116,3.841,AFP
KIC_9899538,9899538,1,0,1.33246,132.097,4.1,AFP
KIC_9943435,9943435,1,0,0.777655,131.528,1.19,AFP
KIC_9944201,9944201,1,0,0.721518,131.713,1.249,AFP
KIC_9944201,9944201,2,0,0.721521,132.071,0.8505,AFP
KIC_9944356,9944356,1,0,459.286,260.273,2.763,NTP
KIC_9944421,9944421,1,0,7.09521,135.371,3.698,AFP
KIC_9959589,9959589,1,0,1.33253,132.069,3.066,AFP
KIC_9962455,9962455,1,1,23.1987,142.624,9.924,PC
KIC_9962455,9962455,2,1,5.77716,137.174,2.479,PC
KIC_9973109,9973109,1,1,27.4957,133.284,4.919,PC
KIC_9973109,9973109,2,0,16.0984,131.887,6.413,AFP
KIC_9973187,9973187,1,0,2.5691,133.356,9.015,NTP
KIC_9973633,9973633,1,0,0.51174,131.589,1.512,AFP
KIC_9652655,9652655,1,0,2.48885,132.121,3.327,AFP
KIC_9653622,9653622,1,1,19.0054,144.158,1.23,PC
KIC_9654468,9654468,1,1,47.7053,146.315,6.096,PC
KIC_9654875,9654875,1,1,1.34143,132.714,3.889,PC
KIC_9655858,9655858,2,0,31.4329,148.487,6.109,AFP
KIC_9655909,9655909,1,0,0.817027,131.813,2.451,NTP
KIC_9691311,9691311,1,0,0.871603,132.061,2.497,AFP
KIC_9692128,9692128,1,0,1.48028,131.772,1.79,AFP
KIC_9692345,9692345,1,0,0.687869,131.62,1.755,AFP
KIC_9714572,9714572,1,0,2.33348,132.854,4.363,NTP
KIC_9714633,9714633,1,0,0.66534,131.763,2.03,AFP
KIC_9714633,9714633,2,0,0.665355,131.972,2.095,AFP
KIC_9714696,9714696,1,0,1.43335,132.586,1.195,AFP
KIC_9719636,9719636,2,0,3.3516,132.609,2.811,AFP
KIC_9723838,9723838,1,0,17.5847,137.116,15.95,NTP
KIC_9724220,9724220,1,0,0.502822,131.915,1.511,NTP
KIC_9764506,9764506,1,0,2.06449,131.903,4.938,NTP
KIC_9764506,9764506,2,0,1.03223,132.292,3.248,NTP
KIC_9764506,9764506,3,0,2.51309,133.593,7.427,NTP
KIC_9764544,9764544,1,0,2.8967,133.026,3.796,AFP
KIC_9776816,9776816,2,0,0.865755,132.277,2.398,AFP
KIC_9776816,9776816,3,0,0.865628,131.952,2.217,AFP
KIC_9777062,9777062,1,0,19.23,132.58,4.5,AFP
KIC_9790806,9790806,1,1,1.93155,131.768,1.583,PC
KIC_9826562,9826562,2,0,0.613903,132.099,2.031,AFP
KIC_9827149,9827149,1,1,2.13194,131.523,1.821,PC
KIC_9827596,9827596,1,0,1.45723,131.627,2.734,AFP
KIC_9838414,9838414,1,1,1.33232,132.256,3.25,PC
KIC_9838468,9838468,1,1,54.4091,175.406,9.616,PC
KIC_9838537,9838537,1,0,1.33263,132.134,9.962,AFP
KIC_9851123,9851123,2,0,8.48037,132.704,7.549,AFP
KIC_9851126,9851126,1,0,8.4803,135.855,7.381,AFP
KIC_9851126,9851126,2,0,8.4803,132.711,8.556,AFP
KIC_9851126,9851126,3,0,8.48072,135.328,15.82,AFP
KIC_9892624,9892624,2,0,0.967312,132.233,2.928,AFP
KIC_9892624,9892624,3,0,0.96735,131.717,4.154,AFP
KIC_9899577,9899577,1,0,1.33253,132.075,4.199,AFP
KIC_9899583,9899583,1,0,1.33255,132.051,4.134,AFP
KIC_9899607,9899607,1,0,1.33255,132.041,3.95,AFP
KIC_9944421,9944421,2,0,7.09521,132.262,4.072,AFP
KIC_9945370,9945370,1,1,37.9457,134.78,4.039,PC
KIC_9962595,9962595,1,1,11.3744,142.456,2.312,PC
KIC_9963009,9963009,1,0,40.0697,153.019,9.347,AFP
KIC_9963009,9963009,2,0,40.0731,134.142,8.612,AFP
KIC_9973633,9973633,2,0,0.510771,131.666,1.053,AFP
KIC_9973855,9973855,1,0,2.95602,134.06,2.64,AFP
KIC_9974087,9974087,1,0,1.95866,132.2,6.095,NTP
KIC_9974087,9974087,2,0,1.25977,131.859,3.262,NTP
KIC_9655055,9655055,2,0,0.638435,131.552,1.553,AFP
KIC_9655055,9655055,3,0,0.638439,132.033,1.5,AFP
KIC_9656252,9656252,1,1,16.9235,145.811,4.185,PC
KIC_9656397,9656397,1,0,204.737,307.005,9.0,AFP
KIC_9656397,9656397,2,0,204.744,202.855,12.0,AFP
KIC_9656543,9656543,1,0,1.27229,132.497,2.0,AFP
KIC_9656543,9656543,2,0,88.7954,211.154,10.5,NTP
KIC_9692557,9692557,1,0,0.571927,131.724,1.176,AFP
KIC_9693006,9693006,1,1,2.88875,132.342,2.884,PC
KIC_9693282,9693282,1,0,0.503047,132.003,3.669,NTP
KIC_9715488,9715488,1,0,1.75172,133.068,4.484,NTP
KIC_9724984,9724984,1,0,7.86338,131.685,2.56,AFP
KIC_9724993,9724993,1,0,7.86336,131.686,3.421,AFP
KIC_9725543,9725543,1,0,0.554756,131.75,1.124,AFP
KIC_9764544,9764544,2,0,2.89672,132.308,4.877,AFP
KIC_9764544,9764544,3,0,2.89668,131.787,2.5,AFP
KIC_9764868,9764868,1,0,459.273,260.311,3.241,NTP
KIC_9764965,9764965,1,0,0.699634,131.85,2.241,AFP
KIC_9777062,9777062,2,0,19.23,144.111,8.652,AFP
KIC_9777062,9777062,3,0,19.23,132.165,11.85,AFP
KIC_9777062,9777062,4,0,2.10016,131.67,5.947,AFP
KIC_9777062,9777062,5,0,2.09977,132.878,7.553,AFP
KIC_11296045,11296045,3,0,2.39568,132.108,3.838,AFP
KIC_11296437,11296437,1,0,7.12578,135.905,15.07,NTP
KIC_11296798,11296798,1,0,4.45755,134.48,15.02,NTP
KIC_11350118,11350118,1,1,12.0037,134.702,3.082,PC
KIC_11350238,11350238,1,0,8.35891,133.232,16.23,AFP
KIC_11350238,11350238,2,0,8.36184,136.482,12.67,AFP
KIC_11350238,11350238,3,0,2.78762,131.518,10.5,NTP
KIC_11395587,11395587,1,1,12.9907,138.266,2.461,PC
KIC_11395936,11395936,1,0,1.09173,132.094,3.788,AFP
KIC_11395936,11395936,2,0,1.09175,131.718,3.16,AFP
KIC_11414465,11414465,1,1,2.94193,133.111,2.072,PC
KIC_11414511,11414511,1,1,2.8165,131.537,2.555,PC
KIC_11414527,11414527,1,0,0.678071,132.06,1.207,AFP
KIC_11456405,11456405,1,0,0.814218,131.675,2.071,AFP
KIC_11499757,11499757,2,0,12.3144,142.004,6.0,AFP
KIC_11502172,11502172,1,0,25.4319,135.62,5.448,AFP
KIC_11502172,11502172,2,0,25.432,146.866,5.609,AFP
KIC_11520459,11520459,1,1,8.46349,134.359,1.273,PC
KIC_11520787,11520787,1,0,4.29573,133.5,15.35,AFP
KIC_11520787,11520787,2,0,4.29682,135.462,14.98,AFP
KIC_11568624,11568624,2,0,354.409,247.39,9.877,NTP
KIC_11568987,11568987,1,1,15.96,139.601,4.292,PC
KIC_11568987,11568987,2,1,7.3787,135.82,3.315,PC
KIC_11614528,11614528,1,0,1.87099,132.691,1.206,AFP
KIC_11614617,11614617,1,1,24.7577,142.068,6.468,PC
KIC_11656918,11656918,1,1,62.1386,161.148,4.164,PC
KIC_11656928,11656928,1,0,11.7506,138.282,16.18,NTP
KIC_11074178,11074178,1,1,14.3052,135.063,3.93,PC
KIC_11074178,11074178,2,1,9.18183,132.421,3.943,PC
KIC_11100522,11100522,3,0,0.586113,131.575,2.135,AFP
KIC_11100657,11100657,1,0,8.34411,136.548,1.769,AFP
KIC_11145138,11145138,1,0,2.33068,133.668,4.121,AFP
KIC_11145138,11145138,2,0,2.32982,133.354,8.979,AFP
KIC_11145408,11145408,1,0,2.40986,132.576,8.23,NTP
KIC_11186929,11186929,1,0,459.294,260.249,2.934,NTP
KIC_11187436,11187436,1,1,5.90743,133.933,1.083,PC
KIC_11187716,11187716,1,0,11.319,137.705,17.33,AFP
KIC_11187716,11187716,2,0,11.3189,140.565,15.19,AFP
KIC_11231334,11231334,1,0,4.15747,135.079,5.756,AFP
KIC_11231334,11231334,2,0,4.15751,133.006,5.441,AFP
KIC_11232111,11232111,1,0,2.51395,132.558,9.529,AFP
KIC_11232111,11232111,2,0,2.51367,133.621,4.219,AFP
KIC_11284505,11284505,1,0,21.3628,147.505,6.23,AFP
KIC_11284505,11284505,2,0,10.6817,134.815,3.098,NTP
KIC_11284505,11284505,3,0,21.3628,136.792,5.479,AFP
KIC_11284772,11284772,1,1,207.248,213.032,6.175,PC
KIC_11297236,11297236,1,1,88.644,145.472,7.71,PC
KIC_11298020,11298020,1,0,0.551101,132.009,1.69,NTP
KIC_11350238,11350238,4,0,526.458,264.197,6.338,NTP
KIC_11351454,11351454,1,1,374.465,462.002,10.51,PC
KIC_11356260,11356260,1,1,8.50701,134.641,3.064,PC
KIC_11395936,11395936,3,0,1.0917,132.477,3.324,AFP
KIC_11400413,11400413,1,0,0.762196,132.26,1.488,AFP
KIC_11400413,11400413,2,0,0.759877,132.174,2.009,AFP
KIC_11400842,11400842,1,0,32.6604,132.801,16.15,NTP
KIC_11414527,11414527,2,0,0.678069,131.659,1.359,AFP
KIC_11457726,11457726,1,1,6.2216,131.993,3.323,PC
KIC_11460018,11460018,1,1,4.28095,133.371,2.826,PC
KIC_11502179,11502179,1,0,3.98856,135.129,1.87,AFP
KIC_11502218,11502218,1,0,3.98861,135.119,1.6,AFP
KIC_11502218,11502218,2,0,3.98867,133.117,3.654,AFP
KIC_11520793,11520793,1,0,2.14831,133.421,4.305,AFP
KIC_11520793,11520793,2,0,2.14824,132.693,4.067,AFP
KIC_11520793,11520793,3,0,2.1482,131.847,4.832,AFP
KIC_11521048,11521048,1,0,25.7028,143.42,3.125,AFP
KIC_11569475,11569475,1,0,1.31716,132.828,6.235,AFP
KIC_11569475,11569475,2,0,1.31718,132.173,3.954,AFP
KIC_11616596,11616596,1,0,7.2944,136.101,11.45,AFP
KIC_11616631,11616631,1,0,7.29516,136.145,12.2,AFP
KIC_11616663,11616663,1,0,7.2937,136.21,17.94,AFP
KIC_11032227,11032227,1,1,7.19304,136.052,3.396,PC
KIC_11074541,11074541,1,1,29.885,143.308,4.674,PC
KIC_11074835,11074835,1,1,6.03352,137.124,9.857,PC
KIC_11075279,11075279,1,1,345.16,318.308,7.521,PC
KIC_11100657,11100657,2,0,8.34403,132.464,2.039,AFP
KIC_11100670,11100670,1,0,20.2339,141.39,3.919,AFP
KIC_11100670,11100670,2,0,20.2344,149.422,4.768,AFP
KIC_11145831,11145831,1,0,2.77567,133.505,1.864,AFP
KIC_11145831,11145831,2,0,2.77563,132.123,2.522,AFP
KIC_11147460,11147460,1,0,2.05387,132.942,4.026,AFP
KIC_11187837,11187837,1,1,17.6046,135.29,3.794,PC
KIC_11188249,11188249,1,0,2.75504,133.427,3.338,AFP
KIC_11189127,11189127,1,0,2.67194,132.446,1.892,AFP
KIC_11285136,11285136,1,0,2.36817,133.811,2.258,AFP
KIC_11285136,11285136,2,0,2.36818,132.625,2.071,AFP
KIC_11298220,11298220,1,0,553.06,467.796,3.683,NTP
KIC_11298298,11298298,1,1,5.24868,135.516,1.848,PC
KIC_11298815,11298815,1,0,5.7387,136.913,3.146,AFP
KIC_11357192,11357192,1,0,186.517,169.648,3.174,AFP
KIC_11357664,11357664,1,1,4.37358,133.826,0.7418,PC
KIC_11401182,11401182,1,1,0.927865,132.048,1.162,PC
KIC_11401253,11401253,1,1,4.96507,135.556,2.28,PC
KIC_11415243,11415243,1,1,168.809,211.443,6.872,PC
KIC_11460462,11460462,1,1,5.03725,134.114,1.893,PC
KIC_11461433,11461433,1,1,1.91691,132.477,1.521,PC
KIC_11461821,11461821,1,0,1.28216,132.069,2.488,AFP
KIC_11502867,11502867,1,1,3.21752,133.632,2.194,PC
KIC_11506235,11506235,1,0,20.4131,140.017,4.467,AFP
KIC_11506235,11506235,2,0,20.413,132.932,3.979,AFP
KIC_11521048,11521048,2,0,25.7029,147.007,2.336,AFP
KIC_11521793,11521793,1,1,27.0825,137.642,4.612,PC
KIC_11521793,11521793,2,1,16.0075,142.641,1.061,PC
KIC_11569628,11569628,2,0,1.35691,132.387,2.316,AFP
KIC_11569628,11569628,3,0,1.35691,131.703,2.34,AFP
KIC_11569782,11569782,1,1,2.78785,133.912,2.038,PC
KIC_11570749,11570749,1,1,46.3001,155.809,5.665,PC
KIC_11617670,11617670,1,0,3.22634,133.464,4.721,NTP
KIC_11618043,11618043,1,0,523.839,211.567,10.32,NTP
KIC_11618569,11618569,1,1,5.75903,132.159,2.982,PC
KIC_11036168,11036168,1,1,217.792,210.694,4.402,PC
KIC_11036440,11036440,1,0,1.04428,132.215,3.479,AFP
KIC_11036440,11036440,2,0,1.0442,131.578,3.076,AFP
KIC_11075429,11075429,1,1,23.921,139.075,4.799,PC
KIC_11075737,11075737,1,1,2.58664,133.043,2.208,PC
KIC_11076176,11076176,1,0,0.69999,131.837,2.581,AFP
KIC_11076276,11076276,1,0,1.47256,132.945,2.75,AFP
KIC_11121752,11121752,1,1,3.93085,135.192,3.012,PC
KIC_11121752,11121752,2,1,7.63013,137.075,2.847,PC
KIC_11122894,11122894,1,1,74.9311,199.892,4.187,PC
KIC_11122894,11122894,2,1,150.021,224.676,4.408,PC
KIC_11147814,11147814,1,0,95.1783,224.597,3.624,AFP
KIC_11152054,11152054,1,0,0.565726,131.99,2.137,NTP
KIC_11152159,11152159,1,0,2.70132,132.872,2.5,AFP
KIC_11189284,11189284,1,0,2.41228,133.186,2.123,AFP
KIC_11189284,11189284,2,0,0.60307,131.825,1.925,AFP
KIC_11189284,11189284,3,0,2.4123,133.794,1.371,AFP
KIC_11189284,11189284,4,0,0.603066,132.072,2.0,AFP
KIC_11234677,11234677,1,0,1.58741,131.989,2.557,AFP
KIC_11234677,11234677,2,0,1.58742,132.779,1.998,AFP
KIC_11235323,11235323,1,0,19.6677,132.546,15.0,AFP
KIC_11235323,11235323,2,0,19.6677,142.382,15.0,AFP
KIC_11235536,11235536,1,0,2.91709,133.636,10.5,AFP
KIC_11285767,11285767,2,0,2.53632,134.021,6.536,AFP
KIC_11285767,11285767,3,0,2.54332,133.279,5.4,AFP
KIC_11285870,11285870,1,1,4.48494,135.015,2.867,PC
KIC_11302627,11302627,1,0,2.24084,132.967,4.024,AFP
KIC_11302627,11302627,2,0,2.24089,132.19,8.506,AFP
KIC_11302627,11302627,3,0,2.24114,133.587,5.86,AFP
KIC_11358389,11358389,1,1,10.6649,132.009,3.059,PC
KIC_11358389,11358389,2,1,17.7834,146.932,4.186,PC
KIC_11358389,11358389,3,1,28.2252,153.744,2.402,PC
KIC_11358392,11358392,1,0,0.984992,132.397,1.003,AFP
KIC_11401755,11401755,1,1,16.2317,139.219,7.928,PC
KIC_11401755,11401755,2,1,13.8498,141.666,10.59,PC
KIC_11401767,11401767,1,1,20.0547,136.559,6.364,PC
KIC_11401767,11401767,2,1,30.0909,149.053,8.557,PC
KIC_11416104,11416104,1,0,6.31766,134.027,8.698,AFP
KIC_11416104,11416104,2,0,6.31665,131.987,15.07,AFP
KIC_11416506,11416506,1,0,3.93545,132.564,7.634,AFP
KIC_11416506,11416506,2,0,3.93624,134.803,11.7,AFP
KIC_11461821,11461821,2,0,1.28211,132.464,2.274,AFP
KIC_11461844,11461844,1,1,13.6824,139.184,4.157,PC
KIC_11506654,11506654,1,1,75.2118,202.301,3.102,PC
KIC_11506768,11506768,1,0,1.39521,132.353,2.752,NTP
KIC_11546211,11546211,1,0,1.0972,131.52,1.481,AFP
KIC_11546920,11546920,1,0,2.40933,131.692,5.415,AFP
KIC_11546920,11546920,2,0,2.40965,131.975,2.915,AFP
KIC_11547271,11547271,1,0,0.913418,131.759,2.51,NTP
KIC_11571757,11571757,1,0,1.52318,131.644,4.373,AFP
KIC_11571757,11571757,2,0,1.52319,132.406,5.05,AFP
KIC_11571757,11571757,3,0,0.734459,131.644,2.51,AFP
KIC_11571757,11571757,4,0,0.734453,132.184,1.601,AFP
KIC_11618601,11618601,1,1,2.76267,132.99,1.837,PC
KIC_11618601,11618601,2,1,5.05373,135.106,2.771,PC
KIC_11618998,11618998,1,0,0.500511,131.646,1.615,AFP
KIC_11036440,11036440,3,0,1.04431,131.862,2.479,AFP
KIC_11037105,11037105,1,0,4.76017,135.62,13.74,AFP
KIC_11037105,11037105,2,0,4.7601,133.19,5.883,AFP
KIC_11076400,11076400,1,1,1.0781,132.031,0.9343,PC
KIC_11080405,11080405,1,1,25.1934,146.432,4.605,PC
KIC_11080405,11080405,2,1,12.3104,141.865,3.642,PC
KIC_11122894,11122894,3,1,38.8688,132.437,7.729,PC
KIC_11124436,11124436,1,1,13.9481,132.754,7.864,PC
KIC_11152159,11152159,2,0,2.70122,131.542,2.381,AFP
KIC_11152428,11152428,1,0,2.34525,131.736,5.42,AFP
KIC_11152428,11152428,2,0,2.34478,133.013,7.468,AFP
KIC_11192141,11192141,1,0,1.35378,132.826,3.483,AFP
KIC_11235536,11235536,2,0,2.91711,132.211,10.54,AFP
KIC_11236035,11236035,1,0,0.746365,131.805,2.305,NTP
KIC_11236244,11236244,1,1,11.3227,136.057,3.023,PC
KIC_11288051,11288051,1,1,13.8214,131.794,3.572,PC
KIC_11288051,11288051,2,1,30.9506,153.844,4.32,PC
KIC_11303322,11303322,1,1,38.1307,159.378,6.453,PC
KIC_11303811,11303811,1,0,1.70579,133.154,1.072,AFP
KIC_11358392,11358392,2,0,0.980403,131.721,2.832,AFP
KIC_11358392,11358392,3,0,0.98136,132.014,2.823,AFP
KIC_11359305,11359305,1,0,28.4872,132.872,3.797,AFP
KIC_11359305,11359305,2,0,28.4871,139.065,6.472,AFP
KIC_11401767,11401767,3,1,6.84967,134.678,4.466,PC
KIC_11401822,11401822,1,0,2.16139,131.869,3.381,AFP
KIC_11401845,11401845,1,0,1.08075,131.824,3.5,AFP
KIC_11442353,11442353,2,0,0.657882,131.86,2.278,AFP
KIC_11442353,11442353,3,0,0.657864,131.579,1.355,AFP
KIC_11462341,11462341,1,1,42.3376,158.254,4.375,PC
KIC_11462556,11462556,1,0,2.49829,131.86,7.142,AFP
KIC_11507101,11507101,1,1,38.3775,134.442,5.656,PC
KIC_11508233,11508233,1,0,495.849,240.078,10.55,NTP
KIC_11508397,11508397,1,0,0.611585,131.538,2.004,AFP
KIC_11508397,11508397,2,0,0.611587,131.751,2.0,AFP
KIC_11547505,11547505,1,1,0.93846,131.849,1.367,PC
KIC_11547513,11547513,1,1,5.31744,134.654,3.009,PC
KIC_11547513,11547513,2,1,10.1057,135.509,2.027,PC
KIC_11572029,11572029,1,0,505.646,401.222,9.553,NTP
KIC_11572046,11572046,1,0,0.963891,132.485,2.454,AFP
KIC_11572046,11572046,2,0,0.963924,132.136,2.264,AFP
KIC_11572193,11572193,1,1,10.6761,140.59,4.486,PC
KIC_11618998,11618998,2,0,0.500515,131.895,2.046,AFP
KIC_11619202,11619202,1,0,0.755438,132.178,2.688,NTP
KIC_11037105,11037105,3,0,1.8877,132.952,6.018,NTP
KIC_11037105,11037105,4,0,79.973,168.337,10.17,NTP
KIC_11037128,11037128,1,0,3.7949,134.393,1.307,AFP
KIC_11037335,11037335,1,1,40.715,146.567,8.549,PC
KIC_11080702,11080702,1,1,8.67234,132.554,2.784,PC
KIC_11080961,11080961,1,0,459.305,260.234,3.06,NTP
KIC_11081490,11081490,1,0,0.578272,131.574,1.499,AFP
KIC_11124904,11124904,1,0,4.41171,132.092,11.85,AFP
KIC_11124904,11124904,2,0,4.40771,134.548,4.32,AFP
KIC_11125613,11125613,1,1,3.60085,134.035,2.009,PC
KIC_11125613,11125613,2,1,9.99108,134.398,2.852,PC
KIC_11152511,11152511,1,1,287.323,360.841,13.08,PC
KIC_11152625,11152625,1,0,1.04056,132.599,2.62,AFP
KIC_11152625,11152625,2,0,1.04066,131.969,3.301,AFP
KIC_11192235,11192235,1,1,1.61536,132.784,1.185,PC
KIC_11192998,11192998,1,1,7.65025,133.721,2.743,PC
KIC_11192998,11192998,2,1,1.554,132.537,1.782,PC
KIC_11192998,11192998,3,1,34.2596,148.974,5.195,PC
KIC_11240948,11240948,1,0,3.40193,134.648,0.8601,AFP
KIC_11240948,11240948,2,0,3.40206,134.399,3.175,AFP
KIC_11288051,11288051,3,1,3.4105,131.571,2.241,PC
KIC_11288072,11288072,1,0,1.12907,131.673,1.955,AFP
KIC_11288072,11288072,2,0,1.12908,132.093,2.444,AFP
KIC_11303811,11303811,2,0,1.7058,132.295,0.8429,AFP
KIC_11303815,11303815,1,0,0.852874,132.311,1.238,AFP
KIC_11304344,11304344,1,0,0.575628,132.051,1.762,AFP
KIC_11304344,11304344,2,0,0.575625,131.736,2.18,AFP
KIC_11359657,11359657,1,0,0.98265,131.981,2.635,AFP
KIC_11359657,11359657,2,0,0.982568,132.335,2.354,AFP
KIC_11359657,11359657,3,0,0.982644,131.707,2.636,AFP
KIC_11401869,11401869,1,0,2.16147,131.834,2.746,AFP
KIC_11402951,11402951,1,0,0.565613,131.919,2.027,AFP
KIC_11402951,11402951,2,0,0.565623,131.532,1.55,AFP
KIC_11442465,11442465,1,0,33.9337,152.744,14.39,AFP
KIC_11442465,11442465,2,0,33.9336,134.303,8.533,AFP
KIC_11442793,11442793,1,1,331.603,140.48,14.49,PC
KIC_11462556,11462556,2,0,2.50013,131.583,7.858,AFP
KIC_11463211,11463211,1,0,1.50634,131.836,1.042,AFP
KIC_11508397,11508397,3,0,0.611587,131.949,1.525,AFP
KIC_11508587,11508587,1,0,3.29041,134.596,9.524,AFP
KIC_11508587,11508587,2,0,3.29047,133.705,10.32,AFP
KIC_11547869,11547869,1,1,10.7274,132.895,1.721,PC
KIC_11548140,11548140,1,1,1.37866,132.554,1.303,PC
KIC_11548888,11548888,1,0,5.49023,133.451,17.29,AFP
KIC_11548888,11548888,2,0,5.49107,134.357,27.67,AFP
KIC_11572263,11572263,1,0,0.89217,131.61,3.094,NTP
KIC_11572666,11572666,1,0,0.523674,131.861,2.487,AFP
KIC_11572666,11572666,2,0,0.523677,131.609,2.0,AFP
KIC_11619868,11619868,1,0,0.558146,131.675,1.946,AFP
KIC_11619868,11619868,2,0,0.557999,131.659,2.0,AFP
KIC_11619868,11619868,3,0,0.558005,131.942,2.0,AFP
KIC_11037335,11037335,2,1,10.4464,133.277,2.243,PC
KIC_11037511,11037511,1,1,3.11604,133.851,2.061,PC
KIC_11037818,11037818,1,1,259.344,165.675,15.93,PC
KIC_11043136,11043136,1,0,5.24341,131.883,1.906,AFP
KIC_11081490,11081490,2,0,0.578284,131.999,1.476,AFP
KIC_11081490,11081490,3,0,0.578299,131.842,2.0,AFP
KIC_11081504,11081504,1,1,13.1231,136.081,2.116,PC
KIC_11081504,11081504,2,1,9.61826,138.349,4.213,PC
KIC_11125613,11125613,3,1,5.72724,133.959,2.209,PC
KIC_11125706,11125706,1,0,0.611364,131.842,1.653,AFP
KIC_11152649,11152649,1,0,0.502567,131.975,1.081,AFP
KIC_11152649,11152649,2,0,0.502573,131.634,0.9821,AFP
KIC_11152649,11152649,3,0,0.502574,131.8,1.195,AFP
KIC_11153121,11153121,1,1,14.9703,134.503,5.885,PC
KIC_11193046,11193046,1,0,1.4875,131.941,3.427,NTP
KIC_11193046,11193046,2,0,1.32147,131.853,2.808,NTP
KIC_11193263,11193263,1,1,6.91135,136.647,5.637,PC
KIC_11288505,11288505,1,1,19.8078,139.38,3.479,PC
KIC_11288686,11288686,1,0,0.509369,131.87,1.5,AFP
KIC_11288686,11288686,2,0,0.509368,131.765,1.643,AFP
KIC_11288686,11288686,3,0,0.509369,131.998,1.5,AFP
KIC_11304436,11304436,1,0,5.66814,135.683,14.58,AFP
KIC_11304436,11304436,3,0,5.66866,132.49,14.33,AFP
KIC_11359879,11359879,1,1,4.94278,136.329,3.32,PC
KIC_11360571,11360571,1,1,77.255,159.322,9.728,PC
KIC_11402995,11402995,1,1,10.0608,138.966,4.709,PC
KIC_11403044,11403044,1,1,4.12554,132.623,3.237,PC
KIC_11444514,11444514,1,1,66.3694,174.087,11.18,PC
KIC_11444952,11444952,1,0,0.678354,132.166,1.258,AFP
KIC_11445111,11445111,1,0,1.31735,131.836,2.885,NTP
KIC_11464245,11464245,3,0,0.905619,131.985,2.5,NTP
KIC_11465134,11465134,1,0,1.48776,132.669,2.463,NTP
KIC_11508644,11508644,1,1,14.2563,133.404,4.245,PC
KIC_11509504,11509504,1,1,2.61572,131.993,2.456,PC
KIC_11509728,11509728,1,0,0.509133,131.822,0.893,NTP
KIC_11551652,11551652,2,0,3.77374,131.831,2.298,NTP
KIC_11551692,11551692,1,1,7.83443,135.223,2.787,PC
KIC_11599038,11599038,1,1,7.01733,133.903,3.609,PC
KIC_11599264,11599264,1,0,8.42808,139.174,1.882,AFP
KIC_11599264,11599264,2,0,8.42814,134.963,1.356,AFP
KIC_11619964,11619964,1,0,10.3686,132.718,4.39,AFP
KIC_11619964,11619964,2,0,10.3686,137.473,3.971,AFP
KIC_11043136,11043136,2,0,5.24342,134.504,1.385,AFP
KIC_11043167,11043167,1,1,44.9309,140.203,6.52,PC
KIC_11044196,11044196,1,0,664.759,238.029,12.63,NTP
KIC_11081512,11081512,1,0,15.7392,132.833,3.398,AFP
KIC_11081512,11081512,2,0,4.45072,133.607,14.17,AFP
KIC_11081512,11081512,3,0,4.45062,135.194,12.01,AFP
KIC_11125706,11125706,3,0,0.611347,131.608,1.5,AFP
KIC_11125756,11125756,1,0,0.613214,131.978,2.419,NTP
KIC_11125764,11125764,2,0,0.956762,132.071,1.776,AFP
KIC_11153121,11153121,2,1,32.2753,149.078,7.032,PC
KIC_11153121,11153121,3,1,6.33023,133.864,3.598,PC
KIC_11193457,11193457,1,0,535.3,446.15,9.092,NTP
KIC_11194032,11194032,1,1,28.5112,158.853,4.768,PC
KIC_11194055,11194055,1,0,0.733118,131.981,3.372,AFP
KIC_11241814,11241814,1,1,227.663,232.242,5.442,PC
KIC_11241912,11241912,1,1,14.4273,138.842,3.904,PC
KIC_11242721,11242721,1,1,19.6512,140.1,5.261,PC
KIC_11243547,11243547,1,0,2.16132,131.9,4.089,AFP
KIC_11289905,11289905,2,0,0.685071,131.963,1.979,NTP
KIC_11304958,11304958,1,1,41.4396,167.492,10.51,PC
KIC_11304987,11304987,1,0,1.38539,131.802,1.5,AFP
KIC_11305366,11305366,1,0,3.46196,132.277,8.051,NTP
KIC_11305996,11305996,1,0,55.6989,152.728,5.745,AFP
KIC_11360805,11360805,1,1,26.784,140.754,4.953,PC
KIC_11360805,11360805,2,1,57.3886,141.622,3.342,PC
KIC_11361283,11361283,1,1,16.4794,142.942,3.244,PC
KIC_11361646,11361646,1,1,7.9742,134.656,5.586,PC
KIC_11403216,11403216,1,0,4.05325,134.745,4.039,AFP
KIC_11403216,11403216,2,0,4.05326,132.718,3.857,AFP
KIC_11403339,11403339,1,1,4.79025,134.957,2.971,PC
KIC_11403389,11403389,1,1,45.0909,133.555,3.989,PC
KIC_11445913,11445913,2,0,1.98046,133.404,8.066,AFP
KIC_11445913,11445913,3,0,1.98049,132.65,4.675,AFP
KIC_11445913,11445913,4,0,1.98048,132.158,4.885,AFP
KIC_11465651,11465651,1,1,31.335,136.974,5.965,PC
KIC_11465950,11465950,1,1,16.0574,132.387,3.19,PC
KIC_11465959,11465959,1,0,2.52118,132.196,5.941,NTP
KIC_11512246,11512246,1,1,10.7424,133.288,6.112,PC
KIC_11512246,11512246,2,1,15.2744,132.305,6.363,PC
KIC_11512246,11512246,3,1,7.10703,138.325,5.43,PC
KIC_11551692,11551692,2,1,3.00515,134.1,1.987,PC
KIC_11551692,11551692,3,1,58.0195,151.851,4.154,PC
KIC_11553706,11553706,1,0,3.71981,135.068,3.432,AFP
KIC_11553706,11553706,2,0,3.71982,133.206,2.509,AFP
KIC_11600889,11600889,1,1,0.669322,132.12,1.317,PC
KIC_11601425,11601425,1,0,41.9933,143.893,3.093,AFP
KIC_11621223,11621223,1,1,4.90334,133.671,2.865,PC
KIC_11622535,11622535,1,0,0.570507,132.079,1.639,AFP
KIC_11622535,11622535,2,0,0.570509,131.795,1.745,AFP
KIC_11044384,11044384,1,0,0.697207,131.603,1.894,AFP
KIC_11086270,11086270,1,1,12.691,137.126,3.761,PC
KIC_11086270,11086270,2,1,31.7199,142.819,4.795,PC
KIC_11125764,11125764,3,0,0.956755,131.532,1.39,AFP
KIC_11125797,11125797,1,1,12.2538,143.707,2.401,PC
KIC_11125936,11125936,1,0,2.6722,134.17,0.992,AFP
KIC_11153476,11153476,1,1,7.94007,135.426,3.331,PC
KIC_11153539,11153539,1,1,4.49878,135.357,3.807,PC
KIC_11154043,11154043,1,0,4.52989,135.927,3.188,AFP
KIC_11194055,11194055,2,0,0.733195,131.555,2.304,AFP
KIC_11196937,11196937,1,0,1.21755,132.517,4.565,AFP
KIC_11196937,11196937,2,0,1.21884,132.602,3.362,AFP
KIC_11244137,11244137,1,1,2.03381,131.943,3.216,PC
KIC_11244682,11244682,1,1,3.49079,133.102,1.448,PC
KIC_11290515,11290515,1,1,5.8943,134.111,3.52,PC
KIC_11290515,11290515,2,0,12.2671,141.284,2.701,NTP
KIC_11308499,11308499,1,1,3.28188,132.432,2.869,PC
KIC_11308499,11308499,2,1,12.5161,135.031,4.825,PC
KIC_11361646,11361646,2,1,1.88899,132.094,3.292,PC
KIC_11362162,11362162,1,0,489.268,440.541,8.515,NTP
KIC_11389737,11389737,1,0,1.21778,132.694,4.832,AFP
KIC_11403530,11403530,1,1,3.61461,133.089,3.263,PC
KIC_11404644,11404644,1,0,5.9026,136.389,5.571,AFP
KIC_11446254,11446254,1,0,0.632027,131.619,3.398,AFP
KIC_11446443,11446443,1,1,2.47061,132.646,1.783,PC
KIC_11446961,11446961,1,1,58.6676,168.632,3.827,PC
KIC_11449844,11449844,1,0,38.4788,151.853,5.045,AFP
KIC_11466960,11466960,1,0,0.695946,131.907,1.426,AFP
KIC_11468301,11468301,1,0,2.54311,132.466,7.339,NTP
KIC_11512815,11512815,1,0,0.8157,131.593,1.446,NTP
KIC_11513155,11513155,1,0,0.860441,131.895,3.522,AFP
KIC_11513155,11513155,2,0,0.860426,132.338,3.724,AFP
KIC_11554435,11554435,1,1,9.43415,140.106,2.869,PC
KIC_11558882,11558882,1,0,73.9201,154.677,6.718,AFP
KIC_11601584,11601584,1,1,51.8105,182.962,6.676,PC
KIC_11601584,11601584,2,1,4.38532,134.848,2.472,PC
KIC_11601584,11601584,3,1,13.9794,142.339,1.154,PC
KIC_11601584,11601584,4,1,34.1918,148.971,10.37,PC
KIC_11622600,11622600,1,1,82.5341,209.128,4.858,PC
KIC_11622985,11622985,1,1,18.0242,144.285,3.427,PC
KIC_11623629,11623629,1,1,81.7378,211.678,6.717,PC
KIC_11623878,11623878,1,0,0.611349,131.817,1.047,AFP
KIC_11044384,11044384,2,0,0.697198,131.856,1.962,AFP
KIC_11044394,11044394,2,0,3.74888,134.25,5.984,NTP
KIC_11086712,11086712,1,0,0.652402,131.755,2.63,NTP
KIC_11086712,11086712,2,0,1.30492,132.888,8.122,NTP
KIC_11090405,11090405,1,0,0.627964,131.757,1.864,AFP
KIC_11125936,11125936,2,0,2.67218,132.84,0.7646,AFP
KIC_11126381,11126381,1,1,33.7889,153.654,5.476,PC
KIC_11127190,11127190,1,0,0.638911,131.727,1.977,NTP
KIC_11154043,11154043,2,0,4.52977,133.552,2.66,AFP
KIC_11154043,11154043,3,0,1.50997,132.804,2.559,AFP
KIC_11154043,11154043,4,0,1.51,132.349,3.456,AFP
KIC_11154043,11154043,5,0,1.50994,131.953,3.112,AFP
KIC_11196937,11196937,3,0,1.21793,132.111,3.068,AFP
KIC_11197126,11197126,1,0,4.49449,134.778,1.389,AFP
KIC_11197126,11197126,2,0,4.49451,135.946,1.717,AFP
KIC_11197654,11197654,1,0,2.30146,133.327,7.929,NTP
KIC_11244787,11244787,1,0,0.953819,132.022,4.95,NTP
KIC_11246161,11246161,1,1,0.537357,132.068,1.38,PC
KIC_11249624,11249624,1,0,65.5836,182.65,5.024,AFP
KIC_11249624,11249624,2,0,65.5836,179.786,5.874,AFP
KIC_11294394,11294394,1,0,2.09537,132.726,4.639,AFP
KIC_11294394,11294394,2,0,0.698403,131.686,2.334,NTP
KIC_11294394,11294394,3,0,2.09574,131.774,2.188,AFP
KIC_11309335,11309335,1,0,0.61274,131.903,1.851,NTP
KIC_11309335,11309335,2,0,0.701786,131.567,4.963,NTP
KIC_11336614,11336614,1,0,1.5728,132.043,5.189,AFP
KIC_11389737,11389737,3,0,1.21791,131.907,3.584,AFP
KIC_11389771,11389771,1,1,2.50855,132.503,2.374,PC
KIC_11389771,11389771,2,1,13.7514,144.61,3.939,PC
KIC_11404644,11404644,2,0,5.90259,133.453,5.46,AFP
KIC_11404698,11404698,1,0,0.590224,131.788,1.506,AFP
KIC_11404698,11404698,2,0,0.592091,131.588,1.838,AFP
KIC_11450414,11450414,1,1,12.7984,133.646,6.134,PC
KIC_11450414,11450414,2,1,27.3212,154.313,2.977,PC
KIC_11450414,11450414,3,1,85.5155,181.369,8.38,PC
KIC_11453592,11453592,1,1,2.88678,131.661,0.9101,PC
KIC_11469049,11469049,1,0,1.31772,132.466,3.618,NTP
KIC_11493431,11493431,1,1,2.34324,133.204,1.926,PC
KIC_11493732,11493732,1,1,61.2563,173.839,7.503,PC
KIC_11494130,11494130,1,0,18.955,148.676,21.37,AFP
KIC_11513486,11513486,1,1,6.64749,137.142,1.998,PC
KIC_11515221,11515221,1,0,1.5911,132.376,4.558,AFP
KIC_11559304,11559304,1,0,12.9284,137.184,2.369,NTP
KIC_11560037,11560037,1,0,1.46652,131.998,0.8573,AFP
KIC_11560037,11560037,3,0,1.46708,132.431,3.0,AFP
KIC_11602449,11602449,2,0,0.997455,132.505,1.931,AFP
KIC_11602449,11602449,3,0,0.997106,132.245,3.0,AFP
KIC_11623878,11623878,2,0,0.611344,131.633,1.579,AFP
KIC_11624191,11624191,1,0,1.52357,131.567,4.901,AFP
KIC_11624191,11624191,2,0,1.52354,132.342,4.716,AFP
KIC_11624191,11624191,3,0,3.82148,133.137,8.147,NTP
KIC_11044547,11044547,1,0,3.61982,134.807,8.575,AFP
KIC_11044547,11044547,2,0,1.80993,132.199,4.156,NTP
KIC_11044547,11044547,3,0,3.61974,131.92,6.167,AFP
KIC_11044770,11044770,1,0,15.6086,144.301,6.079,AFP
KIC_11090405,11090405,2,0,0.627977,131.967,2.027,AFP
KIC_11090556,11090556,1,1,2.78813,131.861,3.165,PC
KIC_11127479,11127479,1,1,2.12822,132.479,3.23,PC
KIC_11176127,11176127,1,1,10.4755,131.691,2.253,PC
KIC_11176127,11176127,2,1,77.4736,184.252,4.11,PC
KIC_11176127,11176127,3,1,22.9288,143.864,2.032,PC
KIC_11197654,11197654,2,0,0.575358,131.724,2.059,NTP
KIC_11197853,11197853,1,1,0.698465,131.848,0.917,PC
KIC_11197934,11197934,1,0,0.657748,131.908,1.377,AFP
KIC_11249624,11249624,3,0,65.5805,182.393,30.08,AFP
KIC_11250587,11250587,1,1,7.25697,134.023,4.898,PC
KIC_11250867,11250867,1,0,2.25282,131.633,3.327,AFP
KIC_11250867,11250867,2,0,2.25285,132.686,6.0,AFP
KIC_11294453,11294453,1,0,13.7462,131.884,16.48,NTP
KIC_11294931,11294931,1,0,0.614285,131.64,2.541,NTP
KIC_11336614,11336614,2,0,1.57325,132.624,7.186,AFP
KIC_11336883,11336883,1,1,7.16896,135.675,4.57,PC
KIC_11337012,11337012,1,1,12.4012,141.23,5.867,PC
KIC_11337141,11337141,1,1,4.04354,131.632,1.411,PC
KIC_11389771,11389771,3,1,5.41903,131.649,2.335,PC
KIC_11390595,11390595,1,0,3.75309,131.844,7.541,NTP
KIC_11390595,11390595,2,0,1.25088,132.739,8.915,NTP
KIC_11390941,11390941,1,0,2.71744,132.929,2.683,AFP
KIC_11407811,11407811,1,0,0.676802,131.916,3.725,NTP
KIC_11407847,11407847,1,1,11.8308,140.106,8.607,PC
KIC_11454341,11454341,1,0,459.278,260.297,12.22,NTP
KIC_11495458,11495458,1,1,10.4584,137.656,3.132,PC
KIC_11515221,11515221,2,0,1.59084,132.754,3.678,AFP
KIC_11515221,11515221,3,0,1.59104,131.675,4.349,AFP
KIC_11516242,11516242,1,0,459.076,260.418,11.18,NTP
KIC_11516930,11516930,1,0,4.76853,133.866,1.267,AFP
KIC_11560273,11560273,2,0,1.82744,133.028,1.375,NTP
KIC_11560382,11560382,1,0,0.527675,131.819,1.331,AFP
KIC_11560397,11560397,1,0,0.527641,131.875,3.019,NTP
KIC_11560431,11560431,1,0,0.527679,131.817,1.285,AFP
KIC_11605209,11605209,1,0,5.58828,131.815,15.25,AFP
KIC_11605209,11605209,2,0,5.58895,133.743,16.94,AFP
KIC_11605209,11605209,3,0,5.58817,135.658,15.66,AFP
KIC_11624249,11624249,1,1,1.82708,132.158,1.957,PC
KIC_11044770,11044770,2,0,15.6087,139.923,3.494,AFP
KIC_11044779,11044779,1,0,15.6086,144.303,6.634,AFP
KIC_11044779,11044779,2,0,15.6086,139.923,4.646,AFP
KIC_11090556,11090556,2,1,4.13828,133.228,3.38,PC
KIC_11090561,11090561,1,0,35.8729,131.557,4.602,AFP
KIC_11090765,11090765,1,1,21.2171,150.432,5.753,PC
KIC_11129258,11129258,1,1,25.3842,137.775,3.702,PC
KIC_11129738,11129738,1,1,2.613,133.118,1.797,PC
KIC_11133190,11133190,1,0,2.03726,132.375,4.183,AFP
KIC_11176166,11176166,1,1,9.87853,134.415,3.039,PC
KIC_11177543,11177543,1,1,38.326,142.086,2.43,PC
KIC_11177676,11177676,1,1,47.0321,175.473,5.948,PC
KIC_11197934,11197934,2,0,0.657697,131.732,2.198,AFP
KIC_11198723,11198723,1,0,6.84031,137.571,4.324,AFP
KIC_11198723,11198723,2,0,6.84031,134.135,4.225,AFP
KIC_11199228,11199228,1,0,0.514037,131.678,1.366,AFP
KIC_11251058,11251058,1,0,2.25284,131.626,2.205,AFP
KIC_11252617,11252617,1,0,4.47812,132.872,3.355,AFP
KIC_11252617,11252617,3,0,1.2762,131.682,3.0,AFP
KIC_11295085,11295085,1,0,2.49786,133.746,2.477,AFP
KIC_11295085,11295085,2,0,2.49813,131.662,2.26,AFP
KIC_11295085,11295085,3,0,2.49862,132.368,4.455,AFP
KIC_11337372,11337372,1,1,6.53192,136.036,3.333,PC
KIC_11337372,11337372,2,1,100.828,216.388,8.152,PC
KIC_11337566,11337566,1,1,7.12816,136.881,5.493,PC
KIC_11390941,11390941,3,0,2.71739,132.216,3.96,AFP
KIC_11391018,11391018,1,1,30.3604,148.091,6.048,PC
KIC_11408935,11408935,1,0,15.9951,147.305,8.455,AFP
KIC_11408935,11408935,2,0,15.9951,136.665,6.965,AFP
KIC_11409698,11409698,1,0,10.2678,139.177,6.027,AFP
KIC_11454487,11454487,1,0,1.01305,132.042,3.029,AFP
KIC_11454487,11454487,2,0,1.01307,132.371,3.926,AFP
KIC_11454525,11454525,1,0,459.445,260.109,14.05,NTP
KIC_11495989,11495989,1,0,1.32253,132.662,2.014,AFP
KIC_11495989,11495989,2,0,1.32744,132.601,1.54,AFP
KIC_11496366,11496366,1,0,0.783917,132.14,5.253,NTP
KIC_11496490,11496490,1,0,0.621147,131.949,1.096,AFP
KIC_11517719,11517719,1,0,2.49578,132.841,4.177,AFP
KIC_11517719,11517719,2,0,2.49577,131.595,3.87,AFP
KIC_11560447,11560447,1,0,0.527681,131.808,1.516,AFP
KIC_11560447,11560447,2,0,0.526915,131.783,1.5,AFP
KIC_11560897,11560897,1,1,35.9683,138.671,2.734,PC
KIC_11560897,11560897,2,1,110.974,147.053,12.14,PC
KIC_11650401,11650401,1,1,3.94662,132.247,2.714,PC
KIC_11045383,11045383,1,1,41.1668,158.918,2.186,PC
KIC_11046025,11046025,1,1,3.72022,133.415,1.805,PC
KIC_11046028,11046028,1,0,0.802044,132.044,2.259,AFP
KIC_11046028,11046028,2,0,0.802048,131.624,1.893,AFP
KIC_11093203,11093203,1,0,0.689255,131.891,2.276,AFP
KIC_11093203,11093203,2,0,0.689332,131.503,2.392,AFP
KIC_11093335,11093335,1,0,6.18559,134.636,10.0,AFP
KIC_11133190,11133190,2,0,2.03726,133.105,3.762,AFP
KIC_11133306,11133306,1,1,41.746,168.653,4.813,PC
KIC_11134079,11134079,2,0,0.630294,132.042,2.0,NTP
KIC_11177707,11177707,1,1,124.419,150.598,3.956,PC
KIC_11177941,11177941,1,0,487.607,321.497,10.99,NTP
KIC_11179076,11179076,1,1,48.4312,141.456,3.856,PC
KIC_11199228,11199228,2,0,0.514002,132.027,1.535,AFP
KIC_11199228,11199228,3,0,2.04327,132.189,3.518,NTP
KIC_11199736,11199736,1,0,420.911,447.412,6.452,NTP
KIC_11253711,11253711,1,1,17.7911,149.256,2.633,PC
KIC_11253711,11253711,2,1,1.22623,132.682,2.035,PC
KIC_11253827,11253827,1,1,88.5112,182.667,6.75,PC
KIC_11253827,11253827,2,1,42.9924,162.504,4.752,PC
KIC_11295349,11295349,1,0,0.807816,131.777,2.544,AFP
KIC_11295349,11295349,2,0,0.807822,132.175,2.952,AFP
KIC_11295426,11295426,1,1,5.39875,136.068,3.42,PC
KIC_11295426,11295426,2,1,9.60508,136.376,3.021,PC
KIC_11337833,11337833,1,1,51.3017,153.522,5.382,PC
KIC_11338056,11338056,1,1,2.88003,134.359,2.064,PC
KIC_11338940,11338940,1,0,8.00702,138.812,14.59,NTP
KIC_11391181,11391181,1,0,8.61734,139.069,4.052,AFP
KIC_11391181,11391181,2,0,8.61734,135.691,4.374,AFP
KIC_11391636,11391636,1,0,0.542574,131.945,1.34,NTP
KIC_11391667,11391667,1,0,0.541867,131.971,1.353,AFP
KIC_11409698,11409698,2,0,10.2678,132.53,5.576,AFP
KIC_11409748,11409748,1,0,2.99586,133.026,5.797,AFP
KIC_11409748,11409748,3,0,2.9959,134.38,10.42,AFP
KIC_11455181,11455181,1,1,10.9295,141.501,5.82,PC
KIC_11455428,11455428,1,1,22.1268,144.932,3.882,PC
KIC_11455484,11455484,1,0,6.14282,135.16,6.3,AFP
KIC_11455491,11455491,1,0,6.14289,135.156,4.551,AFP
KIC_11496490,11496490,2,0,0.621155,131.734,1.198,AFP
KIC_11496490,11496490,3,0,0.62115,131.534,0.9631,AFP
KIC_11518142,11518142,1,1,240.801,334.141,16.17,PC
KIC_11518193,11518193,1,0,282.0,166.253,2.839,NTP
KIC_11518201,11518201,1,1,1.23687,132.174,0.9403,PC
KIC_11564013,11564013,1,0,0.875269,132.031,1.416,AFP
KIC_11564882,11564882,1,0,0.54281,131.986,1.956,AFP
KIC_11564882,11564882,2,0,0.542794,131.605,1.86,AFP
KIC_11565544,11565544,1,1,3.7656,131.757,0.9552,PC
KIC_11607017,11607017,1,0,2.54141,132.523,7.983,AFP
KIC_11607017,11607017,2,0,2.54144,133.769,2.919,AFP
KIC_11607176,11607176,1,0,3.28273,132.651,6.682,AFP
KIC_11607176,11607176,2,0,3.2771,132.033,18.92,AFP
KIC_11651712,11651712,1,1,14.5326,140.467,2.394,PC
KIC_11653381,11653381,1,0,0.828771,131.924,2.936,AFP
KIC_11653381,11653381,2,0,0.828737,131.554,3.36,AFP
KIC_11046458,11046458,1,1,3.31187,131.742,1.127,PC
KIC_11046870,11046870,1,0,8.34407,136.551,1.494,AFP
KIC_11093335,11093335,2,0,6.1857,136.085,12.45,AFP
KIC_11093335,11093335,3,0,6.18502,133.881,9.692,AFP
KIC_11093538,11093538,1,0,14.7783,144.092,6.359,AFP
KIC_11134682,11134682,1,0,459.268,260.298,4.694,NTP
KIC_11134879,11134879,1,1,4.30166,133.595,2.078,PC
KIC_11181260,11181260,1,1,19.9776,135.176,5.871,PC
KIC_11182260,11182260,1,0,1.29195,132.642,1.771,AFP
KIC_11199801,11199801,1,0,2.69155,132.99,8.414,NTP
KIC_11200405,11200405,1,0,4.6396,135.1,3.499,AFP
KIC_11200405,11200405,2,0,4.6397,132.773,2.813,AFP
KIC_11254382,11254382,1,1,2.05389,131.679,2.146,PC
KIC_11255231,11255231,1,0,13.6551,137.522,4.404,AFP
KIC_11255761,11255761,1,0,4.9927,134.605,2.944,AFP
KIC_11259686,11259686,1,1,34.4359,158.602,5.845,PC
KIC_11295729,11295729,1,0,1.69553,132.197,4.664,AFP
KIC_11295729,11295729,2,0,1.69521,132.036,4.469,AFP
KIC_11340713,11340713,2,0,1.17841,132.257,4.177,NTP
KIC_11341164,11341164,1,0,6.00241,133.507,15.3,AFP
KIC_11391755,11391755,1,1,25.1125,146.345,7.977,PC
KIC_11391957,11391957,1,1,8.35391,138.216,2.264,PC
KIC_11392017,11392017,1,0,2.45571,133.031,2.325,AFP
KIC_11392618,11392618,1,0,110.922,174.223,5.201,AFP
KIC_11410904,11410904,1,1,3.53231,134.748,2.878,PC
KIC_11455491,11455491,2,0,6.14302,132.134,4.775,AFP
KIC_11455507,11455507,1,0,0.643496,132.002,1.628,AFP
KIC_11455507,11455507,2,0,0.643578,131.633,1.259,AFP
KIC_11455795,11455795,1,0,1.05734,131.786,1.5,AFP
KIC_11497958,11497958,1,1,5.84164,135.923,1.91,PC
KIC_11497958,11497958,2,1,19.8503,133.65,2.937,PC
KIC_11497958,11497958,3,1,10.8644,141.995,2.425,PC
KIC_11519134,11519134,1,0,58.585,140.8,3.595,AFP
KIC_11519180,11519180,1,0,0.745046,131.938,2.5,AFP
KIC_11519180,11519180,2,0,0.745053,131.694,2.2,AFP
KIC_11519180,11519180,3,0,0.745038,132.197,2.023,AFP
KIC_11565924,11565924,1,1,13.322,142.72,6.182,PC
KIC_11566064,11566064,1,1,152.106,176.528,7.522,PC
KIC_11566064,11566064,2,1,30.6528,135.044,4.989,PC
KIC_11607193,11607193,1,0,5.17759,132.9,2.525,AFP
KIC_11611275,11611275,1,1,6.9424,135.963,3.365,PC
KIC_11611600,11611600,1,1,1.21956,132.245,1.562,PC
KIC_11654267,11654267,1,0,0.835796,131.516,2.912,NTP
KIC_11655826,11655826,1,1,5.59353,131.505,2.0,PC
KIC_11656246,11656246,1,1,18.1147,147.491,4.996,PC
KIC_11069176,11069176,1,0,15.379,143.404,4.448,AFP
KIC_11069176,11069176,2,1,21.1286,149.276,3.799,PC
KIC_11071200,11071200,1,1,96.4552,214.755,11.06,PC
KIC_11093538,11093538,2,0,14.7784,138.088,4.576,AFP
KIC_11098013,11098013,1,1,7.50786,138.709,5.267,PC
KIC_11098069,11098069,1,0,18.941,135.528,14.96,NTP
KIC_11135308,11135308,1,1,1.87785,132.273,2.41,PC
KIC_11137065,11137065,1,0,0.933743,131.528,2.227,AFP
KIC_11137180,11137180,1,1,6.07027,135.316,1.446,PC
KIC_11182260,11182260,2,0,1.29197,131.986,1.514,AFP
KIC_11182608,11182608,2,0,0.527304,131.957,1.586,AFP
KIC_11182608,11182608,3,0,0.527328,131.667,1.642,AFP
KIC_11200415,11200415,1,0,4.63964,135.094,2.86,AFP
KIC_11200767,11200767,1,0,2.48955,132.044,2.607,AFP
KIC_11206038,11206038,1,0,0.52614,132.018,1.885,NTP
KIC_11259967,11259967,1,0,1.53037,131.82,3.705,NTP
KIC_11259967,11259967,2,0,1.17398,132.698,7.319,NTP
KIC_11260307,11260307,1,0,0.685246,132.008,1.055,AFP
KIC_11295729,11295729,3,0,0.847821,131.629,2.751,NTP
KIC_11295805,11295805,1,0,2.05738,132.83,4.837,AFP
KIC_11295805,11295805,2,0,2.05719,131.992,2.552,AFP
KIC_11295805,11295805,3,0,2.05814,132.396,3.85,AFP
KIC_11341164,11341164,2,0,6.00325,131.907,14.88,AFP
KIC_11341314,11341314,1,0,9.83373,132.566,13.24,AFP
KIC_11342416,11342416,1,1,25.3691,143.688,4.648,PC
KIC_11393634,11393634,1,0,0.966724,132.446,1.962,NTP
KIC_11394027,11394027,1,1,14.3868,141.683,2.194,PC
KIC_11411670,11411670,1,0,1.22058,132.35,3.626,AFP
KIC_11411670,11411670,2,0,1.22061,131.721,4.368,AFP
KIC_11412250,11412250,1,0,3.58231,133.158,10.62,NTP
KIC_11413125,11413125,1,0,0.595489,131.981,1.353,NTP
KIC_11455795,11455795,2,0,1.05773,132.255,0.7122,AFP
KIC_11456154,11456154,1,0,3.50176,131.578,11.89,NTP
KIC_11456154,11456154,2,0,7.00314,133.819,15.35,NTP
KIC_11497958,11497958,4,1,34.142,136.036,4.176,PC
KIC_11497958,11497958,5,1,63.3357,162.613,3.736,PC
KIC_11497977,11497977,1,1,4.7986,134.869,2.966,PC
KIC_11498128,11498128,1,1,106.251,135.719,14.2,PC
KIC_11519187,11519187,1,1,2.44083,133.841,0.7463,PC
KIC_11519226,11519226,1,0,22.1612,140.004,3.174,AFP
KIC_11519226,11519226,2,0,22.1613,148.465,3.636,AFP
KIC_11566256,11566256,1,1,5.78388,135.578,1.451,PC
KIC_11567149,11567149,1,0,0.684835,132.169,2.675,AFP
KIC_11568224,11568224,1,0,0.881926,132.042,0.9383,AFP
KIC_11611727,11611727,1,0,428.821,175.436,11.75,NTP
KIC_11612274,11612274,1,0,0.681181,131.794,4.323,NTP
KIC_11612274,11612274,2,0,1.47487,132.453,2.649,NTP
KIC_11612280,11612280,1,1,9.40601,137.721,4.859,PC
KIC_11656302,11656302,1,0,22.2648,150.838,8.838,AFP
KIC_11656302,11656302,2,0,22.2648,137.464,9.038,AFP
KIC_11656492,11656492,1,0,0.727891,132.208,1.5,AFP
KIC_11071200,11071200,2,1,44.5646,143.437,7.504,PC
KIC_11071207,11071207,1,0,8.04965,138.649,3.5,AFP
KIC_11071207,11071207,2,0,8.04963,135.6,8.579,AFP
KIC_11072016,11072016,1,1,1.89873,132.095,1.335,PC
KIC_11099351,11099351,1,0,2.37796,132.557,2.337,AFP
KIC_11099351,11099351,2,0,2.37795,133.745,2.231,AFP
KIC_11100331,11100331,1,0,0.76762,132.027,2.737,NTP
KIC_11137913,11137913,1,0,459.281,260.281,3.898,NTP
KIC_11138155,11138155,1,1,4.95932,132.584,2.274,PC
KIC_11182840,11182840,1,0,1.33616,131.564,2.532,NTP
KIC_11183259,11183259,1,0,0.613175,131.82,2.27,AFP
KIC_11183259,11183259,2,0,0.613177,131.524,2.272,AFP
KIC_11206038,11206038,2,0,0.634583,132.086,0.7862,AFP
KIC_11206038,11206038,3,0,0.634578,131.851,0.8778,AFP
KIC_11228612,11228612,1,0,2.98047,134.405,2.0,AFP
KIC_11260307,11260307,2,0,0.685296,131.733,1.121,AFP
KIC_11260307,11260307,4,0,0.684942,131.705,2.0,AFP
KIC_11283615,11283615,1,1,1.28959,131.892,1.392,PC
KIC_11295805,11295805,4,0,2.05758,131.634,5.772,AFP
KIC_11296045,11296045,1,0,2.39501,132.161,2.514,AFP
KIC_11296045,11296045,2,0,2.3959,133.079,5.513,AFP
KIC_11342573,11342573,1,0,91.0564,204.836,6.691,AFP
KIC_11342880,11342880,1,0,0.665928,131.769,1.588,AFP
KIC_11342880,11342880,2,0,0.668068,131.969,1.915,AFP
KIC_11348997,11348997,1,1,5.13247,132.163,1.501,PC
KIC_11395310,11395310,1,0,476.185,455.009,14.85,NTP
KIC_11395392,11395392,1,0,0.537551,131.576,1.793,NTP
KIC_11395392,11395392,2,0,2.35604,133.572,6.843,AFP
KIC_11395392,11395392,3,0,2.35802,131.548,5.806,AFP
KIC_11413125,11413125,2,0,0.737513,131.628,3.739,NTP
KIC_11413125,11413125,3,0,1.47515,132.177,6.018,AFP
KIC_11413125,11413125,4,0,1.47506,132.765,1.081,AFP
KIC_11413812,11413812,1,1,5.6538,131.709,2.076,PC
KIC_11456279,11456279,2,0,0.925008,132.255,1.638,AFP
KIC_11456279,11456279,3,0,0.925031,131.75,3.241,AFP
KIC_11456382,11456382,1,0,0.814283,131.652,1.354,AFP
KIC_11498764,11498764,1,0,2.51523,132.489,4.512,NTP
KIC_11499192,11499192,1,1,4.1359,133.544,2.364,PC
KIC_11499228,11499228,1,1,19.7919,149.31,3.218,PC
KIC_11499263,11499263,1,0,46.6982,167.698,3.563,AFP
KIC_11499757,11499757,1,0,12.3143,134.256,3.5,AFP
KIC_11519466,11519466,1,0,0.687394,131.727,5.218,NTP
KIC_11520114,11520114,1,1,7.07985,131.607,2.488,PC
KIC_11520150,11520150,1,0,3.6802,134.427,11.65,NTP
KIC_11568224,11568224,2,0,0.881944,131.591,0.8305,AFP
KIC_11568331,11568331,1,0,0.911851,132.193,2.778,AFP
KIC_11568331,11568331,2,0,0.911801,131.827,2.858,AFP
KIC_11612611,11612611,1,0,2.58568,132.49,10.36,AFP
KIC_11612611,11612611,2,0,2.58569,133.821,9.279,AFP
KIC_11656492,11656492,2,0,0.727916,131.948,2.5,AFP
KIC_11656492,11656492,3,0,0.727916,131.704,2.5,AFP
KIC_11656721,11656721,1,1,13.6461,139.412,3.42,PC
KIC_11656840,11656840,1,1,7.44265,132.759,2.374,PC
KIC_11073223,11073223,1,0,11.579,131.788,3.0,AFP
KIC_11073223,11073223,2,0,11.5789,139.382,8.571,AFP
KIC_11073223,11073223,3,0,11.5793,131.565,15.0,AFP
KIC_11073351,11073351,1,1,2.82019,134.126,2.502,PC
KIC_11073656,11073656,1,1,1.83428,132.856,1.801,PC
KIC_11100383,11100383,1,1,12.9249,132.01,2.835,PC
KIC_11100522,11100522,2,0,0.586132,131.857,1.606,AFP
KIC_11140501,11140501,2,0,0.710039,131.539,2.8,AFP
KIC_11140501,11140501,3,0,0.710062,131.9,2.126,AFP
KIC_11183539,11183539,1,0,0.644355,131.69,2.079,NTP
KIC_11186590,11186590,1,0,0.740771,131.852,2.326,AFP
KIC_11186590,11186590,2,0,0.740821,132.187,1.59,AFP
KIC_11228612,11228612,2,0,2.98048,132.912,3.626,AFP
KIC_11229003,11229003,1,0,194.724,299.436,1.77,NTP
KIC_11229102,11229102,1,0,0.545933,131.754,1.365,NTP
KIC_10723750,10723750,1,1,50.7904,135.632,10.9,PC
KIC_10723750,10723750,2,1,18.7959,145.823,7.509,PC
KIC_10724369,10724369,1,1,55.6393,131.911,7.103,PC
KIC_10743597,10743597,2,0,4.08032,131.703,2.825,AFP
KIC_10743597,10743597,3,0,0.81702,132.024,1.373,AFP
KIC_10789361,10789361,2,0,0.960551,132.464,1.565,AFP
KIC_10789864,10789864,1,0,2.82004,132.555,5.924,AFP
KIC_10789864,10789864,2,0,2.81997,133.275,3.028,AFP
KIC_10814711,10814711,1,0,0.695633,132.013,1.354,AFP
KIC_10814711,10814711,2,0,0.695634,131.647,2.084,AFP
KIC_10858832,10858832,1,1,5.26342,132.244,2.01,PC
KIC_10859386,10859386,1,0,0.830491,132.102,2.233,AFP
KIC_10859386,10859386,2,0,0.830501,131.682,2.048,AFP
KIC_10880041,10880041,2,0,1.49438,132.621,3.364,AFP
KIC_10880041,10880041,3,0,1.49464,132.606,1.557,AFP
KIC_10880507,10880507,1,1,6.48021,132.861,3.298,PC
KIC_10923648,10923648,1,0,3.42245,134.353,11.71,AFP
KIC_10923648,10923648,2,0,3.4201,133.001,10.53,AFP
KIC_10923649,10923649,1,0,0.562894,132.033,2.041,NTP
KIC_10964440,10964440,1,1,19.1294,139.438,3.966,PC
KIC_10965008,10965008,1,1,81.1694,178.593,7.817,PC
KIC_10965588,10965588,1,1,62.8919,139.126,6.796,PC
KIC_10990886,10990886,1,1,11.0235,138.044,1.527,PC
KIC_10990917,10990917,1,1,11.046,136.447,4.723,PC
KIC_11031512,11031512,1,0,0.504137,131.554,1.63,AFP
KIC_11031512,11031512,2,0,0.50413,131.735,1.499,AFP
KIC_11031728,11031728,1,0,3.46168,132.175,7.207,AFP
KIC_11031728,11031728,2,0,3.46149,134.704,3.016,AFP
KIC_10531955,10531955,1,1,2.34452,132.87,1.355,PC
KIC_10532030,10532030,1,0,459.237,260.315,8.232,NTP
KIC_10550660,10550660,1,0,0.884922,131.635,1.384,NTP
KIC_10551346,10551346,1,0,0.713985,131.897,1.027,AFP
KIC_10551707,10551707,1,0,7.35855,136.237,15.13,NTP
KIC_10591855,10591855,1,1,1.57407,131.867,1.445,PC
KIC_10592106,10592106,1,0,429.514,319.433,15.08,NTP
KIC_10592163,10592163,1,0,14.7629,133.774,6.617,AFP
KIC_10615125,10615125,1,0,0.577202,131.712,4.39,NTP
KIC_10615440,10615440,1,1,10.812,137.125,2.735,PC
KIC_10658802,10658802,1,0,0.667945,131.924,1.151,AFP
KIC_10658802,10658802,2,0,0.667579,131.915,2.218,AFP
KIC_10658802,10658802,3,0,0.667742,132.173,1.671,AFP
KIC_10659313,10659313,1,0,15.2493,143.663,3.782,AFP
KIC_10677186,10677186,1,0,100.401,216.083,9.752,AFP
KIC_10677186,10677186,2,0,100.4,182.696,18.17,AFP
KIC_10724372,10724372,1,0,0.745057,131.848,3.163,AFP
KIC_10724379,10724379,1,0,0.745049,131.86,2.581,AFP
KIC_10724450,10724450,1,0,0.74503,131.868,2.652,AFP
KIC_10744335,10744335,1,1,4.59727,131.88,2.792,PC
KIC_10744342,10744342,1,0,6.76295,135.597,10.37,NTP
KIC_10744342,10744342,2,0,2.35329,131.741,7.527,NTP
KIC_10790387,10790387,1,1,117.931,219.704,5.89,PC
KIC_10790660,10790660,1,0,505.599,401.286,13.24,NTP
KIC_10790706,10790706,1,0,0.642236,131.693,1.935,AFP
KIC_10790706,10790706,2,0,0.64224,132.018,2.272,AFP
KIC_10815466,10815466,1,0,2.55451,132.09,1.997,NTP
KIC_10862354,10862354,1,0,0.575185,131.635,2.042,NTP
KIC_10862354,10862354,2,0,0.872874,131.924,3.603,AFP
KIC_10862354,10862354,3,0,0.872874,131.62,3.0,AFP
KIC_10881457,10881457,1,1,84.7045,152.179,10.47,PC
KIC_10881855,10881855,1,0,0.740773,131.912,1.763,AFP
KIC_10881855,10881855,2,0,0.740764,132.281,3.353,AFP
KIC_10924282,10924282,2,0,1.52613,131.557,4.397,NTP
KIC_10924340,10924340,1,0,0.750725,131.816,1.12,AFP
KIC_10965740,10965740,1,0,21.7878,136.694,4.213,AFP
KIC_10971633,10971633,1,0,3.98068,135.04,9.765,NTP
KIC_10991114,10991114,1,1,3.70392,132.687,1.439,PC
KIC_10991389,10991389,1,1,303.223,344.065,1.678,PC
KIC_10489265,10489265,3,0,0.521486,131.704,1.565,NTP
KIC_10489345,10489345,1,1,1.00393,132.103,1.374,PC
KIC_10532771,10532771,1,0,1.10228,132.283,2.1,AFP
KIC_10532771,10532771,2,0,1.10229,131.732,3.815,AFP
KIC_10533233,10533233,1,0,0.881956,131.742,3.291,NTP
KIC_10552151,10552151,1,1,525.776,306.883,5.808,PC
KIC_10552611,10552611,1,1,7.01062,132.513,3.105,PC
KIC_10592163,10592163,2,0,14.7629,143.709,4.835,AFP
KIC_10592818,10592818,1,0,414.823,348.97,10.09,NTP
KIC_10592860,10592860,1,0,3.72175,132.263,11.27,NTP
KIC_10616415,10616415,1,0,1.12064,131.596,1.218,AFP
KIC_10616571,10616571,1,0,23.6731,136.956,14.43,AFP
KIC_10616571,10616571,2,0,23.6731,144.498,5.694,AFP
KIC_10616571,10616571,3,0,381.853,133.01,4.276,NTP
KIC_10659313,10659313,2,0,15.2502,143.934,17.08,AFP
KIC_10678547,10678547,1,0,0.958928,131.698,3.25,NTP
KIC_10678817,10678817,1,0,2.99964,132.326,9.886,AFP
KIC_10724544,10724544,1,0,0.745093,131.813,2.004,AFP
KIC_10724551,10724551,1,0,0.745027,131.902,2.207,AFP
KIC_10724569,10724569,1,0,0.74507,131.837,2.151,AFP
KIC_10745159,10745159,1,0,1.12878,131.649,2.752,AFP
KIC_10745159,10745159,2,0,1.12883,132.361,2.561,AFP
KIC_10745365,10745365,1,1,8.91714,139.621,4.114,PC
KIC_10793114,10793114,1,0,2.42009,132.109,4.887,NTP
KIC_10793172,10793172,1,1,12.0999,143.045,3.356,PC
KIC_10793172,10793172,2,1,5.36368,134.658,2.859,PC
KIC_10793172,10793172,3,1,18.0808,140.568,5.724,PC
KIC_10815916,10815916,1,0,1.68206,132.133,1.442,AFP
KIC_10815932,10815932,1,0,3.71749,133.488,8.642,AFP
KIC_10815932,10815932,2,0,3.71731,132.618,8.862,AFP
KIC_10815932,10815932,3,0,3.71769,135.063,8.106,AFP
KIC_10862759,10862759,1,0,2.31883,132.337,7.522,NTP
KIC_10862889,10862889,1,0,4.93762,134.155,14.9,NTP
KIC_10863608,10863608,1,1,8.07129,137.757,2.79,PC
KIC_10864531,10864531,1,1,83.4886,188.543,6.07,PC
KIC_10903251,10903251,1,0,1.56033,131.632,4.74,AFP
KIC_10903251,10903251,2,0,1.56036,132.36,4.603,AFP
KIC_10904004,10904004,1,1,4.64483,133.69,2.31,PC
KIC_10904343,10904343,1,0,3.061,132.775,5.007,AFP
KIC_10924340,10924340,2,0,0.750724,132.196,1.325,AFP
KIC_10924400,10924400,1,0,0.750724,131.822,1.211,AFP
KIC_10924400,10924400,2,0,0.750728,132.195,1.342,AFP
KIC_10924562,10924562,1,1,18.6051,149.042,6.925,PC
KIC_10971674,10971674,1,0,2.38086,132.944,4.091,AFP
KIC_10971674,10971674,2,0,2.38087,131.749,3.5,AFP
KIC_10971944,10971944,1,0,2.83429,133.067,4.497,NTP
KIC_10972902,10972902,1,0,1.42854,132.827,1.399,AFP
KIC_10972902,10972902,2,0,1.42851,131.884,2.333,AFP
KIC_10991989,10991989,1,0,0.974461,132.382,2.319,AFP
KIC_10991989,10991989,2,0,0.974472,131.887,1.793,AFP
KIC_10992011,10992011,1,0,0.974467,132.375,1.418,AFP
KIC_10992733,10992733,1,0,18.526,144.187,3.5,AFP
KIC_10992733,10992733,2,0,18.5259,138.959,5.0,AFP
KIC_10489521,10489521,1,0,1.61224,131.855,2.5,AFP
KIC_10489525,10489525,1,0,3.22449,131.854,2.995,AFP
KIC_10489525,10489525,2,0,3.22448,133.468,2.075,AFP
KIC_10533906,10533906,1,0,459.259,260.349,5.252,NTP
KIC_10534150,10534150,1,0,1.01682,131.898,2.921,NTP
KIC_10552611,10552611,2,1,3.10766,132.631,2.226,PC
KIC_10552700,10552700,2,0,1.8959,131.693,3.769,NTP
KIC_10593535,10593535,1,1,20.9255,134.893,6.718,PC
KIC_10593626,10593626,1,1,289.867,133.691,7.309,PC
KIC_10593759,10593759,1,0,3.1326,132.878,3.486,AFP
KIC_10593761,10593761,1,0,459.267,260.28,5.583,NTP
KIC_10616656,10616656,1,0,25.2852,135.966,4.754,AFP
KIC_10616679,10616679,1,1,8.60011,138.128,4.14,PC
KIC_10616829,10616829,1,0,1.07316,132.292,1.317,NTP
KIC_10617017,10617017,1,1,13.1515,144.157,5.505,PC
KIC_10661679,10661679,1,0,1.23124,131.893,3.246,AFP
KIC_10661718,10661718,1,0,1.23132,131.826,3.213,AFP
KIC_10661721,10661721,1,0,3.90706,135.378,8.616,AFP
KIC_10678817,10678817,2,0,2.99987,133.515,10.49,AFP
KIC_10678963,10678963,1,0,0.584424,131.927,1.666,NTP
KIC_10724619,10724619,1,0,0.745024,131.873,3.144,AFP
KIC_10724621,10724621,1,0,0.745089,131.82,2.212,AFP
KIC_10724635,10724635,1,0,0.745045,131.854,2.241,AFP
KIC_10727668,10727668,1,0,2.30592,131.784,3.344,AFP
KIC_10747439,10747439,1,0,4.5936,134.889,1.916,AFP
KIC_10747445,10747445,1,0,4.59359,134.89,2.697,AFP
KIC_10747445,10747445,2,0,4.5936,132.601,1.713,AFP
KIC_10747501,10747501,1,1,4.7309,135.191,3.062,PC
KIC_10793576,10793576,1,1,10.9074,136.618,2.837,PC
KIC_10794087,10794087,1,1,7.64965,138.335,6.388,PC
KIC_10794405,10794405,1,0,0.952367,132.342,0.8457,AFP
KIC_10794509,10794509,1,0,0.952347,132.346,1.501,AFP
KIC_10816107,10816107,1,0,2.16158,131.804,3.894,AFP
KIC_10816107,10816107,2,0,2.16157,132.887,3.595,AFP
KIC_10816278,10816278,1,0,0.936096,131.734,2.3,AFP
KIC_10816278,10816278,2,0,0.936,132.295,2.726,AFP
KIC_10864531,10864531,2,1,34.0608,141.359,2.437,PC
KIC_10864656,10864656,1,1,52.5009,171.521,14.88,PC
KIC_10864709,10864709,1,0,423.175,321.448,8.106,NTP
KIC_10904343,10904343,2,0,3.06074,133.401,4.775,AFP
KIC_10904343,10904343,3,0,3.06111,132.157,6.039,AFP
KIC_10924853,10924853,1,0,2.1024,132.296,1.278,AFP
KIC_10925104,10925104,1,1,11.7761,142.706,2.902,PC
KIC_10925104,10925104,2,1,8.04134,134.997,2.661,PC
KIC_10925104,10925104,3,1,5.18856,134.986,2.472,PC
KIC_10973583,10973583,1,0,6.25635,133.543,2.311,AFP
KIC_10973583,10973583,2,0,6.25639,136.645,1.672,AFP
KIC_10973664,10973664,1,1,5.40427,134.356,2.509,PC
KIC_10992733,10992733,3,0,18.5258,143.962,15.0,AFP
KIC_11013201,11013201,1,1,13.119,143.469,4.364,PC
KIC_11013201,11013201,2,1,7.82189,139.142,4.5,PC
KIC_11013201,11013201,3,0,0.677313,132.004,2.309,NTP
KIC_10489783,10489783,2,0,0.73838,131.602,3.526,NTP
KIC_10490558,10490558,1,0,4.0425,133.768,5.808,AFP
KIC_10534155,10534155,1,1,4.32708,133.411,1.065,PC
KIC_10535708,10535708,1,0,0.933718,131.548,3.428,AFP
KIC_10553884,10553884,1,0,0.908109,131.6,1.735,NTP
KIC_10553884,10553884,2,0,1.33906,131.902,4.91,NTP
KIC_10553884,10553884,3,0,4.01712,132.594,6.597,NTP
KIC_10594394,10594394,1,0,2.34835,133.646,6.748,AFP
KIC_10594394,10594394,2,0,2.34856,132.039,6.801,AFP
KIC_10596359,10596359,1,0,436.846,305.006,5.153,NTP
KIC_10597164,10597164,1,0,4.56382,133.213,6.402,AFP
KIC_10617638,10617638,1,0,0.710842,132.095,0.9343,AFP
KIC_10618236,10618236,1,0,0.874754,131.566,1.28,AFP
KIC_10661721,10661721,2,0,3.90689,134.189,12.29,AFP
KIC_10661771,10661771,1,0,1.23134,131.97,1.198,AFP
KIC_10661771,10661771,2,0,1.23129,131.667,1.326,AFP
KIC_10661778,10661778,1,0,1.23133,131.819,2.52,AFP
KIC_10679583,10679583,1,0,3.54792,133.78,2.904,AFP
KIC_10727668,10727668,2,0,2.3059,132.949,3.123,AFP
KIC_10728219,10728219,1,0,3.3718,134.873,2.0,AFP
KIC_10728219,10728219,2,0,3.3718,133.19,3.445,AFP
KIC_10728219,10728219,3,0,3.37187,134.695,12.0,AFP
KIC_10729645,10729645,1,0,0.583993,131.964,1.741,AFP
KIC_10748390,10748390,1,1,4.8878,134.589,2.398,PC
KIC_10748393,10748393,1,0,4.88778,134.592,2.68,AFP
KIC_10748621,10748621,1,0,286.172,403.863,12.5,AFP
KIC_10748621,10748621,2,0,286.172,314.112,12.5,AFP
KIC_10794509,10794509,2,0,0.952401,131.837,1.185,AFP
KIC_10794974,10794974,1,1,66.6429,170.086,1.807,PC
KIC_10795103,10795103,1,1,214.312,336.33,16.24,PC
KIC_10817600,10817600,1,0,2.74703,131.79,1.417,AFP
KIC_10842192,10842192,1,1,9.33648,140.679,2.324,PC
KIC_10843203,10843203,1,0,4.42973,133.644,2.856,AFP
KIC_10867017,10867017,1,0,0.87693,132.274,1.342,AFP
KIC_10867017,10867017,2,0,0.876923,131.835,1.542,AFP
KIC_10904857,10904857,1,0,3.12083,133.224,2.21,AFP
KIC_10904857,10904857,2,0,3.12082,131.681,1.751,AFP
KIC_10905239,10905239,1,1,3.48769,132.568,3.808,PC
KIC_10905239,10905239,2,1,6.02976,132.483,3.882,PC
KIC_10925113,10925113,1,0,11.7761,142.705,2.735,AFP
KIC_10925227,10925227,2,0,6.45217,131.647,3.214,NTP
KIC_10973664,10973664,2,1,11.6789,131.512,1.15,PC
KIC_10973664,10973664,3,1,1.20846,132.469,1.52,PC
KIC_10973814,10973814,1,1,44.852,172.463,3.94,PC
KIC_10973814,10973814,2,1,20.3423,137.698,2.327,PC
KIC_11014282,11014282,1,0,1.61617,132.73,2.508,AFP
KIC_11014282,11014282,2,0,1.61646,131.615,2.417,AFP
KIC_11014932,11014932,1,1,6.88596,131.52,3.455,PC
KIC_11014932,11014932,2,1,15.0548,144.587,4.602,PC
KIC_10490558,10490558,2,0,4.04114,132.069,11.97,AFP
KIC_10490561,10490561,1,0,1.08992,132.032,3.478,AFP
KIC_10490561,10490561,2,0,1.08973,131.642,3.205,AFP
KIC_10535807,10535807,1,0,1.48167,132.693,2.889,AFP
KIC_10535807,10535807,2,0,1.48124,132.387,1.268,AFP
KIC_10535858,10535858,1,0,0.93371,131.572,2.481,AFP
KIC_10535867,10535867,1,0,0.933661,131.585,2.991,AFP
KIC_10554967,10554967,1,0,0.53633,131.718,0.9155,AFP
KIC_10554999,10554999,1,1,6.40014,135.623,1.869,PC
KIC_10554999,10554999,2,1,2.7359,132.795,1.947,PC
KIC_10597693,10597693,1,1,31.6086,134.679,3.64,PC
KIC_10598279,10598279,1,0,459.06,260.488,8.342,NTP
KIC_10599206,10599206,1,0,18.4279,141.585,2.997,AFP
KIC_10599397,10599397,1,0,0.937388,131.931,1.34,AFP
KIC_10619142,10619142,1,0,2.04516,132.367,3.639,AFP
KIC_10661913,10661913,1,0,1.23132,131.828,3.793,AFP
KIC_10661917,10661917,1,0,1.23137,131.801,3.475,AFP
KIC_10681550,10681550,1,0,2.26516,132.829,7.933,NTP
KIC_10682541,10682541,1,1,4.99682,131.761,2.153,PC
KIC_10684587,10684587,1,0,0.528244,131.977,1.526,AFP
KIC_10729645,10729645,2,0,0.58407,131.983,1.795,AFP
KIC_10730034,10730034,1,1,2.63383,131.937,2.0,PC
KIC_10730034,10730034,2,1,6.18665,136.633,3.143,PC
KIC_10749059,10749059,1,1,174.736,252.52,8.532,PC
KIC_10749745,10749745,1,0,0.890542,131.903,3.693,AFP
KIC_10749766,10749766,1,0,0.8905,131.948,3.006,AFP
KIC_10749775,10749775,1,0,0.556328,131.696,1.547,AFP
KIC_10796473,10796473,1,0,0.969912,132.172,1.299,AFP
KIC_10796473,10796473,2,0,0.969945,131.67,1.429,AFP
KIC_10797123,10797123,1,0,459.324,260.197,3.807,NTP
KIC_10797460,10797460,1,1,9.48803,132.589,3.001,PC
KIC_10843590,10843590,1,1,18.8702,140.971,3.141,PC
KIC_10843590,10843590,2,1,46.9026,154.304,3.919,PC
KIC_10844890,10844890,1,1,8.29484,133.502,2.411,PC
KIC_10867062,10867062,1,1,34.2966,143.666,19.01,PC
KIC_10872983,10872983,1,1,11.0943,137.919,4.515,PC
KIC_10872983,10872983,2,1,4.13443,131.636,3.072,PC
KIC_10872983,10872983,3,1,2.56658,133.36,2.651,PC
KIC_10905746,10905746,1,1,9.87868,138.408,1.927,PC
KIC_10905911,10905911,1,1,1.34154,132.746,1.599,PC
KIC_10907132,10907132,1,1,5.89105,132.425,2.088,PC
KIC_10908248,10908248,1,1,39.8567,154.821,9.647,PC
KIC_10928043,10928043,1,1,6.84639,133.761,3.289,PC
KIC_10931507,10931507,1,0,3.78098,132.292,6.854,NTP
KIC_10975146,10975146,1,1,0.631328,132.054,0.735,PC
KIC_10977671,10977671,1,0,199.038,180.206,14.55,AFP
KIC_11014932,11014932,3,1,2.9272,133.83,2.515,PC
KIC_11014932,11014932,4,1,38.285,143.315,5.706,PC
KIC_11015108,11015108,1,1,39.3094,132.025,5.846,PC
KIC_10491044,10491044,1,0,2.1991,133.059,3.085,AFP
KIC_10491062,10491062,1,0,2.19907,133.066,3.603,AFP
KIC_10491525,10491525,1,0,1.09842,132.452,1.204,AFP
KIC_10535897,10535897,1,0,0.933706,131.556,2.321,AFP
KIC_10536147,10536147,1,0,0.849123,132.101,3.0,NTP
KIC_10536593,10536593,1,0,1.0398,131.601,3.683,AFP
KIC_10536593,10536593,2,0,1.03971,132.194,3.323,AFP
KIC_10555365,10555365,1,1,5.80181,131.781,4.108,PC
KIC_10555375,10555375,1,0,5.80184,131.775,3.402,AFP
KIC_10556064,10556064,2,0,0.809998,132.103,2.693,NTP
KIC_10600261,10600261,1,1,17.3081,142.325,5.372,PC
KIC_10600261,10600261,2,1,2.09228,133.063,2.328,PC
KIC_10600261,10600261,3,1,52.8147,164.905,7.261,PC
KIC_10600540,10600540,1,0,1.45791,132.677,2.015,NTP
KIC_10619192,10619192,1,1,1.4857,132.797,2.243,PC
KIC_10619192,10619192,2,0,470.565,290.551,6.257,NTP
KIC_10619192,10619192,3,0,1.48574,132.046,2.116,AFP
KIC_10621643,10621643,1,0,1.48047,131.837,2.865,AFP
KIC_10662021,10662021,1,0,1.23138,131.783,3.026,AFP
KIC_10662202,10662202,1,1,21.677,149.86,3.178,PC
KIC_10662202,10662202,2,1,5.04417,132.519,1.861,PC
KIC_10662202,10662202,3,1,14.5168,138.832,2.788,PC
KIC_10684587,10684587,2,0,0.528241,131.627,1.571,AFP
KIC_10684587,10684587,3,0,0.528248,131.798,1.5,AFP
KIC_10684670,10684670,1,1,3.7886,134.619,2.929,PC
KIC_10730070,10730070,1,1,7.61755,137.503,3.431,PC
KIC_10730571,10730571,1,0,459.306,260.234,3.986,NTP
KIC_10730703,10730703,1,1,5.60012,135.967,2.795,PC
KIC_10749775,10749775,2,0,0.557845,131.598,1.904,AFP
KIC_10749793,10749793,1,0,0.682682,131.836,1.5,AFP
KIC_10749793,10749793,3,0,0.692563,131.98,2.999,AFP
KIC_10797460,10797460,2,1,54.4184,162.514,4.483,PC
KIC_10797891,10797891,1,0,0.652159,132.156,2.179,NTP
KIC_10798331,10798331,1,1,147.281,148.801,7.376,PC
KIC_10798605,10798605,1,0,56.0481,159.168,4.062,AFP
KIC_10845188,10845188,1,0,249.362,279.658,8.302,AFP
KIC_10847907,10847907,1,0,0.535471,131.762,1.422,AFP
KIC_10847907,10847907,2,0,0.535499,132.003,1.336,AFP
KIC_10873178,10873178,1,1,4.8202,134.82,1.863,PC
KIC_10873260,10873260,1,1,5.85295,136.066,4.545,PC
KIC_10909127,10909127,1,1,3.17061,132.676,1.53,PC
KIC_10909274,10909274,1,0,39.2382,148.648,4.5,AFP
KIC_10909274,10909274,2,0,39.2394,155.207,12.5,AFP
KIC_10910878,10910878,1,1,16.0686,141.485,3.716,PC
KIC_10933306,10933306,1,1,57.7741,154.284,5.606,PC
KIC_10933561,10933561,1,1,31.5177,153.635,7.835,PC
KIC_10977859,10977859,1,0,0.567778,132.031,1.953,NTP
KIC_10978763,10978763,1,1,4.97762,134.673,2.572,PC
KIC_10978763,10978763,2,1,6.98809,132.557,2.941,PC
KIC_10978763,10978763,3,1,10.5584,136.348,3.35,PC
KIC_11015323,11015323,1,1,34.1889,159.2,5.631,PC
KIC_11017070,11017070,1,0,0.708567,132.107,2.366,AFP
KIC_11017094,11017094,1,0,0.708498,132.125,1.204,AFP
KIC_10491544,10491544,1,0,22.7719,140.488,8.104,AFP
KIC_10491544,10491544,2,0,22.7719,133.843,10.52,AFP
KIC_10491554,10491554,1,0,22.772,140.487,8.394,AFP
KIC_10491554,10491554,2,0,22.7718,133.847,7.5,AFP
KIC_10513530,10513530,1,1,16.5497,138.593,4.292,PC
KIC_10537110,10537110,1,0,3.25947,132.472,10.69,NTP
KIC_10537528,10537528,1,0,0.598281,131.988,1.559,AFP
KIC_10537528,10537528,2,0,0.598272,131.692,1.43,AFP
KIC_10556180,10556180,1,0,1.02113,131.53,3.174,AFP
KIC_10556578,10556578,1,0,0.626413,131.911,1.052,NTP
KIC_10577994,10577994,1,1,8.18087,135.797,2.812,PC
KIC_10577994,10577994,2,1,15.313,141.167,3.255,PC
KIC_10600540,10600540,2,0,0.607848,131.659,1.559,AFP
KIC_10600540,10600540,3,0,0.607845,131.865,2.0,AFP
KIC_10600540,10600540,4,0,0.607856,132.055,2.0,AFP
KIC_10600955,10600955,1,1,65.6485,173.3,4.486,PC
KIC_10621643,10621643,2,0,1.48064,132.816,1.973,AFP
KIC_10621666,10621666,1,0,2.61839,134.052,3.318,AFP
KIC_10663294,10663294,2,0,3.80032,131.556,4.138,NTP
KIC_10685175,10685175,1,0,3.102,133.717,2.853,AFP
KIC_10685175,10685175,2,0,3.10202,134.499,1.857,AFP
KIC_10685653,10685653,1,0,0.535257,131.691,1.234,AFP
KIC_10685653,10685653,2,0,0.535288,131.933,1.792,AFP
KIC_10730703,10730703,2,1,46.3334,173.189,4.742,PC
KIC_10730838,10730838,1,0,7.88876,138.789,14.55,AFP
KIC_10730838,10730838,2,0,3.9444,132.526,5.518,NTP
KIC_10730838,10730838,3,0,7.88929,137.629,9.708,AFP
KIC_10750903,10750903,1,0,1.00982,132.502,3.607,AFP
KIC_10750903,10750903,2,0,1.00981,131.841,3.616,AFP
KIC_10750903,10750903,3,0,3.0295,134.18,3.347,NTP
KIC_10751515,10751515,1,0,56.4065,138.31,18.47,AFP
KIC_10798605,10798605,2,0,56.0485,167.754,4.748,AFP
KIC_10798838,10798838,1,0,62.1277,172.066,5.231,AFP
KIC_10799291,10799291,1,0,0.728606,131.794,1.125,AFP
KIC_10799291,10799291,2,0,0.728603,132.184,2.771,AFP
KIC_10848097,10848097,1,0,15.9473,137.499,1.523,NTP
KIC_10848459,10848459,1,0,1.73695,132.094,2.259,AFP
KIC_10850327,10850327,1,1,440.164,470.362,11.38,PC
KIC_10873947,10873947,1,0,0.527401,131.778,2.375,NTP
KIC_10874215,10874215,1,1,31.0325,152.272,3.429,PC
KIC_10874226,10874226,1,0,11.9736,139.251,2.617,AFP
KIC_10874226,10874226,2,0,11.9736,132.806,4.231,AFP
KIC_10910878,10910878,2,1,41.1972,165.005,5.832,PC
KIC_10910878,10910878,3,1,6.25296,133.783,2.678,PC
KIC_10913758,10913758,1,0,0.65734,132.148,3.118,NTP
KIC_10933561,10933561,2,1,8.12994,134.106,1.962,PC
KIC_10934313,10934313,1,0,1.92688,131.634,1.124,AFP
KIC_10934556,10934556,1,0,3.37282,132.695,10.26,AFP
KIC_10934556,10934556,2,0,3.37319,134.295,7.603,AFP
KIC_10979139,10979139,1,0,459.228,260.387,3.286,NTP
KIC_10982872,10982872,1,1,4.76169,132.244,3.296,PC
KIC_11017901,11017901,1,1,7.7943,137.26,1.093,PC
KIC_11018648,11018648,1,1,32.6292,161.468,5.877,PC
KIC_11018648,11018648,2,1,91.7725,193.841,6.229,PC
KIC_10513530,10513530,2,1,3.52466,131.648,1.724,PC
KIC_10514429,10514429,1,0,20.7195,143.291,3.971,AFP
KIC_10514430,10514430,1,0,20.7194,143.298,4.192,AFP
KIC_10514770,10514770,1,0,1.87242,132.495,1.096,AFP
KIC_10537528,10537528,3,0,0.527026,131.596,1.784,AFP
KIC_10537528,10537528,4,0,0.526916,131.551,2.0,AFP
KIC_10537907,10537907,1,0,0.613633,132.039,1.309,AFP
KIC_10537907,10537907,2,0,0.613625,131.798,1.11,AFP
KIC_10537907,10537907,3,0,0.61362,131.545,1.507,AFP
KIC_10581918,10581918,1,0,1.80186,131.582,3.0,AFP
KIC_10581918,10581918,2,0,1.80186,132.488,3.0,AFP
KIC_10601284,10601284,1,1,5.34955,134.361,2.914,PC
KIC_10601284,10601284,2,1,3.94105,132.146,2.536,PC
KIC_10601284,10601284,3,1,8.10904,132.805,3.551,PC
KIC_10647452,10647452,1,1,0.762945,131.923,1.148,PC
KIC_10663396,10663396,1,1,23.8988,151.407,15.86,PC
KIC_10663738,10663738,1,1,8.52746,137.291,2.672,PC
KIC_10664416,10664416,1,0,50.647,163.824,52.55,AFP
KIC_10664703,10664703,1,0,0.605675,131.655,1.509,AFP
KIC_10685897,10685897,1,0,1.71181,132.888,5.113,AFP
KIC_10685897,10685897,2,0,1.71175,131.751,2.942,AFP
KIC_10686752,10686752,1,0,0.656903,131.7,4.943,NTP
KIC_10686814,10686814,1,0,2.61844,134.034,3.883,AFP
KIC_10732401,10732401,1,0,0.933711,131.54,2.591,AFP
KIC_10732407,10732407,1,0,0.933743,132.447,1.435,AFP
KIC_10732638,10732638,1,0,2.08885,131.709,7.5,AFP
KIC_10751908,10751908,1,0,4.48544,135.287,2.233,NTP
KIC_10799735,10799735,1,0,37.5903,157.35,4.43,AFP
KIC_10799735,10799735,2,0,37.5897,150.421,4.056,AFP
KIC_10853908,10853908,1,0,1.37435,131.717,4.643,AFP
KIC_10853908,10853908,2,0,1.3744,132.428,5.479,AFP
KIC_10874614,10874614,1,1,3.2347,134.425,3.584,PC
KIC_10874926,10874926,1,0,11.7031,133.721,2.049,AFP
KIC_10874926,10874926,2,0,11.7031,141.114,3.388,AFP
KIC_10916600,10916600,1,1,5.57647,136.438,3.786,PC
KIC_10916978,10916978,1,0,340.594,267.553,12.42,NTP
KIC_10917043,10917043,1,1,205.386,284.19,8.466,PC
KIC_10934674,10934674,1,1,16.5429,136.564,3.85,PC
KIC_10935310,10935310,1,0,4.1288,132.58,2.777,AFP
KIC_10935310,10935310,2,0,4.12879,134.64,2.783,AFP
KIC_10982872,10982872,2,1,2.02413,132.041,2.443,PC
KIC_10982872,10982872,3,1,41.8084,148.712,7.921,PC
KIC_10982884,10982884,1,0,459.476,259.97,6.476,NTP
KIC_11019987,11019987,1,1,6.91299,131.525,4.182,PC
KIC_11020521,11020521,1,0,2.93009,133.619,7.105,AFP
KIC_10517437,10517437,1,0,459.201,260.427,4.425,NTP
KIC_10518399,10518399,1,0,2.69642,132.979,3.464,AFP
KIC_10518424,10518424,1,0,2.69636,132.989,3.037,AFP
KIC_10538176,10538176,1,1,12.699,134.196,3.148,PC
KIC_10538176,10538176,2,1,37.5141,151.791,5.548,PC
KIC_10582569,10582569,1,0,459.262,260.328,2.1,NTP
KIC_10583066,10583066,1,1,6.0293,135.428,1.588,PC
KIC_10583180,10583180,1,0,2.69637,132.988,3.348,AFP
KIC_10583180,10583180,2,0,2.6964,131.631,3.056,AFP
KIC_10601538,10601538,1,0,1.46376,132.806,1.272,AFP
KIC_10601549,10601549,1,0,1.46378,132.807,1.681,AFP
KIC_10601549,10601549,2,0,1.46379,132.045,2.405,AFP
KIC_10602088,10602088,1,0,4.09955,133.167,13.35,NTP
KIC_10647493,10647493,1,0,1.14126,132.072,2.932,AFP
KIC_10647493,10647493,2,0,1.14123,131.865,1.846,AFP
KIC_10664703,10664703,2,0,0.605674,131.958,1.506,AFP
KIC_10664703,10664703,3,0,0.605679,131.804,1.254,AFP
KIC_10664703,10664703,4,0,0.823127,131.657,2.5,NTP
KIC_10686864,10686864,1,1,2.97043,133.389,2.258,PC
KIC_10686876,10686876,1,0,2.61842,134.044,4.908,AFP
KIC_10686876,10686876,2,0,2.6184,132.737,3.5,AFP
KIC_10686930,10686930,1,0,2.61844,134.042,3.127,AFP
KIC_10732638,10732638,2,0,2.0888,132.449,4.935,AFP
KIC_10732638,10732638,3,0,2.08883,133.109,5.54,AFP
KIC_10733174,10733174,1,0,280.502,299.375,34.39,AFP
KIC_10753734,10753734,1,0,19.4065,149.813,3.0,AFP
KIC_10753734,10753734,2,0,19.4067,146.026,4.5,AFP
KIC_10753734,10753734,3,0,19.4068,149.595,15.0,AFP
KIC_10753734,10753734,4,0,19.4021,146.428,1.11,AFP
KIC_10753734,10753734,5,0,19.4062,145.474,10.5,AFP
KIC_10775748,10775748,1,0,413.037,352.486,11.85,NTP
KIC_10801249,10801249,1,0,1.67496,131.8,3.192,AFP
KIC_10801951,10801951,1,0,1.10507,132.554,2.208,AFP
KIC_10802820,10802820,1,0,0.760165,131.778,2.551,NTP
KIC_10854166,10854166,1,0,1.26352,132.276,3.284,AFP
KIC_10854166,10854166,2,0,1.26416,132.478,4.254,AFP
KIC_10854546,10854546,1,1,2.16846,132.14,1.417,PC
KIC_10875007,10875007,1,1,9.54714,140.146,5.108,PC
KIC_10875007,10875007,2,1,14.7089,133.844,4.783,PC
KIC_10875245,10875245,1,1,14.7491,138.778,6.09,PC
KIC_10917433,10917433,1,1,6.91263,132.154,2.132,PC
KIC_10917681,10917681,1,1,12.8963,136.826,2.021,PC
KIC_10918393,10918393,1,0,0.624885,131.99,2.225,AFP
KIC_10918393,10918393,2,0,0.62488,131.717,2.587,AFP
KIC_10935993,10935993,1,1,25.3736,151.876,2.83,PC
KIC_10983528,10983528,1,0,582.035,220.134,13.75,NTP
KIC_10984090,10984090,1,1,51.0793,134.101,6.5,PC
KIC_10984090,10984090,2,1,3.70919,133.987,2.653,PC
KIC_11020521,11020521,2,0,2.93024,132.858,7.787,AFP
KIC_11020521,11020521,3,0,2.93,131.676,8.809,AFP
KIC_10518424,10518424,2,0,2.69645,131.615,3.05,AFP
KIC_10518725,10518725,1,0,19.5151,136.212,3.298,AFP
KIC_10518725,10518725,2,0,19.5149,132.603,3.036,AFP
KIC_10544677,10544677,1,0,19.7352,138.59,3.968,AFP
KIC_10545066,10545066,1,1,19.783,138.158,5.487,PC
KIC_10583225,10583225,1,0,2.69633,133.003,3.607,AFP
KIC_10583225,10583225,2,0,2.69643,131.633,3.789,AFP
KIC_10583761,10583761,1,1,2.68503,132.609,1.131,PC
KIC_10602291,10602291,1,0,20.9274,139.326,3.406,AFP
KIC_10602324,10602324,1,0,3.1628,133.996,4.31,AFP
KIC_10602324,10602324,2,0,3.16298,132.869,18.16,AFP
KIC_10604335,10604335,1,1,11.0082,132.217,2.02,PC
KIC_10647611,10647611,2,0,0.969286,132.103,2.582,AFP
KIC_10647611,10647611,3,0,0.969302,131.6,3.5,AFP
KIC_10651816,10651816,1,0,3.18774,134.424,7.327,AFP
KIC_10651945,10651945,1,0,25.367,138.814,5.945,AFP
KIC_10666230,10666230,1,0,1.57779,131.735,1.356,AFP
KIC_10666242,10666242,1,1,87.2441,153.328,4.141,PC
KIC_10666592,10666592,1,1,2.20474,132.381,3.86,PC
KIC_10666592,10666592,2,0,2.20475,133.479,4.5,AFP
KIC_10709622,10709622,1,1,51.3286,177.673,9.458,PC
KIC_10710755,10710755,1,0,4.81661,133.764,3.837,AFP
KIC_10710755,10710755,2,0,4.81662,136.173,3.251,AFP
KIC_10711551,10711551,1,0,10.6922,139.957,3.5,AFP
KIC_10733174,10733174,2,0,1.48667,132.414,4.426,AFP
KIC_10733174,10733174,3,0,1.48675,131.683,4.987,AFP
KIC_10734935,10734935,1,0,0.65527,132.11,2.22,AFP
KIC_10775968,10775968,1,0,1.43925,132.046,4.124,NTP
KIC_10777591,10777591,1,1,6.10972,133.799,5.728,PC
KIC_10803371,10803371,1,0,0.742625,132.018,2.09,AFP
KIC_10803371,10803371,2,0,0.742617,131.658,2.111,AFP
KIC_10854555,10854555,1,1,2.52562,133.702,1.56,PC
KIC_10854768,10854768,1,1,10.1172,137.443,4.597,PC
KIC_10854977,10854977,1,0,2.21082,132.031,7.886,AFP
KIC_10854977,10854977,2,0,2.21093,133.121,6.781,AFP
KIC_10875245,10875245,2,1,3.18002,133.5,3.536,PC
KIC_10875245,10875245,3,1,4.90144,133.704,4.164,PC
KIC_10875245,10875245,4,1,7.95823,137.81,4.504,PC
KIC_10876237,10876237,1,0,2.93187,132.322,1.608,AFP
KIC_10919230,10919230,1,0,459.321,260.216,5.622,NTP
KIC_10920086,10920086,1,0,3.21319,132.144,0.748,AFP
KIC_10920086,10920086,2,0,3.21318,133.485,10.15,AFP
KIC_10936786,10936786,1,0,0.56988,131.836,1.723,AFP
KIC_10937029,10937029,1,1,4.03047,134.817,2.792,PC
KIC_10937029,10937029,2,1,328.241,199.201,12.25,PC
KIC_10937527,10937527,1,0,4.11263,135.365,14.19,AFP
KIC_10987439,10987439,1,0,10.6746,138.885,3.792,AFP
KIC_10987439,10987439,2,0,10.6746,133.763,3.243,AFP
KIC_10987985,10987985,1,1,16.0131,144.333,3.191,PC
KIC_11021188,11021188,2,0,0.648006,131.792,1.246,AFP
KIC_11021188,11021188,3,0,0.647995,131.961,1.397,AFP
KIC_11021188,11021188,4,0,0.648016,132.108,1.5,AFP
KIC_11021252,11021252,1,0,3.26919,133.256,2.712,AFP
KIC_11021252,11021252,2,0,3.26919,131.622,1.969,AFP
KIC_10518735,10518735,1,0,19.515,136.216,4.609,AFP
KIC_10518735,10518735,2,0,19.515,132.598,5.249,AFP
KIC_10521496,10521496,1,0,2.60759,133.801,8.557,AFP
KIC_10521496,10521496,2,0,2.60929,132.718,9.559,AFP
KIC_10584140,10584140,1,1,4.3174,133.394,4.999,PC
KIC_10585738,10585738,1,0,0.636409,131.703,1.262,AFP
KIC_10585749,10585749,1,1,54.3338,144.751,9.906,PC
KIC_10604335,10604335,2,1,92.7501,173.272,7.334,PC
KIC_10651945,10651945,2,0,25.367,133.589,5.327,AFP
KIC_10651961,10651961,1,0,1.34496,132.334,4.396,NTP
KIC_10652379,10652379,1,0,3.31461,133.204,5.46,NTP
KIC_10652379,10652379,2,0,1.65735,131.73,4.602,NTP
KIC_10668233,10668233,1,0,1.19264,131.74,1.57,AFP
KIC_10668233,10668233,2,0,1.19265,132.343,3.078,AFP
KIC_10711551,10711551,2,0,10.6922,134.956,7.104,AFP
KIC_10711551,10711551,3,0,10.6925,139.712,15.0,AFP
KIC_10711913,10711913,1,0,19.408,135.392,6.086,AFP
KIC_10711913,10711913,2,0,19.408,144.11,4.472,AFP
KIC_10734935,10734935,2,0,0.655029,132.048,1.906,AFP
KIC_10734935,10734935,4,0,1.15587,132.362,3.5,NTP
KIC_10735331,10735331,1,0,213.399,274.21,6.496,AFP
KIC_10735519,10735519,1,0,1.81411,131.946,2.254,AFP
KIC_10777903,10777903,1,0,0.549878,131.989,0.9211,AFP
KIC_10777903,10777903,2,0,0.549869,131.576,1.537,AFP
KIC_10777903,10777903,3,0,0.549862,131.884,1.068,AFP
KIC_10777903,10777903,4,0,0.549878,131.709,2.0,AFP
KIC_10779233,10779233,1,1,201.119,187.567,10.85,PC
KIC_10810140,10810140,1,0,0.673623,131.852,3.585,NTP
KIC_10810838,10810838,1,1,56.3542,144.835,3.439,PC
KIC_10810859,10810859,1,1,82.4013,140.654,6.41,PC
KIC_10811496,10811496,1,1,19.8991,136.052,1.782,PC
KIC_10855545,10855545,1,1,37.5386,159.723,6.04,PC
KIC_10857342,10857342,1,0,2.41591,133.612,5.0,AFP
KIC_10857519,10857519,1,1,2.05336,132.457,2.293,PC
KIC_10857589,10857589,1,0,32.5325,147.077,13.4,AFP
KIC_10877024,10877024,1,0,0.78653,131.843,2.334,AFP
KIC_10877182,10877182,1,0,0.979418,131.839,2.414,NTP
KIC_10920086,10920086,3,0,3.21341,132.435,7.453,AFP
KIC_10920447,10920447,1,0,0.552551,131.751,1.717,AFP
KIC_10920447,10920447,2,0,0.552607,131.984,1.705,AFP
KIC_10920813,10920813,1,0,53.7411,184.816,38.66,AFP
KIC_10937527,10937527,2,0,4.11284,134.029,14.78,AFP
KIC_10937527,10937527,3,0,4.11275,132.653,12.26,AFP
KIC_10937628,10937628,1,0,5.3645,136.319,6.864,AFP
KIC_10988009,10988009,1,0,0.570392,131.534,1.805,NTP
KIC_10988009,10988009,2,0,1.71121,132.411,3.167,AFP
KIC_10988009,10988009,3,0,1.71126,131.783,2.756,AFP
KIC_11025754,11025754,1,0,0.775534,131.912,3.687,NTP
KIC_10524994,10524994,1,0,598.098,216.461,11.86,NTP
KIC_10525027,10525027,1,1,3.27347,134.445,1.671,PC
KIC_10525049,10525049,1,1,15.5713,136.585,2.319,PC
KIC_10525077,10525077,1,1,11.0069,135.987,4.846,PC
KIC_10549023,10549023,1,1,14.3627,141.436,4.609,PC
KIC_10549292,10549292,1,0,0.846076,132.184,2.621,AFP
KIC_10585852,10585852,1,1,8.57504,131.566,8.685,PC
KIC_10586004,10586004,1,1,15.792,145.235,7.4,PC
KIC_10586004,10586004,2,1,82.2012,208.784,10.58,PC
KIC_10586045,10586045,1,0,0.926431,132.312,1.526,AFP
KIC_10604521,10604521,1,1,0.868099,131.85,1.569,PC
KIC_10604592,10604592,1,1,2.18665,131.939,1.41,PC
KIC_10604747,10604747,1,0,1.97248,132.114,5.484,AFP
KIC_10653179,10653179,1,1,47.1607,150.256,4.232,PC
KIC_10656508,10656508,1,1,124.036,136.015,4.872,PC
KIC_10668665,10668665,1,0,9.60863,137.743,2.625,AFP
KIC_10669199,10669199,1,0,1.18292,132.169,2.744,AFP
KIC_10669199,10669199,2,0,1.18287,132.605,2.306,AFP
KIC_10713398,10713398,1,0,0.529561,132.02,1.482,AFP
KIC_10713398,10713398,2,0,0.529556,131.817,1.498,AFP
KIC_10713616,10713616,1,1,83.5782,202.457,7.109,PC
KIC_10735564,10735564,1,0,1.67499,131.791,4.114,AFP
KIC_10735575,10735575,1,0,0.83607,131.832,3.013,AFP
KIC_10735575,10735575,2,0,0.834978,131.97,3.0,AFP
KIC_10735757,10735757,1,0,2.1548,133.629,4.832,AFP
KIC_10779585,10779585,1,0,1.34806,131.534,2.231,AFP
KIC_10779585,10779585,2,0,1.34816,131.824,3.5,AFP
KIC_10783150,10783150,2,0,1.75095,133.173,5.067,AFP
KIC_10812504,10812504,1,0,79.9205,197.211,4.446,AFP
KIC_10857589,10857589,2,0,32.5325,133.536,17.74,AFP
KIC_10857698,10857698,1,0,1.17596,132.268,2.855,AFP
KIC_10857698,10857698,2,0,1.17617,131.882,2.953,AFP
KIC_10877669,10877669,1,0,0.873843,132.19,1.569,AFP
KIC_10877999,10877999,1,0,3.10169,133.168,10.06,AFP
KIC_10920813,10920813,2,0,53.7408,155.553,47.03,AFP
KIC_10921238,10921238,1,0,16.3178,140.77,28.77,NTP
KIC_10921757,10921757,1,0,1.79898,131.696,5.589,AFP
KIC_10937628,10937628,2,0,5.3646,135.337,11.02,AFP
KIC_10937749,10937749,1,1,5.19898,133.064,1.469,PC
KIC_10989032,10989032,1,0,2.30509,133.706,0.9299,AFP
KIC_10989032,10989032,2,0,2.30506,132.681,3.141,AFP
KIC_10989032,10989032,3,0,2.30509,132.395,1.321,AFP
KIC_10989032,10989032,4,0,2.30521,131.801,6.871,AFP
KIC_10989032,10989032,5,0,2.30498,133.302,7.5,AFP
KIC_11026304,11026304,1,1,13.3515,136.11,3.589,PC
KIC_11026582,11026582,1,1,240.572,239.5,11.09,PC
KIC_11027270,11027270,1,0,0.531076,131.539,1.904,AFP
KIC_11027270,11027270,2,0,0.533701,131.899,1.536,AFP
KIC_10525592,10525592,1,0,4.08143,135.327,7.512,AFP
KIC_10525592,10525592,2,0,1.63251,133.154,4.2,AFP
KIC_10525592,10525592,3,0,4.08171,132.753,4.58,AFP
KIC_10525592,10525592,4,0,1.63254,132.358,5.487,AFP
KIC_10549292,10549292,2,0,0.846061,132.487,2.575,AFP
KIC_10586045,10586045,2,0,0.926461,131.82,3.023,AFP
KIC_10586045,10586045,3,0,0.697864,131.631,2.014,NTP
KIC_10586208,10586208,1,1,23.5845,145.956,5.423,PC
KIC_10604747,10604747,2,0,1.97252,133.01,4.334,AFP
KIC_10656823,10656823,1,1,8.30785,137.94,3.235,PC
KIC_10656823,10656823,2,1,34.0967,153.82,3.894,PC
KIC_10657150,10657150,1,0,0.704712,132.037,2.103,AFP
KIC_10657150,10657150,2,0,0.70478,131.641,1.741,AFP
KIC_10669994,10669994,1,1,2.71599,132.37,1.852,PC
KIC_10670119,10670119,1,1,14.8715,137.693,2.414,PC
KIC_10670119,10670119,2,1,2.73275,132.748,1.102,PC
KIC_10714072,10714072,1,1,8.4069,133.427,1.86,PC
KIC_10717220,10717220,1,1,21.0907,133.968,4.744,PC
KIC_10717241,10717241,1,1,12.3765,142.276,2.756,PC
KIC_10717241,10717241,2,1,9.3405,135.128,2.692,PC
KIC_10735757,10735757,2,0,2.15504,132.332,4.984,AFP
KIC_10735757,10735757,3,0,2.15502,132.945,7.147,AFP
KIC_10735988,10735988,1,0,1.92718,132.573,2.622,AFP
KIC_10735988,10735988,2,0,1.92714,131.621,2.052,AFP
KIC_10783150,10783150,3,0,1.75093,132.026,6.134,AFP
KIC_10783150,10783150,4,0,1.7509,132.584,6.0,AFP
KIC_10784473,10784473,1,0,0.778276,132.245,2.776,AFP
KIC_10784473,10784473,2,0,0.778277,131.876,3.042,AFP
KIC_10785538,10785538,1,0,0.522449,131.665,1.033,AFP
KIC_10812657,10812657,1,0,1.03507,131.694,3.288,AFP
KIC_10812657,10812657,2,0,1.03507,132.224,3.449,AFP
KIC_10813078,10813078,1,1,10.5522,132.659,2.714,PC
KIC_10858691,10858691,1,1,3.46806,132.541,2.441,PC
KIC_10858691,10858691,2,1,1.7963,131.541,2.05,PC
KIC_10858691,10858691,3,1,5.91432,133.485,2.826,PC
KIC_10877999,10877999,2,0,3.10171,134.125,10.13,AFP
KIC_10877999,10877999,3,0,3.10157,132.137,7.455,AFP
KIC_10878263,10878263,1,1,7.17072,133.642,2.949,PC
KIC_10878263,10878263,2,1,4.69964,135.32,2.698,PC
KIC_10921757,10921757,2,0,1.79919,132.512,6.018,AFP
KIC_10921894,10921894,2,0,0.615081,131.734,2.0,AFP
KIC_10921894,10921894,3,0,0.615081,131.526,2.0,AFP
KIC_10959320,10959320,1,0,1.22277,131.956,2.026,AFP
KIC_10959320,10959320,2,0,2.44562,132.318,3.251,AFP
KIC_10959320,10959320,3,0,1.22276,132.658,2.384,AFP
KIC_10959320,10959320,4,0,2.44554,131.653,2.769,AFP
KIC_10989166,10989166,1,0,8.4803,135.846,6.0,AFP
KIC_10989859,10989859,1,0,1.03233,131.814,4.197,AFP
KIC_11027624,11027624,1,1,394.625,177.846,24.01,PC
KIC_11027708,11027708,1,0,582.612,421.743,5.621,NTP
KIC_10526549,10526549,1,1,9.27358,136.164,3.586,PC
KIC_10526887,10526887,1,1,1.45087,132.233,1.855,PC
KIC_10527135,10527135,1,0,0.657361,132.125,1.091,AFP
KIC_10549562,10549562,1,0,9.08939,139.083,5.735,AFP
KIC_10586744,10586744,1,1,21.3759,143.633,9.148,PC
KIC_10587105,10587105,1,1,1.98036,132.512,2.377,PC
KIC_10587105,10587105,2,1,12.8345,138.326,3.329,PC
KIC_10609641,10609641,2,0,0.627545,131.833,1.555,AFP
KIC_10609641,10609641,3,0,0.627577,132.014,1.5,AFP
KIC_10610039,10610039,1,1,105.996,144.426,3.567,PC
KIC_10611049,10611049,1,0,0.667864,132.18,2.194,AFP
KIC_10657406,10657406,1,1,34.1732,137.789,4.568,PC
KIC_10657406,10657406,2,1,1.68295,131.964,1.861,PC
KIC_10657634,10657634,1,0,1.96638,132.102,4.317,AFP
KIC_10670412,10670412,1,0,1.37828,131.922,4.417,AFP
KIC_10670412,10670412,2,0,1.37878,132.422,1.825,AFP
KIC_10674871,10674871,1,0,41.8898,172.0,1.268,AFP
KIC_10717871,10717871,2,0,0.789927,131.94,1.868,NTP
KIC_10718726,10718726,1,1,3.59577,134.412,3.07,PC
KIC_10736179,10736179,1,0,1.10507,132.557,2.4,AFP
KIC_10788451,10788451,2,0,0.855112,132.045,2.568,NTP
KIC_10788461,10788461,1,1,9.20817,135.748,3.247,PC
KIC_10788461,10788461,2,1,2.59067,132.21,2.249,PC
KIC_10813132,10813132,1,1,4.76703,132.694,2.059,PC
KIC_10813172,10813172,2,0,11.7466,135.288,7.44,NTP
KIC_10858691,10858691,4,1,29.2213,139.336,3.787,PC
KIC_10858737,10858737,1,0,0.952348,131.872,2.333,AFP
KIC_10858737,10858737,2,0,0.952359,132.338,2.193,AFP
KIC_10858785,10858785,1,0,0.952326,132.354,1.511,AFP
KIC_10879038,10879038,1,1,4.85389,135.091,3.008,PC
KIC_10879208,10879208,1,0,1.33696,132.828,1.046,AFP
KIC_10879213,10879213,1,0,0.668486,132.148,1.5,AFP
KIC_10879656,10879656,1,0,0.72971,132.078,1.425,AFP
KIC_10922506,10922506,1,0,8.8808,136.25,16.86,NTP
KIC_10922610,10922610,1,0,459.305,260.23,3.184,NTP
KIC_10922659,10922659,1,1,31.2543,155.046,5.697,PC
KIC_10960993,10960993,1,0,1.55855,131.567,2.816,AFP
KIC_10960995,10960995,1,0,1.55855,131.566,3.259,AFP
KIC_10963065,10963065,1,1,2.46502,132.681,1.29,PC
KIC_10989859,10989859,2,0,1.03223,132.421,2.648,AFP
KIC_10990083,10990083,1,0,4.01435,134.422,11.06,AFP
KIC_10990083,10990083,2,0,4.01417,133.13,11.34,AFP
KIC_11027729,11027729,1,0,4.87655,134.947,7.802,AFP
KIC_11027729,11027729,2,0,4.87554,134.027,15.13,AFP
KIC_11029626,11029626,1,0,3.54294,134.635,11.47,NTP
KIC_10527135,10527135,2,0,0.657359,131.792,1.187,AFP
KIC_10528068,10528068,1,1,158.685,173.952,11.64,PC
KIC_10528093,10528093,2,0,459.208,260.606,21.23,NTP
KIC_10549562,10549562,2,0,9.08934,134.518,4.547,AFP
KIC_10549576,10549576,1,0,9.08936,139.084,6.308,AFP
KIC_10549576,10549576,2,0,9.08933,134.519,6.189,AFP
KIC_10587105,10587105,3,0,35.8658,135.919,6.892,AFP
KIC_10590285,10590285,1,0,459.231,260.393,3.983,NTP
KIC_10590857,10590857,1,0,0.573394,131.816,1.663,NTP
KIC_10590857,10590857,2,0,3.85145,131.849,9.168,AFP
KIC_10611049,10611049,2,0,0.667844,131.859,2.736,AFP
KIC_10611420,10611420,1,0,11.5053,135.101,2.023,AFP
KIC_10657634,10657634,3,0,1.96661,132.455,3.007,AFP
KIC_10657664,10657664,1,0,3.2737,133.592,3.096,AFP
KIC_10657664,10657664,2,0,3.2737,131.954,3.039,AFP
KIC_10675762,10675762,2,0,0.78657,131.546,2.984,AFP
KIC_10675762,10675762,3,0,0.786569,131.764,1.513,AFP
KIC_10676014,10676014,1,1,16.7818,139.793,3.718,PC
KIC_10722485,10722485,1,1,7.84939,134.867,3.68,PC
KIC_10722668,10722668,1,0,0.889147,131.806,2.324,NTP
KIC_10723367,10723367,1,1,19.9865,135.529,3.36,PC
KIC_10741920,10741920,1,0,0.690188,132.167,2.051,AFP
KIC_10741920,10741920,2,0,0.690212,131.93,0.9557,AFP
KIC_10741920,10741920,3,0,0.690035,131.975,2.5,AFP
KIC_10741920,10741920,4,0,0.627905,131.589,1.877,NTP
KIC_10743597,10743597,1,1,16.1577,143.026,5.615,PC
KIC_10788461,10788461,3,1,5.32319,133.147,2.673,PC
KIC_10788617,10788617,1,0,686.09,185.729,11.6,NTP
KIC_10789361,10789361,1,0,0.960537,131.999,1.508,AFP
KIC_10813841,10813841,1,0,6.17043,132.405,2.152,AFP
KIC_10813970,10813970,1,0,0.514374,131.742,1.485,AFP
KIC_10813970,10813970,2,0,0.514378,131.532,0.8094,AFP
KIC_10813970,10813970,3,0,0.514368,131.85,1.446,AFP
KIC_10858785,10858785,2,0,0.952328,131.882,1.646,AFP
KIC_10858803,10858803,1,0,0.952353,132.342,2.518,AFP
KIC_10858803,10858803,2,0,0.952356,131.878,1.741,AFP
KIC_10879656,10879656,2,0,0.729717,131.708,1.365,AFP
KIC_10879833,10879833,1,0,485.583,254.72,9.8,NTP
KIC_10880041,10880041,1,0,1.4948,132.76,3.185,AFP
KIC_10923260,10923260,1,0,7.43602,136.518,4.172,AFP
KIC_10923260,10923260,2,0,7.43593,134.556,3.5,AFP
KIC_10923282,10923282,1,0,10.9241,132.892,15.98,AFP
KIC_10923282,10923282,2,0,10.9252,136.08,15.94,AFP
KIC_10963242,10963242,1,1,6.14701,135.07,3.225,PC
KIC_10964265,10964265,1,0,0.637719,131.948,1.422,AFP
KIC_10990452,10990452,1,0,0.565698,131.945,2.028,NTP
KIC_10990452,10990452,2,0,1.39493,132.564,2.479,AFP
KIC_10990452,10990452,3,0,1.395,131.842,6.936,AFP
KIC_11030475,11030475,1,1,2.81816,132.248,1.794,PC
KIC_11030475,11030475,2,1,0.761942,132.037,1.118,PC
KIC_11030711,11030711,1,1,205.913,252.739,10.33,PC
KIC_10528286,10528286,1,0,425.177,310.16,9.307,NTP
KIC_10528873,10528873,1,0,0.940256,132.171,2.241,AFP
KIC_10528873,10528873,2,0,0.940365,132.439,3.028,AFP
KIC_10549643,10549643,1,0,0.57234,131.867,1.786,AFP
KIC_10549643,10549643,2,0,0.572332,131.59,1.661,AFP
KIC_10549902,10549902,1,1,1.14111,132.256,1.572,PC
KIC_10549924,10549924,1,0,0.715803,132.074,1.231,AFP
KIC_10590857,10590857,3,0,3.85211,133.553,16.06,AFP
KIC_10590887,10590887,1,0,0.74372,131.603,1.524,AFP
KIC_10590887,10590887,2,0,0.743686,131.856,2.567,AFP
KIC_10590887,10590887,3,0,0.743697,132.116,2.561,AFP
KIC_10614012,10614012,1,0,132.132,149.189,26.09,AFP
KIC_10614158,10614158,1,0,4.46219,133.725,13.62,AFP
KIC_10657664,10657664,3,0,3.27434,133.733,10.87,AFP
KIC_10658122,10658122,1,0,1.71107,132.336,4.984,NTP
KIC_10658122,10658122,2,0,0.855429,132.049,3.869,NTP
KIC_10658177,10658177,1,1,113.086,217.133,9.795,PC
KIC_10676750,10676750,1,1,21.0868,135.563,0.9345,PC
KIC_10676824,10676824,1,1,6.45442,134.489,2.592,PC
KIC_10676923,10676923,1,0,1.03107,131.884,1.57,AFP
KIC_10676927,10676927,1,1,1.03103,131.935,2.126,PC
KIC_10723367,10723367,2,1,12.1258,142.109,3.383,PC
KIC_10723618,10723618,1,0,0.96844,132.233,3.578,AFP
KIC_10723618,10723618,2,0,0.968448,132.068,2.895,AFP
KIC_12737015,12737015,1,1,24.668,136.651,8.074,PC
KIC_12784167,12784167,1,1,1.84787,132.206,1.841,PC
KIC_12785320,12785320,1,1,19.9636,138.384,2.532,PC
KIC_12509829,12509829,2,0,0.888455,132.318,1.356,AFP
KIC_12553358,12553358,1,0,2.95232,133.324,5.132,AFP
KIC_12785320,12785320,2,1,57.3838,170.732,3.922,PC
KIC_12833566,12833566,1,0,0.896375,131.597,1.878,NTP
KIC_12833701,12833701,1,0,6.04689,131.996,17.41,NTP
KIC_12553358,12553358,2,0,2.95198,132.856,5.145,AFP
KIC_12554212,12554212,1,1,4.76821,131.85,2.391,PC
KIC_12554510,12554510,1,0,0.684457,131.921,2.246,AFP
KIC_12834874,12834874,1,1,7.6588,134.746,3.07,PC
KIC_12885086,12885086,1,0,0.567715,131.767,1.807,AFP
KIC_12554634,12554634,1,1,2.04958,132.331,0.9998,PC
KIC_12557548,12557548,1,1,0.653553,132.057,0.9589,PC
KIC_12885086,12885086,2,0,0.567806,131.993,1.641,AFP
KIC_12885212,12885212,1,0,2.05747,133.325,2.426,AFP
KIC_12885212,12885212,2,1,95.9071,226.913,3.851,PC
KIC_12557713,12557713,1,0,7.21472,132.499,2.38,AFP
KIC_12557713,12557713,2,0,7.21472,136.031,2.393,AFP
KIC_12935144,12935144,1,0,1.09928,132.607,1.688,AFP
KIC_12600735,12600735,1,1,21.3002,147.105,4.09,PC
KIC_12602191,12602191,1,0,616.722,327.892,15.94,NTP
KIC_12602314,12602314,1,1,1.40698,131.626,1.331,PC
KIC_12602335,12602335,1,0,0.679422,131.792,2.435,NTP
KIC_12602567,12602567,1,0,2.04742,131.877,3.088,NTP
KIC_12602567,12602567,2,0,0.511849,131.747,2.533,NTP
KIC_12602568,12602568,1,1,8.04727,137.207,4.376,PC
KIC_12643582,12643582,1,0,44.1458,167.391,4.062,AFP
KIC_12643589,12643589,1,0,44.146,167.389,3.74,AFP
KIC_12643589,12643589,2,0,1.41164,131.677,1.086,AFP
KIC_12643589,12643589,3,0,0.705962,131.616,1.879,NTP
KIC_12644769,12644769,1,0,41.0776,132.659,6.206,AFP
KIC_12644769,12644769,2,0,41.0778,152.717,4.57,AFP
KIC_12644822,12644822,1,1,12.6119,143.057,5.234,PC
KIC_12645057,12645057,1,1,6.83007,135.759,3.156,PC
KIC_12645761,12645761,1,0,2.70958,134.081,5.045,AFP
KIC_12647070,12647070,1,0,0.885457,131.654,3.161,AFP
KIC_12647070,12647070,2,0,0.885287,131.635,3.041,AFP
KIC_12647070,12647070,3,0,0.885518,131.874,1.676,AFP
KIC_12647577,12647577,1,1,12.6361,134.466,3.687,PC
KIC_12688835,12688835,2,0,1.18343,131.511,4.5,AFP
KIC_12688835,12688835,3,0,1.18342,132.029,2.991,AFP
KIC_12691412,12691412,1,0,6.90523,137.022,3.656,AFP
KIC_12735740,12735740,1,1,282.526,363.072,10.82,PC
KIC_12735830,12735830,1,1,31.8277,134.596,1.549,PC
KIC_12736658,12736658,1,0,0.855281,131.668,1.039,AFP
KIC_11924025,11924025,1,0,0.630531,132.09,2.07,NTP
KIC_11924025,11924025,2,0,0.808536,132.101,2.357,NTP
KIC_11924366,11924366,1,0,0.962041,131.707,3.07,AFP
KIC_11924366,11924366,2,0,0.962054,132.185,3.471,AFP
KIC_11924426,11924426,1,0,64.713,171.37,3.5,AFP
KIC_11971449,11971449,1,0,5.72792,135.823,14.94,AFP
KIC_12021387,12021387,1,0,241.071,223.993,9.881,AFP
KIC_12021625,12021625,1,1,15.9315,141.811,2.484,PC
KIC_12070811,12070811,1,1,12.3936,141.568,3.592,PC
KIC_12071006,12071006,1,0,6.09618,135.009,12.0,AFP
KIC_12071006,12071006,2,0,6.09611,131.975,15.31,AFP
KIC_12120307,12120307,2,1,12.1306,139.908,3.573,PC
KIC_12120307,12120307,3,1,5.61363,131.809,2.996,PC
KIC_12120484,12120484,1,1,17.2923,135.758,6.966,PC
KIC_12208631,12208631,1,1,53.3577,138.388,6.177,PC
KIC_12265150,12265150,1,0,1.686,133.063,1.091,AFP
KIC_12265786,12265786,1,1,0.597009,131.72,1.037,PC
KIC_12266636,12266636,1,1,33.3856,148.927,4.951,PC
KIC_12266636,12266636,2,1,12.6549,134.675,4.446,PC
KIC_12353648,12353648,3,0,0.504566,131.877,1.501,AFP
KIC_12353648,12353648,4,0,1.00914,131.747,2.0,NTP
KIC_12353720,12353720,1,0,1.95328,133.144,1.163,AFP
KIC_12353720,12353720,2,0,1.95327,132.169,1.147,AFP
KIC_12417739,12417739,2,0,3.2097,134.704,7.895,AFP
KIC_12418724,12418724,1,1,20.5533,139.562,5.069,PC
KIC_12418795,12418795,1,0,0.760919,131.642,1.572,AFP
KIC_12509148,12509148,3,0,1.93283,133.423,6.49,NTP
KIC_12509829,12509829,1,0,0.888456,131.877,1.359,AFP
KIC_11671429,11671429,2,0,112.464,167.684,19.27,AFP
KIC_11671579,11671579,1,1,5.17615,133.759,4.907,PC
KIC_11718389,11718389,1,1,5.94365,135.269,1.983,PC
KIC_11718839,11718839,1,0,0.538092,131.971,0.9012,AFP
KIC_11718839,11718839,2,0,0.538091,131.651,1.07,AFP
KIC_11768142,11768142,1,1,38.0973,140.003,3.164,PC
KIC_11768756,11768756,1,0,467.526,438.393,10.35,NTP
KIC_11768763,11768763,1,0,0.742102,131.802,2.073,NTP
KIC_11810124,11810124,1,1,11.6046,139.052,3.387,PC
KIC_11810124,11810124,2,1,3.63895,131.791,2.255,PC
KIC_11853255,11853255,1,1,2.24338,132.543,1.013,PC
KIC_11853878,11853878,1,1,3.693,132.734,1.753,PC
KIC_11853878,11853878,2,1,7.68434,133.36,1.199,PC
KIC_11908559,11908559,2,0,0.716007,131.785,2.115,AFP
KIC_11909375,11909375,1,0,2.02298,132.337,4.25,AFP
KIC_11909375,11909375,2,0,2.02286,132.028,2.118,AFP
KIC_11925068,11925068,1,0,1.37332,132.71,3.867,NTP
KIC_11953224,11953224,1,0,0.831951,131.962,2.783,NTP
KIC_11971449,11971449,2,0,5.72806,134.305,11.98,AFP
KIC_11971449,11971449,3,0,0.740436,131.803,2.436,NTP
KIC_11971490,11971490,1,0,3.22263,132.888,10.29,AFP
KIC_11971490,11971490,2,0,3.22302,132.489,23.34,AFP
KIC_12023078,12023078,1,0,0.623433,131.996,1.145,AFP
KIC_12071037,12071037,1,0,6.09598,135.036,8.037,AFP
KIC_12071317,12071317,1,0,4.2362,132.139,1.086,AFP
KIC_12071317,12071317,2,0,4.23622,132.459,9.297,AFP
KIC_12071317,12071317,3,0,4.23609,134.471,10.81,AFP
KIC_12120943,12120943,1,1,8.98128,139.28,4.918,PC
KIC_12121470,12121470,1,0,1.87736,132.264,1.54,AFP
KIC_12121570,12121570,1,1,91.5008,165.673,4.845,PC
KIC_12154526,12154526,1,1,56.1886,146.38,6.147,PC
KIC_12208769,12208769,1,0,4.18879,135.507,6.893,AFP
KIC_12208769,12208769,2,0,4.18921,134.528,5.311,AFP
KIC_12208769,12208769,3,0,4.18861,133.861,7.238,AFP
KIC_12208769,12208769,4,0,4.18676,132.885,9.728,AFP
KIC_12208887,12208887,1,0,53.5023,132.206,3.5,AFP
KIC_12267759,12267759,1,0,0.545027,131.644,1.801,AFP
KIC_12268190,12268190,1,0,0.995574,132.085,3.051,NTP
KIC_12268190,12268190,2,0,1.99145,132.469,3.505,NTP
KIC_12268220,12268220,1,0,4.42157,134.396,7.315,AFP
KIC_12356746,12356746,1,0,0.502454,131.921,1.616,AFP
KIC_12356746,12356746,2,0,0.501441,131.642,1.5,AFP
KIC_12356914,12356914,1,0,27.3083,143.495,3.0,AFP
KIC_12418891,12418891,1,0,0.760897,131.665,1.801,AFP
KIC_12418966,12418966,1,0,0.774811,131.736,2.697,NTP
KIC_12453581,12453581,1,1,11.9401,136.56,2.795,PC
KIC_11656928,11656928,2,0,5.8765,134.506,12.5,NTP
KIC_11656928,11656928,3,0,4.70108,134.225,14.49,NTP
KIC_11657371,11657371,1,0,0.841557,131.68,2.585,AFP
KIC_11657371,11657371,2,0,0.841565,132.093,2.195,AFP
KIC_11673674,11673674,1,0,4.61877,133.386,5.798,AFP
KIC_11673674,11673674,2,0,2.30934,133.4,5.184,AFP
KIC_11673686,11673686,1,0,4.61877,133.387,5.954,AFP
KIC_11718839,11718839,3,0,0.538101,131.739,1.369,AFP
KIC_11720424,11720424,1,1,23.9109,150.533,4.96,PC
KIC_11721834,11721834,1,0,1.33709,132.462,9.163,NTP
KIC_11768970,11768970,1,0,15.5414,141.956,2.43,AFP
KIC_11768970,11768970,2,0,15.5413,136.592,5.543,AFP
KIC_11769146,11769146,1,0,282.964,193.506,15.0,AFP
KIC_11769146,11769146,2,0,282.964,350.44,9.0,AFP
KIC_11769689,11769689,1,1,14.718,135.649,5.889,PC
KIC_11811193,11811193,1,1,6.11786,133.617,3.419,PC
KIC_11811382,11811382,1,0,19.3846,142.393,2.196,NTP
KIC_11853878,11853878,3,1,5.70938,137.126,1.632,PC
KIC_11853905,11853905,1,1,3.21367,133.253,4.007,PC
KIC_11909686,11909686,1,1,185.953,288.874,3.625,PC
KIC_11953224,11953224,3,0,0.693253,131.78,2.152,NTP
KIC_11954651,11954651,1,0,0.510237,131.86,0.9662,AFP
KIC_11954651,11954651,2,0,0.510233,131.613,0.8241,AFP
KIC_11971494,11971494,1,0,3.22283,134.549,4.565,AFP
KIC_11971494,11971494,2,0,3.22292,133.97,5.708,AFP
KIC_11971494,11971494,3,0,3.22291,131.886,7.07,AFP
KIC_12023089,12023089,1,0,0.623441,131.992,1.271,AFP
KIC_12024018,12024018,1,0,1.37035,132.22,5.185,NTP
KIC_12024120,12024120,1,1,3.56807,134.069,3.299,PC
KIC_12071754,12071754,1,1,5.47456,133.559,3.787,PC
KIC_12072666,12072666,1,0,1.59907,132.63,10.76,NTP
KIC_12072872,12072872,1,1,2.46286,132.811,1.738,PC
KIC_12154526,12154526,2,1,3.18894,133.535,2.572,PC
KIC_12154526,12154526,3,1,1.72111,132.762,1.675,PC
KIC_12208887,12208887,2,0,53.5018,159.447,11.78,AFP
KIC_12208887,12208887,3,0,80.2516,158.735,15.0,NTP
KIC_12216210,12216210,1,0,1.25643,132.749,1.322,AFP
KIC_12216210,12216210,2,0,3.9933,133.667,3.552,AFP
KIC_12216210,12216210,3,0,1.25467,132.733,2.525,AFP
KIC_12268220,12268220,2,0,4.42153,132.193,5.998,AFP
KIC_12268319,12268319,1,0,3.63083,133.874,7.091,AFP
KIC_12268319,12268319,2,0,3.63066,132.896,5.007,AFP
KIC_12268319,12268319,3,0,3.63072,135.081,8.854,AFP
KIC_12356914,12356914,2,0,27.3086,132.16,10.72,AFP
KIC_12356914,12356914,3,0,355.013,307.543,12.0,NTP
KIC_12356914,12356914,4,0,436.628,362.133,9.027,NTP
KIC_12356914,12356914,5,0,54.6166,143.301,10.5,NTP
KIC_12454461,12454461,1,1,7.46721,136.39,3.527,PC
KIC_11657371,11657371,3,0,1.19774,132.689,2.587,AFP
KIC_11657371,11657371,4,0,1.19768,132.178,4.5,AFP
KIC_11657614,11657614,1,1,5.94224,133.809,2.333,PC
KIC_11657614,11657614,2,1,24.3524,147.195,2.584,PC
KIC_11673686,11673686,2,0,2.30942,133.377,5.372,AFP
KIC_11673802,11673802,1,1,5.28788,135.366,8.406,PC
KIC_11700185,11700185,1,0,3.61622,134.659,11.75,NTP
KIC_11722906,11722906,1,0,1.69088,131.882,4.384,NTP
KIC_11723564,11723564,1,0,0.755221,131.939,2.422,NTP
KIC_11723564,11723564,2,0,0.583106,131.639,1.656,AFP
KIC_11723564,11723564,3,0,0.583149,131.791,1.397,AFP
KIC_11769890,11769890,1,1,122.88,165.46,7.907,PC
KIC_11769929,11769929,1,0,1.07556,131.735,3.188,AFP
KIC_11769929,11769929,2,0,1.07556,132.086,3.821,AFP
KIC_11769929,11769929,3,0,1.0756,132.433,3.236,AFP
KIC_11811856,11811856,1,0,10.0024,131.82,14.23,NTP
KIC_11812062,11812062,1,1,3.72873,134.506,2.613,PC
KIC_11812199,11812199,1,0,37.3204,135.426,7.225,AFP
KIC_11855538,11855538,1,0,2.52121,132.866,1.727,AFP
KIC_11856076,11856076,1,0,604.984,349.426,8.55,NTP
KIC_11856178,11856178,1,1,9.13317,139.982,2.19,PC
KIC_11858541,11858541,1,0,5.67435,135.755,4.132,AFP
KIC_11909839,11909839,1,0,10.406,135.573,6.509,AFP
KIC_11910220,11910220,1,0,4.16942,132.281,9.342,AFP
KIC_11910220,11910220,2,0,4.16827,135.147,13.88,AFP
KIC_11954842,11954842,1,1,12.985,139.78,3.386,PC
KIC_11955499,11955499,1,0,9.0419,137.866,2.175,AFP
KIC_11957183,11957183,1,0,2.05394,132.228,6.0,AFP
KIC_11972526,11972526,1,0,0.675228,131.621,2.476,AFP
KIC_11972526,11972526,2,0,0.675029,132.125,1.802,AFP
KIC_11972666,11972666,1,0,1.09173,132.166,1.797,AFP
KIC_12055539,12055539,1,1,12.2706,137.573,3.145,PC
KIC_12073334,12073334,1,0,0.606407,131.703,2.376,NTP
KIC_12104951,12104951,1,0,4.73676,132.116,9.054,AFP
KIC_12156174,12156174,1,1,56.6749,160.446,5.9,PC
KIC_12156347,12156347,1,1,5.77956,136.53,2.142,PC
KIC_12157971,12157971,1,0,0.577841,131.875,1.497,AFP
KIC_12216210,12216210,4,0,3.99327,133.205,2.36,AFP
KIC_12216210,12216210,5,0,0.838304,131.633,3.858,NTP
KIC_12216278,12216278,1,0,2.01949,132.928,3.538,AFP
KIC_12216706,12216706,1,0,1.47107,132.274,3.577,AFP
KIC_12268408,12268408,1,0,369.848,260.695,14.75,NTP
KIC_12268579,12268579,1,0,1.20252,131.807,1.778,AFP
KIC_12365000,12365000,1,0,1.26272,132.204,0.8948,NTP
KIC_12365000,12365000,2,0,0.631396,131.572,2.0,NTP
KIC_12365015,12365015,1,0,0.594733,132.125,3.339,AFP
KIC_12365015,12365015,2,0,0.595865,131.939,1.503,AFP
KIC_12455315,12455315,1,0,4.18711,133.522,6.77,NTP
KIC_12456063,12456063,1,1,17.8008,134.377,6.406,PC
KIC_11657891,11657891,1,1,2.51461,132.912,1.611,PC
KIC_11658996,11658996,1,0,0.726834,131.551,2.063,AFP
KIC_11658996,11658996,2,0,0.726847,131.793,2.532,AFP
KIC_11700370,11700370,2,0,0.613008,132.087,1.634,NTP
KIC_11700604,11700604,1,0,0.552074,131.816,3.962,NTP
KIC_11701407,11701407,1,1,18.8264,134.7,2.356,PC
KIC_11724091,11724091,1,0,1.55908,131.778,4.335,AFP
KIC_11724091,11724091,2,0,1.5591,132.539,3.5,AFP
KIC_11724210,11724210,1,0,5.74602,132.042,3.596,AFP
KIC_11770258,11770258,1,0,0.541443,131.955,2.0,AFP
KIC_11770258,11770258,2,0,0.541426,131.694,2.141,AFP
KIC_11771430,11771430,1,1,40.0307,148.857,4.847,PC
KIC_11771931,11771931,1,0,0.981332,132.107,2.597,AFP
KIC_11812199,11812199,2,0,37.3203,139.66,10.52,AFP
KIC_11815158,11815158,1,0,0.534387,131.597,1.01,AFP
KIC_11815158,11815158,2,0,0.534387,131.748,0.7831,AFP
KIC_11816957,11816957,1,0,5.90244,132.215,12.64,NTP
KIC_11858541,11858541,2,0,5.67436,133.118,3.942,AFP
KIC_11858741,11858741,1,0,1.78096,131.532,3.298,AFP
KIC_11858741,11858741,2,0,1.78099,132.402,2.5,AFP
KIC_11858748,11858748,1,0,1.78098,131.521,1.944,AFP
KIC_11858979,11858979,1,1,3.05917,131.797,0.9757,PC
KIC_11911561,11911561,1,1,8.87042,137.481,0.9505,PC
KIC_11911580,11911580,1,0,359.045,393.9,15.96,AFP
KIC_11957183,11957183,2,0,2.05379,133.319,6.636,AFP
KIC_11957286,11957286,1,0,0.953737,131.56,2.115,NTP
KIC_11959569,11959569,1,0,46.1482,173.24,12.0,AFP
KIC_11959569,11959569,2,0,46.1481,146.4,12.5,AFP
KIC_11974540,11974540,1,1,24.6692,132.864,6.984,PC
KIC_12056139,12056139,1,1,13.2275,137.718,6.132,PC
KIC_12058147,12058147,1,1,1.54317,131.569,2.501,PC
KIC_12104951,12104951,2,0,4.73633,135.36,14.53,AFP
KIC_12104951,12104951,3,0,4.73741,133.673,13.13,AFP
KIC_12105051,12105051,1,1,2.62423,132.307,1.302,PC
KIC_12157983,12157983,1,0,0.577843,131.883,1.426,AFP
KIC_12158032,12158032,1,0,0.577823,131.89,1.981,AFP
KIC_12159249,12159249,1,1,3.74443,133.562,2.914,PC
KIC_12268579,12268579,2,0,1.20247,132.452,1.542,AFP
KIC_12300524,12300524,1,1,32.0334,146.811,5.26,PC
KIC_12301181,12301181,1,1,6.14728,134.877,2.748,PC
KIC_12301181,12301181,2,1,2.18573,132.439,1.536,PC
KIC_12365184,12365184,1,1,69.7254,196.109,3.678,PC
KIC_12365420,12365420,1,0,0.693625,131.738,1.807,AFP
KIC_12365420,12365420,2,0,0.693625,132.066,2.053,AFP
KIC_12366084,12366084,1,1,4.43123,135.566,3.154,PC
KIC_12456601,12456601,1,1,15.6459,146.049,3.899,PC
KIC_12458437,12458437,1,0,4.16483,132.639,8.32,AFP
KIC_11658996,11658996,3,0,0.726831,132.066,2.17,AFP
KIC_11661993,11661993,1,0,0.544906,132.04,1.797,AFP
KIC_11661993,11661993,2,0,0.544988,131.71,1.641,AFP
KIC_11662184,11662184,1,1,27.5721,145.401,5.184,PC
KIC_11702948,11702948,1,1,9.77146,135.585,1.789,PC
KIC_11704044,11704044,1,0,6.88259,134.058,3.5,AFP
KIC_11704044,11704044,2,0,13.7649,139.715,4.813,NTP
KIC_11704044,11704044,3,0,6.88275,134.276,15.0,AFP
KIC_11724210,11724210,2,0,5.74603,134.914,3.452,AFP
KIC_11725829,11725829,1,0,0.527211,131.908,1.676,AFP
KIC_11725829,11725829,2,0,0.527204,131.582,1.404,AFP
KIC_11771931,11771931,2,0,0.981238,131.775,3.117,AFP
KIC_11772971,11772971,1,0,0.866418,131.587,3.824,AFP
KIC_11772971,11772971,2,0,0.866414,132.014,4.269,AFP
KIC_11818607,11818607,1,1,5.05678,134.378,3.561,PC
KIC_11860395,11860395,1,1,82.3035,159.049,13.8,PC
KIC_11861572,11861572,1,0,5.65049,132.5,14.0,NTP
KIC_11911580,11911580,2,0,359.032,415.494,29.58,AFP
KIC_11912911,11912911,1,0,3.74784,134.184,4.05,AFP
KIC_11912916,11912916,1,0,3.74782,134.186,3.827,AFP
KIC_11959893,11959893,1,0,2.9085,133.204,4.822,NTP
KIC_11960862,11960862,1,1,6.57531,134.183,4.371,PC
KIC_11974942,11974942,1,0,5.203,134.131,8.205,AFP
KIC_11974942,11974942,2,0,5.20246,132.109,12.63,AFP
KIC_11974942,11974942,3,0,5.20438,135.885,11.86,AFP
KIC_11975363,11975363,1,0,1.7592,132.657,2.5,AFP
KIC_12058204,12058204,1,1,5.53538,132.757,2.876,PC
KIC_12058204,12058204,2,1,16.7231,143.789,4.484,PC
KIC_12058931,12058931,1,1,20.6842,149.507,6.41,PC
KIC_12058931,12058931,2,1,9.82578,141.252,4.904,PC
KIC_12105259,12105259,1,0,0.93111,131.789,2.765,AFP
KIC_12105259,12105259,2,0,0.931039,132.471,0.6886,AFP
KIC_12105259,12105259,3,0,0.931133,132.083,3.5,AFP
KIC_12105785,12105785,1,0,31.953,142.708,8.127,AFP
KIC_12164564,12164564,1,1,3.35179,131.659,2.079,PC
KIC_12164634,12164634,1,0,89.3312,142.317,11.33,AFP
KIC_12217866,12217866,1,0,523.804,364.105,6.233,NTP
KIC_12217866,12217866,2,0,557.512,355.579,14.57,NTP
KIC_12217907,12217907,1,0,43.2046,146.598,15.08,AFP
KIC_12302530,12302530,1,1,5.93119,133.279,2.308,PC
KIC_12302530,12302530,2,1,52.6616,183.52,3.155,PC
KIC_12366084,12366084,2,1,11.3794,133.851,2.764,PC
KIC_12366757,12366757,1,0,627.077,158.489,10.35,NTP
KIC_12458437,12458437,2,0,4.16455,133.693,6.067,AFP
KIC_12458437,12458437,3,0,4.16456,134.565,12.21,AFP
KIC_12458437,12458437,4,0,45.1185,135.18,4.568,NTP
KIC_12458605,12458605,1,1,7.78566,137.919,7.217,PC
KIC_11662440,11662440,1,0,13.6395,144.531,3.166,AFP
KIC_11662440,11662440,2,0,13.6395,140.505,3.733,AFP
KIC_11662513,11662513,1,0,0.651257,131.606,1.984,AFP
KIC_11704336,11704336,1,0,3.33128,132.623,6.391,NTP
KIC_11705004,11705004,1,1,9.03338,137.171,2.573,PC
KIC_11751652,11751652,1,0,585.57,241.462,10.59,NTP
KIC_11751939,11751939,1,0,7.49431,138.156,13.97,NTP
KIC_11751939,11751939,2,0,3.74633,132.789,14.27,NTP
KIC_11773022,11773022,1,1,130.178,212.035,8.305,PC
KIC_11773022,11773022,2,1,45.1553,159.107,5.822,PC
KIC_11773022,11773022,3,1,85.3167,209.996,2.692,PC
KIC_11818800,11818800,1,1,40.4195,133.145,3.32,PC
KIC_11818872,11818872,1,1,12.7372,136.022,3.531,PC
KIC_11819135,11819135,1,0,1.90166,132.826,2.438,AFP
KIC_11819135,11819135,2,0,1.90286,132.863,6.0,AFP
KIC_11867071,11867071,1,0,3.9638,135.027,3.082,AFP
KIC_11867071,11867071,2,0,3.96386,133.209,2.5,AFP
KIC_11868514,11868514,1,0,1.10428,131.645,2.84,AFP
KIC_11868514,11868514,2,0,1.09525,131.768,4.631,AFP
KIC_11868514,11868514,3,0,0.968268,132.347,2.19,NTP
KIC_11912932,11912932,1,0,3.74788,134.176,3.586,AFP
KIC_11912941,11912941,1,0,3.74781,134.201,3.361,AFP
KIC_11912987,11912987,1,0,3.74787,134.187,3.214,AFP
KIC_11913012,11913012,1,0,3.74784,134.187,3.566,AFP
KIC_11961072,11961072,1,0,0.83751,131.567,6.296,NTP
KIC_11962284,11962284,1,1,8.83916,135.551,1.963,PC
KIC_11963206,11963206,1,1,3.00911,131.629,2.213,PC
KIC_12004594,12004594,1,0,3.14814,132.34,12.44,NTP
KIC_12004680,12004680,1,0,2.52118,132.879,2.597,AFP
KIC_12004689,12004689,1,0,2.52128,132.857,1.619,AFP
KIC_12061096,12061096,1,0,15.0503,141.538,1.886,AFP
KIC_12061222,12061222,1,1,17.2052,140.649,3.69,PC
KIC_12061238,12061238,1,0,1.87641,133.129,1.636,AFP
KIC_12061605,12061605,1,0,8.19028,135.099,17.54,AFP
KIC_12105785,12105785,2,0,31.953,157.168,3.845,AFP
KIC_12106875,12106875,1,0,5.93716,135.964,4.669,AFP
KIC_12106929,12106929,1,0,5.93719,135.953,4.642,AFP
KIC_12164634,12164634,2,0,89.3314,204.186,11.81,AFP
KIC_12164770,12164770,1,0,2.6301,132.229,6.646,AFP
KIC_12165113,12165113,1,0,0.557576,131.95,1.673,AFP
KIC_12217907,12217907,2,0,43.2046,160.913,7.507,AFP
KIC_12218917,12218917,1,0,459.265,260.307,4.165,NTP
KIC_12251650,12251650,1,0,17.762,138.659,2.478,AFP
KIC_12251779,12251779,1,0,14.8442,134.234,6.836,AFP
KIC_12303426,12303426,1,0,0.988113,131.833,3.143,AFP
KIC_12303426,12303426,2,0,0.988106,132.329,3.776,AFP
KIC_12367310,12367310,1,0,8.6275,139.989,4.593,AFP
KIC_12367310,12367310,2,0,8.62742,135.744,5.142,AFP
KIC_12367464,12367464,1,0,1.85321,132.248,1.674,AFP
KIC_12458666,12458666,1,0,5.71635,134.256,15.32,NTP
KIC_12459731,12459731,1,0,14.1801,143.135,4.689,AFP
KIC_11662513,11662513,2,0,0.651256,132.032,2.077,AFP
KIC_11662513,11662513,3,0,0.651286,131.798,1.605,AFP
KIC_11665531,11665531,1,0,0.555071,131.572,1.219,AFP
KIC_11706518,11706518,1,0,6.93654,132.306,15.18,AFP
KIC_11706518,11706518,2,0,6.93708,137.888,12.27,AFP
KIC_11752358,11752358,1,0,1.82999,133.151,1.954,NTP
KIC_11752632,11752632,1,1,0.984907,132.348,1.728,PC
KIC_11752906,11752906,1,1,6.38316,132.306,1.825,PC
KIC_11773245,11773245,1,0,3.29736,133.741,11.26,NTP
KIC_11773328,11773328,1,1,8.71044,134.615,0.8199,PC
KIC_11773460,11773460,1,0,12.4214,132.694,14.05,AFP
KIC_11773460,11773460,2,0,12.4221,133.764,15.57,AFP
KIC_11820820,11820820,1,0,2.24305,133.019,2.384,AFP
KIC_11820820,11820820,3,0,2.24305,133.362,2.023,AFP
KIC_11869052,11869052,1,0,20.546,137.902,2.158,AFP
KIC_11869257,11869257,1,0,459.27,260.307,2.949,NTP
KIC_11870545,11870545,1,1,0.839948,132.164,1.276,PC
KIC_11872139,11872139,1,0,1.7565,132.006,3.322,AFP
KIC_11913012,11913012,2,0,3.74782,132.32,4.039,AFP
KIC_11913013,11913013,1,0,3.74785,134.185,2.933,AFP
KIC_11913013,11913013,2,0,3.74776,132.326,4.149,AFP
KIC_11913052,11913052,1,0,3.74789,134.169,3.464,AFP
KIC_11966253,11966253,1,0,0.643456,131.845,1.209,AFP
KIC_11967004,11967004,1,0,1.94164,133.107,2.305,AFP
KIC_11967004,11967004,2,0,1.94163,132.141,2.173,AFP
KIC_12004971,12004971,1,1,10.8131,131.663,1.252,PC
KIC_12008727,12008727,1,0,493.081,183.731,13.09,NTP
KIC_12008872,12008872,1,1,14.8879,141.945,4.872,PC
KIC_12061605,12061605,2,0,8.19103,132.649,14.33,AFP
KIC_12061756,12061756,1,0,1.5566,132.471,1.951,AFP
KIC_12061756,12061756,2,0,1.55667,131.873,2.029,AFP
KIC_12061969,12061969,1,1,14.0941,141.102,5.507,PC
KIC_12106929,12106929,2,0,5.93717,132.986,3.798,AFP
KIC_12106934,12106934,1,0,5.9372,135.952,4.962,AFP
KIC_12107008,12107008,1,0,5.93722,135.948,4.103,AFP
KIC_12107021,12107021,1,0,5.93722,135.952,3.701,AFP
KIC_12165113,12165113,2,0,0.557472,132.118,2.352,AFP
KIC_12165113,12165113,3,0,0.55759,131.738,1.501,AFP
KIC_12166770,12166770,1,0,0.741162,131.929,2.336,NTP
KIC_12251779,12251779,2,0,14.8442,145.231,5.445,AFP
KIC_12252424,12252424,1,1,4.754,133.3,2.479,PC
KIC_12252424,12252424,2,1,8.92507,139.714,2.581,PC
KIC_12367464,12367464,2,0,1.85322,133.174,1.181,AFP
KIC_12400538,12400538,1,1,150.242,138.29,11.0,PC
KIC_12400729,12400729,1,0,0.931828,131.535,1.425,AFP
KIC_12400729,12400729,2,0,0.931675,131.626,0.704,AFP
KIC_12459731,12459731,2,0,14.1804,135.776,5.547,AFP
KIC_12459913,12459913,1,1,12.9138,138.535,5.157,PC
KIC_12469800,12469800,1,1,1.30201,131.941,1.375,PC
KIC_11665531,11665531,2,0,0.555268,131.689,1.539,AFP
KIC_11665531,11665531,3,0,0.555229,132.001,2.108,AFP
KIC_11706658,11706658,1,0,1.40793,132.27,1.208,AFP
KIC_11706658,11706658,2,0,1.40794,131.629,1.402,AFP
KIC_11706658,11706658,3,0,1.40791,131.536,1.5,AFP
KIC_11708170,11708170,1,0,1.2124,132.574,2.432,AFP
KIC_11708170,11708170,2,0,1.21245,132.244,3.009,AFP
KIC_11752906,11752906,2,1,20.6184,145.503,4.051,PC
KIC_11752908,11752908,1,0,6.38315,132.306,1.72,AFP
KIC_11754430,11754430,1,1,39.8191,166.646,10.81,PC
KIC_11754430,11754430,2,1,6.15843,135.495,4.785,PC
KIC_11773909,11773909,1,0,1.45719,131.788,2.443,AFP
KIC_11773909,11773909,2,0,1.45718,132.093,1.977,AFP
KIC_11820830,11820830,1,0,12.7319,138.732,3.297,AFP
KIC_11820830,11820830,2,0,12.732,138.833,18.02,AFP
KIC_11821140,11821140,1,0,0.539916,132.003,1.402,AFP
KIC_11872512,11872512,1,0,0.817284,131.795,3.952,NTP
KIC_11913072,11913072,1,0,3.74789,134.177,3.193,AFP
KIC_11913073,11913073,1,0,3.74782,134.191,4.075,AFP
KIC_11967356,11967356,1,0,0.536509,131.898,1.716,AFP
KIC_11967356,11967356,2,0,0.53652,131.583,1.315,AFP
KIC_11967758,11967758,2,0,0.613692,131.912,2.043,NTP
KIC_12009347,12009347,1,0,5.44771,133.577,1.482,AFP
KIC_12009347,12009347,2,0,5.44773,136.299,1.108,AFP
KIC_12009584,12009584,1,0,492.889,590.396,14.2,NTP
KIC_12010534,12010534,1,0,2.58159,132.949,4.801,AFP
KIC_12061969,12061969,2,1,1.09,131.585,1.337,PC
KIC_12062339,12062339,1,0,686.072,164.699,11.76,NTP
KIC_12062660,12062660,1,0,2.9293,133.717,6.533,AFP
KIC_12062660,12062660,2,0,2.92934,132.237,5.61,AFP
KIC_12108293,12108293,1,0,0.705389,131.721,1.638,AFP
KIC_12108293,12108293,2,0,0.705403,132.068,1.682,AFP
KIC_12108312,12108312,1,0,0.705429,131.704,1.092,AFP
KIC_12108364,12108364,1,0,0.705441,131.692,2.0,AFP
KIC_12167361,12167361,1,0,47.9309,179.096,2.652,AFP
KIC_12167585,12167585,1,0,576.584,136.302,6.36,NTP
KIC_12253106,12253106,1,0,4.09041,131.739,10.21,NTP
KIC_12253474,12253474,1,0,6.42295,135.552,1.183,AFP
KIC_12253490,12253490,1,1,19.1598,141.568,3.098,PC
KIC_12306058,12306058,1,1,7.41676,137.966,7.027,PC
KIC_12306058,12306058,2,1,20.4851,146.93,10.37,PC
KIC_12400984,12400984,1,0,1.91726,132.981,1.436,AFP
KIC_12400984,12400984,2,0,1.91726,131.569,1.402,AFP
KIC_12470041,12470041,1,0,14.6677,139.162,2.4,AFP
KIC_12470317,12470317,1,0,0.537281,131.762,1.417,AFP
KIC_12470317,12470317,2,0,0.537526,131.894,0.5862,AFP
KIC_12470317,12470317,3,0,0.537276,131.639,1.685,AFP
KIC_12470530,12470530,1,0,8.2072,135.829,2.5,AFP
KIC_11666104,11666104,2,0,1.2668,132.475,2.349,AFP
KIC_11666104,11666104,3,0,1.26681,131.83,2.207,AFP
KIC_11666141,11666141,1,0,6.53716,133.164,14.27,NTP
KIC_11666141,11666141,2,0,13.0725,137.231,16.02,NTP
KIC_11708170,11708170,4,0,0.538853,132.026,2.0,NTP
KIC_11708238,11708238,2,0,0.888311,132.026,3.002,AFP
KIC_11754553,11754553,1,1,7.87742,136.989,2.255,PC
KIC_11754553,11754553,2,1,16.3848,139.959,3.036,PC
KIC_11754553,11754553,3,1,36.4453,151.603,3.942,PC
KIC_11754974,11754974,1,0,0.544365,132.013,1.993,AFP
KIC_11774303,11774303,1,1,0.61408,131.857,1.136,PC
KIC_11774387,11774387,1,0,0.520148,131.864,1.16,AFP
KIC_11821140,11821140,2,0,0.539991,131.691,1.714,AFP
KIC_11821363,11821363,1,1,8.19592,136.692,2.728,PC
KIC_11822666,11822666,2,0,0.954535,132.279,1.477,AFP
KIC_11872848,11872848,1,0,0.728988,131.817,2.464,AFP
KIC_11872848,11872848,2,0,0.729036,132.172,2.711,AFP
KIC_11918099,11918099,1,1,2.33743,132.027,2.06,PC
KIC_11918099,11918099,2,1,7.24063,137.76,0.7162,PC
KIC_11967788,11967788,1,1,7.2353,133.122,3.232,PC
KIC_11967788,11967788,2,1,4.93209,132.456,3.589,PC
KIC_11968439,11968439,1,0,1.34864,132.787,1.374,AFP
KIC_12010534,12010534,2,0,2.58159,131.658,4.566,AFP
KIC_12011851,12011851,1,0,1.01178,132.363,3.475,AFP
KIC_12011851,12011851,2,0,1.01176,131.877,3.176,AFP
KIC_12062667,12062667,1,0,2.92936,133.704,4.15,AFP
KIC_12066335,12066335,1,1,19.2715,148.232,2.771,PC
KIC_12109267,12109267,1,1,79.3331,144.028,11.26,PC
KIC_12109421,12109421,1,0,0.577847,131.88,2.14,AFP
KIC_12109845,12109845,1,0,0.865964,132.046,1.576,AFP
KIC_12168993,12168993,1,1,4.21225,132.927,6.734,PC
KIC_12169181,12169181,2,0,0.519284,131.779,1.544,NTP
KIC_12253769,12253769,1,1,20.5515,141.079,3.953,PC
KIC_12254378,12254378,1,1,2.03228,132.333,1.685,PC
KIC_12254389,12254389,1,0,1.241,132.105,4.483,AFP
KIC_12306699,12306699,1,0,3.20423,133.82,2.332,AFP
KIC_12314444,12314444,1,0,389.188,510.94,11.79,NTP
KIC_12401132,12401132,1,1,7.62971,136.453,3.976,PC
KIC_12401863,12401863,1,1,2.83266,131.825,2.329,PC
KIC_12403119,12403119,1,1,76.1362,199.478,8.157,PC
KIC_12470530,12470530,2,0,8.20726,133.627,3.552,AFP
KIC_12470530,12470530,3,0,8.20771,135.577,15.0,AFP
KIC_12470709,12470709,1,0,0.512169,131.691,1.324,AFP
KIC_12470709,12470709,2,0,0.512179,131.945,1.893,AFP
KIC_11666429,11666429,2,0,0.996565,132.218,3.616,NTP
KIC_11708238,11708238,3,0,0.888322,131.718,2.986,AFP
KIC_11709059,11709059,1,0,4.50673,135.494,15.41,NTP
KIC_11709124,11709124,1,1,20.5498,137.849,5.643,PC
KIC_11754974,11754974,2,0,0.544387,131.722,2.0,AFP
KIC_11756821,11756821,1,0,2.74512,133.619,2.97,AFP
KIC_11756821,11756821,2,0,2.74511,132.248,2.192,AFP
KIC_11774387,11774387,2,0,0.520206,131.872,1.167,AFP
KIC_11774991,11774991,1,1,37.8156,141.102,4.461,PC
KIC_11774991,11774991,2,1,53.5787,171.18,5.445,PC
KIC_11775354,11775354,1,0,0.711713,131.868,1.723,AFP
KIC_11822666,11822666,3,0,0.954504,131.832,1.676,AFP
KIC_11822789,11822789,1,0,0.648291,131.539,1.409,AFP
KIC_11822789,11822789,2,0,0.648308,132.077,1.615,AFP
KIC_11822789,11822789,3,0,0.648289,131.944,1.353,AFP
KIC_11873171,11873171,1,0,0.734417,131.928,1.525,AFP
KIC_11874338,11874338,1,0,15.9751,135.719,2.506,AFP
KIC_11874338,11874338,2,0,15.9754,141.275,3.334,AFP
KIC_11874577,11874577,1,1,34.4585,147.826,7.319,PC
KIC_11919829,11919829,2,0,451.605,385.971,11.67,NTP
KIC_11919968,11919968,1,0,1.15463,131.968,3.257,AFP
KIC_11968439,11968439,2,0,1.34876,131.833,2.946,AFP
KIC_11968439,11968439,3,0,1.34867,132.307,4.64,AFP
KIC_11968463,11968463,1,1,10.0439,132.647,4.694,PC
KIC_11968463,11968463,2,1,15.1623,144.469,6.039,PC
KIC_12016267,12016267,1,1,22.7916,134.408,9.86,PC
KIC_12017109,12017109,1,1,9.75372,134.061,2.286,PC
KIC_12066335,12066335,2,1,10.0653,136.288,1.336,PC
KIC_12066447,12066447,1,0,0.904486,132.141,3.381,NTP
KIC_12066569,12066569,1,1,49.2766,157.026,3.678,PC
KIC_12110786,12110786,1,0,1.11224,131.834,1.453,AFP
KIC_12110942,12110942,1,1,3.68993,133.465,2.541,PC
KIC_12170648,12170648,1,0,0.599386,132.025,0.9254,AFP
KIC_12170648,12170648,2,0,0.599392,131.718,0.773,AFP
KIC_12254389,12254389,2,0,1.24094,132.67,3.312,AFP
KIC_12254419,12254419,1,0,1.13293,132.488,4.329,NTP
KIC_12254688,12254688,1,0,62.6823,182.231,1.605,AFP
KIC_12314580,12314580,1,0,3.189,134.498,7.896,NTP
KIC_12314750,12314750,1,0,3.34512,132.259,9.956,AFP
KIC_12314750,12314750,2,0,3.34659,133.797,6.398,AFP
KIC_12314973,12314973,1,1,28.4549,148.251,8.125,PC
KIC_12404086,12404086,1,1,26.3943,149.661,3.533,PC
KIC_12404305,12404305,1,1,22.1833,147.313,5.233,PC
KIC_12470844,12470844,1,1,8.47239,131.799,2.82,PC
KIC_12470844,12470844,2,1,60.4191,181.16,5.057,PC
KIC_12470954,12470954,1,1,1.90221,132.406,2.182,PC
KIC_11666429,11666429,4,0,4.85307,135.455,15.0,NTP
KIC_11666503,11666503,3,0,0.602972,131.638,1.92,NTP
KIC_11709124,11709124,2,1,62.3026,179.098,7.49,PC
KIC_11709124,11709124,3,1,3.93275,134.653,2.913,PC
KIC_11709124,11709124,5,1,9.91941,136.872,4.234,PC
KIC_11757451,11757451,1,1,177.67,264.238,9.083,PC
KIC_11775354,11775354,2,0,0.711695,132.117,1.991,AFP
KIC_11775507,11775507,1,0,2.20481,131.978,7.978,AFP
KIC_11775507,11775507,2,0,2.20453,133.225,6.822,AFP
KIC_11823054,11823054,1,1,4.30213,134.722,1.988,PC
KIC_11823054,11823054,2,1,3.13784,133.556,1.926,PC
KIC_11823836,11823836,1,0,0.563026,132.355,1.326,AFP
KIC_11874676,11874676,1,0,0.533645,131.91,1.13,AFP
KIC_11874676,11874676,2,0,0.533648,131.553,0.9128,AFP
KIC_11874676,11874676,3,0,0.533643,131.738,1.316,AFP
KIC_11875511,11875511,1,0,67.4516,167.511,3.489,AFP
KIC_11919968,11919968,2,0,1.15457,132.669,2.909,AFP
KIC_11920497,11920497,1,0,1.66836,132.289,4.134,AFP
KIC_11920497,11920497,2,0,1.66832,131.508,6.0,AFP
KIC_11920541,11920541,1,0,4.42382,134.458,13.27,AFP
KIC_11920541,11920541,2,0,4.42414,135.882,14.46,AFP
KIC_11968463,11968463,3,0,0.646743,132.026,1.103,AFP
KIC_11968463,11968463,4,1,56.4162,163.109,7.206,PC
KIC_11968463,11968463,5,1,27.9036,154.945,5.653,PC
KIC_12017140,12017140,1,0,22.8452,149.957,5.306,AFP
KIC_12017140,12017140,2,0,22.8452,137.376,5.695,AFP
KIC_12017750,12017750,2,0,490.246,251.076,9.632,NTP
KIC_12066629,12066629,1,0,1.09835,131.953,3.006,AFP
KIC_12066629,12066629,2,0,1.09835,132.531,3.861,AFP
KIC_12067780,12067780,1,0,0.594021,131.594,1.889,AFP
KIC_12111004,12111004,2,0,0.972699,132.3,3.216,NTP
KIC_12115188,12115188,1,0,0.990855,131.978,1.217,AFP
KIC_12115188,12115188,2,0,0.990871,132.467,1.205,AFP
KIC_12115810,12115810,1,0,0.62549,131.623,1.5,NTP
KIC_12202143,12202143,2,0,0.578376,131.605,1.43,AFP
KIC_12202143,12202143,3,0,0.578377,131.96,1.108,AFP
KIC_12254752,12254752,1,0,0.851447,131.629,3.132,NTP
KIC_12254792,12254792,1,1,40.4286,139.508,6.499,PC
KIC_12254909,12254909,1,1,5.34977,133.886,4.263,PC
KIC_12255382,12255382,1,0,0.999321,131.631,1.441,AFP
KIC_12314973,12314973,2,1,15.4131,136.942,6.568,PC
KIC_12316431,12316431,1,0,17.9077,139.744,5.331,AFP
KIC_12316447,12316447,1,0,17.9076,139.746,3.5,AFP
KIC_12404890,12404890,2,0,459.338,260.18,3.763,NTP
KIC_12404954,12404954,1,1,3.24755,132.308,2.52,PC
KIC_12405333,12405333,1,1,0.764874,132.123,1.326,PC
KIC_12504988,12504988,1,0,5.09394,134.624,3.946,AFP
KIC_12504988,12504988,2,0,5.09394,132.078,3.461,AFP
KIC_12505076,12505076,1,1,11.9297,136.675,6.207,PC
KIC_11666881,11666881,1,1,4.91955,134.608,4.22,PC
KIC_11667548,11667548,1,0,0.831749,132.07,1.102,AFP
KIC_11668602,11668602,1,0,3.45918,132.087,11.74,AFP
KIC_11709244,11709244,1,1,4.54443,134.902,1.758,PC
KIC_11709244,11709244,2,1,12.7622,143.728,1.797,PC
KIC_11709244,11709244,3,1,38.7148,134.034,3.701,PC
KIC_11758544,11758544,1,1,2.7073,132.433,3.386,PC
KIC_11759297,11759297,1,0,0.503719,131.71,1.477,AFP
KIC_11759297,11759297,2,0,0.503721,131.87,1.5,AFP
KIC_11759297,11759297,3,0,0.503719,131.549,1.504,AFP
KIC_11802615,11802615,1,1,28.8624,149.622,5.253,PC
KIC_11802766,11802766,1,0,6.51012,134.728,10.55,AFP
KIC_11823836,11823836,2,0,0.562237,132.004,1.917,AFP
KIC_11824218,11824218,1,0,15.8413,145.459,1.803,AFP
KIC_11824222,11824222,1,0,15.8413,145.459,1.84,AFP
KIC_11875511,11875511,2,0,67.4511,151.966,8.799,AFP
KIC_11875734,11875734,1,1,99.7469,208.395,6.306,PC
KIC_11876098,11876098,1,0,10.3641,136.408,15.68,AFP
KIC_11920541,11920541,3,0,4.42386,133.02,11.87,AFP
KIC_11920542,11920542,1,0,0.834296,132.204,5.71,NTP
KIC_11922283,11922283,1,0,1.32945,132.269,2.748,AFP
KIC_11968463,11968463,6,1,6.06361,136.146,2.565,PC
KIC_11968513,11968513,1,0,1.03656,132.098,2.304,AFP
KIC_11968513,11968513,2,0,1.0381,132.014,1.25,AFP
KIC_12017894,12017894,1,0,0.917248,131.639,2.993,AFP
KIC_12017894,12017894,2,0,0.917185,132.092,3.496,AFP
KIC_12017921,12017921,1,0,3.18638,134.196,7.111,AFP
KIC_12017921,12017921,2,0,3.18557,132.723,10.96,AFP
KIC_12067780,12067780,2,0,0.594006,131.803,1.996,AFP
KIC_12067780,12067780,3,0,0.844605,132.292,1.5,NTP
KIC_12068180,12068180,2,0,0.756472,131.651,0.7037,AFP
KIC_12116380,12116380,1,1,4.33945,132.803,2.298,PC
KIC_12116489,12116489,1,1,25.3029,137.453,4.515,PC
KIC_12204137,12204137,1,1,9.54055,131.917,1.691,PC
KIC_12206271,12206271,1,0,1.53362,132.271,2.482,AFP
KIC_12255382,12255382,2,0,0.999309,132.14,1.519,AFP
KIC_12256520,12256520,1,1,33.2407,143.468,5.465,PC
KIC_12316447,12316447,2,0,17.9077,134.895,5.738,AFP
KIC_12316447,12316447,3,0,17.9081,139.953,12.0,AFP
KIC_12317342,12317342,1,0,1.46866,132.055,4.812,AFP
KIC_12317342,12317342,2,0,1.46879,132.401,2.459,AFP
KIC_12405950,12405950,1,0,3.53964,132.774,1.07,AFP
KIC_12405950,12405950,2,0,3.53961,134.365,0.9761,AFP
KIC_12505503,12505503,1,1,3.43279,132.909,4.068,PC
KIC_11668602,11668602,2,0,3.45972,133.694,11.88,AFP
KIC_11668950,11668950,1,0,3.87369,133.347,12.08,AFP
KIC_11668950,11668950,2,0,3.87336,135.27,9.624,AFP
KIC_11709423,11709423,1,0,0.768939,131.736,0.7058,AFP
KIC_11710462,11710462,1,0,0.605356,132.064,1.5,NTP
KIC_11710462,11710462,2,0,0.525053,131.941,2.094,NTP
KIC_11760231,11760231,1,1,49.6077,138.415,2.963,PC
KIC_11760312,11760312,1,0,0.929537,131.569,1.345,AFP
KIC_11760312,11760312,2,0,0.929541,132.03,1.968,AFP
KIC_11802766,11802766,2,0,6.51077,133.551,14.16,AFP
KIC_11802860,11802860,1,0,0.557307,131.577,1.321,AFP
KIC_11802860,11802860,2,0,0.557298,131.98,1.5,AFP
KIC_11824786,11824786,1,1,12.9412,139.899,4.641,PC
KIC_11824964,11824964,1,0,0.691025,132.082,1.954,AFP
KIC_11824964,11824964,2,0,0.691019,131.626,1.443,AFP
KIC_11876098,11876098,2,0,10.3631,133.34,15.4,AFP
KIC_11876098,11876098,3,0,10.3624,137.773,13.87,AFP
KIC_11904151,11904151,1,1,45.2943,138.678,6.954,PC
KIC_11904151,11904151,2,1,0.837479,131.583,1.544,PC
KIC_11922283,11922283,2,0,1.32942,131.637,5.378,AFP
KIC_11922648,11922648,1,0,1.75643,132.057,1.608,AFP
KIC_11922678,11922678,1,0,1.75644,132.038,3.092,AFP
KIC_11968514,11968514,1,0,1.0366,132.09,1.431,AFP
KIC_11969092,11969092,1,0,0.63843,131.598,0.9364,AFP
KIC_11969092,11969092,2,0,0.638428,131.813,0.791,AFP
KIC_11969092,11969092,3,0,0.63843,132.023,0.9229,AFP
KIC_12018805,12018805,1,0,510.293,194.165,13.61,NTP
KIC_12019440,12019440,1,1,3.24326,133.669,3.041,PC
KIC_12020218,12020218,1,1,21.3588,135.067,6.076,PC
KIC_12068180,12068180,3,0,0.756483,132.185,0.582,AFP
KIC_12068180,12068180,4,0,0.756481,131.861,1.493,AFP
KIC_12068975,12068975,1,1,10.3498,132.663,4.333,PC
KIC_12068975,12068975,2,1,5.59931,132.281,3.764,PC
KIC_12117689,12117689,2,0,0.716073,132.116,1.713,AFP
KIC_12117689,12117689,3,0,0.716137,131.726,2.548,AFP
KIC_12206271,12206271,2,0,1.53365,132.834,2.753,AFP
KIC_12206271,12206271,3,0,1.53371,131.974,3.308,AFP
KIC_12206313,12206313,1,1,14.3833,140.569,8.761,PC
KIC_12206313,12206313,2,1,47.3188,170.074,11.19,PC
KIC_12257449,12257449,2,0,4.64624,134.154,16.47,NTP
KIC_12257449,12257449,3,0,0.52476,131.9,1.783,NTP
KIC_12257851,12257851,1,0,1.30796,132.403,1.749,AFP
KIC_12257886,12257886,1,0,2.61584,132.429,6.036,AFP
KIC_12349560,12349560,1,1,43.3971,153.937,5.045,PC
KIC_12351927,12351927,1,0,10.1161,139.983,2.715,AFP
KIC_12406610,12406610,1,0,575.39,185.568,11.97,NTP
KIC_12406749,12406749,1,1,56.3584,165.963,6.518,PC
KIC_12406807,12406807,1,1,17.0678,145.568,5.909,PC
KIC_12505654,12505654,1,1,5.18672,134.997,0.814,PC
KIC_12506342,12506342,1,0,1.22776,132.56,1.694,AFP
KIC_12506351,12506351,1,0,1.22776,132.558,2.528,AFP
KIC_11669125,11669125,1,1,70.698,188.569,6.586,PC
KIC_11669239,11669239,1,1,41.8854,136.808,6.756,PC
KIC_11669239,11669239,2,1,13.8173,135.032,4.174,PC
KIC_11670125,11670125,1,1,1.21701,132.028,1.33,PC
KIC_11713924,11713924,1,0,3.34576,134.42,10.27,NTP
KIC_11713981,11713981,1,0,4.27563,131.92,13.58,NTP
KIC_11714150,11714150,2,0,0.588541,131.874,1.686,NTP
KIC_11760312,11760312,3,0,3.39713,132.154,6.856,AFP
KIC_11760312,11760312,4,0,3.39697,134.46,6.767,AFP
KIC_11760860,11760860,1,1,2.4166,131.539,2.028,PC
KIC_11804465,11804465,1,1,4.43796,135.505,4.679,PC
KIC_11805075,11805075,1,1,199.839,225.359,4.384,PC
KIC_11807274,11807274,1,1,9.37663,136.954,2.238,PC
KIC_11825955,11825955,3,0,1.05367,131.531,2.315,NTP
KIC_11904734,11904734,1,0,12.6817,132.682,1.323,AFP
KIC_11905011,11905011,1,1,5.65177,132.72,2.942,PC
KIC_11922722,11922722,1,0,1.75645,132.039,3.207,AFP
KIC_11922778,11922778,1,1,65.4281,176.265,9.417,PC
KIC_11923213,11923213,1,1,27.2021,151.866,2.099,PC
KIC_11969988,11969988,1,1,2.19067,132.023,4.065,PC
KIC_11970050,11970050,1,1,13.1751,138.04,1.912,PC
KIC_11970288,11970288,1,0,3.21415,134.226,6.271,AFP
KIC_12020252,12020252,1,0,417.621,454.205,7.756,NTP
KIC_12020329,12020329,1,1,7.27505,133.619,7.533,PC
KIC_12020365,12020365,1,0,1.87675,131.541,5.202,AFP
KIC_12068975,12068975,3,1,15.6775,132.439,5.286,PC
KIC_12068975,12068975,4,1,25.2108,154.395,7.196,PC
KIC_12069252,12069252,1,0,0.547174,131.714,0.8469,AFP
KIC_12117945,12117945,1,0,459.292,260.253,5.0,NTP
KIC_12119295,12119295,1,0,0.989836,132.515,2.24,AFP
KIC_12119295,12119295,2,0,0.990122,132.124,2.89,AFP
KIC_12206313,12206313,3,1,184.262,255.227,11.82,PC
KIC_12207099,12207099,1,0,1.42253,132.076,1.4,AFP
KIC_12207099,12207099,2,0,1.42258,132.64,2.378,AFP
KIC_12207117,12207117,1,0,1.60318,131.565,0.7415,AFP
KIC_12257999,12257999,1,1,18.556,132.064,5.238,PC
KIC_12351927,12351927,2,0,10.1161,134.884,2.466,AFP
KIC_12352290,12352290,1,0,5.22503,136.365,14.63,NTP
KIC_12352485,12352485,1,0,376.025,145.718,10.23,NTP
KIC_12352520,12352520,1,1,4.57704,132.095,0.9781,PC
KIC_12407623,12407623,1,0,1.18114,132.435,1.198,AFP
KIC_12416661,12416661,1,1,8.05331,134.962,5.415,PC
KIC_12506770,12506770,1,1,2.80622,133.737,1.727,PC
KIC_12507325,12507325,1,0,1.08642,132.022,3.415,NTP
KIC_11670599,11670599,1,0,0.847565,131.574,1.757,AFP
KIC_11670605,11670605,1,0,36.9789,140.399,15.5,NTP
KIC_11671226,11671226,1,0,2.95715,133.925,1.738,AFP
KIC_11714231,11714231,1,1,5.86612,136.344,3.798,PC
KIC_11716643,11716643,1,1,466.003,434.999,9.05,PC
KIC_11760959,11760959,1,1,3.4702,134.009,2.3,PC
KIC_11761199,11761199,1,0,213.611,141.652,10.61,AFP
KIC_11761199,11761199,2,0,213.553,257.963,11.16,AFP
KIC_11807274,11807274,2,1,7.81284,133.555,3.859,PC
KIC_11807603,11807603,1,0,1.57301,131.726,1.008,NTP
KIC_11826400,11826400,1,0,5.88937,134.78,4.935,AFP
KIC_11826400,11826400,2,0,5.88937,131.835,4.759,AFP
KIC_11826440,11826440,1,0,0.967265,131.854,1.878,AFP
KIC_11905398,11905398,1,1,24.7965,131.914,3.043,PC
KIC_11905409,11905409,1,1,18.0938,139.019,3.478,PC
KIC_11923270,11923270,1,1,11.5982,134.003,2.434,PC
KIC_11923284,11923284,1,1,2.75797,131.882,2.059,PC
KIC_11923562,11923562,1,0,0.739446,132.115,2.373,AFP
KIC_11970288,11970288,3,0,3.21359,133.628,8.623,AFP
KIC_11970288,11970288,4,0,3.21386,132.458,8.22,AFP
KIC_11970988,11970988,1,1,2.31482,133.049,2.136,PC
KIC_12020365,12020365,2,0,1.877,132.043,4.225,AFP
KIC_12020590,12020590,1,0,0.720722,132.116,1.297,AFP
KIC_12020590,12020590,2,0,0.720718,131.77,1.348,AFP
KIC_12069252,12069252,2,0,0.547132,132.048,1.025,AFP
KIC_12069252,12069252,3,0,0.547128,131.895,1.5,AFP
KIC_12069414,12069414,1,1,0.589435,131.834,1.17,PC
KIC_12069786,12069786,1,0,1.53327,131.881,3.057,AFP
KIC_12069786,12069786,2,0,1.53353,132.833,4.853,AFP
KIC_12119295,12119295,3,0,0.990007,131.646,2.805,AFP
KIC_12120077,12120077,1,0,0.667703,131.811,1.863,AFP
KIC_12120077,12120077,2,0,0.667727,131.735,2.43,AFP
KIC_12120077,12120077,3,0,0.667715,132.141,2.5,AFP
KIC_12120307,12120307,1,1,8.00507,138.71,3.39,PC
KIC_12258330,12258330,1,0,2.49721,133.263,5.849,AFP
KIC_12258330,12258330,2,0,2.4971,132.099,5.588,AFP
KIC_12353501,12353501,1,0,459.293,260.238,6.815,NTP
KIC_12353633,12353633,1,0,0.684479,131.923,2.34,AFP
KIC_12353648,12353648,1,0,0.504559,131.629,1.024,AFP
KIC_12353648,12353648,2,0,0.504567,131.998,1.5,AFP
KIC_12416987,12416987,1,1,119.083,163.566,2.702,PC
KIC_12417370,12417370,1,0,595.156,334.679,6.405,NTP
KIC_12417486,12417486,1,0,155.042,213.499,9.772,AFP
KIC_12417739,12417739,1,0,3.21083,133.037,3.099,AFP
KIC_12508335,12508335,1,0,42.9438,155.207,3.739,AFP
KIC_12508604,12508604,2,0,0.557521,131.722,2.0,NTP
KIC_11671226,11671226,2,0,2.95712,133.423,2.034,AFP
KIC_11671226,11671226,3,0,2.95715,134.109,1.91,AFP
KIC_11671226,11671226,4,0,2.9571,131.665,3.333,AFP
KIC_11671226,11671226,5,0,2.95717,134.355,2.0,AFP
KIC_11671429,11671429,1,0,112.464,197.558,32.0,AFP
KIC_11717240,11717240,1,0,1.0355,131.652,3.416,NTP
KIC_11718144,11718144,1,1,16.4581,134.022,2.013,PC
KIC_11764462,11764462,1,1,5.6992,136.586,2.457,PC
KIC_11766996,11766996,1,0,2.57015,132.004,6.296,AFP
KIC_11766996,11766996,2,0,2.56923,133.713,5.313,AFP
KIC_11766996,11766996,3,0,2.56924,132.789,7.603,AFP
KIC_11826440,11826440,2,0,0.96713,132.414,2.152,AFP
KIC_11852982,11852982,1,1,13.815,139.681,2.526,PC
KIC_11853130,11853130,1,1,76.8794,146.882,2.357,PC
KIC_11905761,11905761,1,0,3.58024,135.071,11.99,AFP
KIC_11905761,11905761,2,0,3.58033,133.312,13.26,AFP
KIC_11908559,11908559,1,0,0.716006,132.019,2.069,AFP
KIC_11923562,11923562,2,0,0.739472,131.618,2.146,AFP
KIC_11923819,11923819,1,0,33.1595,159.812,9.132,AFP
KIC_11923819,11923819,2,0,33.1592,137.774,11.94,AFP
